Workbook

Sheet 遗迹配置表
A1: convert(ResCity.proto,table_RelicConfData, RelicConfData.pbin)
A2: ID | B2: 是否生效 | C2: 奖励id | D2: 倒计时 | G2: 坐标 | H2: 坐标 | I2: 坐标 | K2: 宽度 | L2: 长度 | N2: 标题文本 | O2: 内容文本 | P2: 形象路径 | Q2: 宽度 | R2: 长度 | S2: 特效路径 | T2: 特效大小 | U2: 气泡偏移 | V2: 气泡偏移 | W2: 气泡偏移 | X2: 标题偏移X | Y2: 标题偏移Y | Z2: 标题偏移Z
A3: id | B3: isAvailable | C3: rewardId | D3: countDownSec | G3: posX | H3: posY | I3: posZ | K3: xSize | L3: zSize | N3: title | O3: content | P3: path | Q3: xSize | R3: zSize | S3: fxPath | T3: fxScale | U3: bubbleX | V3: bubbleY | W3: bubbleZ | X3: titleX | Y3: titleY | Z3: titleZ
A4: 1 | B4: 0 | C4: 1700001 | D4: 30 | E4: 小上左 | F4: 2小 | G4: -45 | H4: 0 | I4: -33 | J4: 1 | K4: =VLOOKUP($M4,'#Sheet2'!$E$4:$I$10,4,FALSE) -> 2 | L4: =VLOOKUP($M4,'#Sheet2'!$E$4:$I$10,4,FALSE) -> 2 | M4: p_citiruin_7.prefab | N4: 战争痕迹 | O4: 这里发生过防守蛮族的战斗， | P4: bundle/environment/building/ruins/p_citiruin_7.prefab.k | Q4: =VLOOKUP($M4,'#Sheet2'!$E$4:$I$10,4,FALSE) -> 2 | R4: =VLOOKUP($M4,'#Sheet2'!$E$4:$I$10,4,FALSE) -> 2 | S4: bundle/effects/scene/p_dianji01_2x2.prefab.k | T4: =R4+1 -> 3 | U4: 0 | V4: 8 | W4: 0 | X4: 0 | Y4: 6 | Z4: 0
A5: 2 | B5: 0 | C5: 1700001 | D5: 60 | E5: 小上左2长 | F5: 3小 | G5: -36 | H5: 0 | I5: -45 | J5: 1 | K5: =VLOOKUP($M5,'#Sheet2'!$E$4:$I$10,4,FALSE) -> 2 | L5: =VLOOKUP($M5,'#Sheet2'!$E$4:$I$10,4,FALSE) -> 2 | M5: p_citiruin_7.prefab | N5: 战争痕迹 | O5: 这里发生过防守蛮族的战斗， | P5: bundle/environment/building/ruins/p_citiruin_7.prefab.k | Q5: =VLOOKUP($M5,'#Sheet2'!$E$4:$I$10,4,FALSE) -> 2 | R5: =VLOOKUP($M5,'#Sheet2'!$E$4:$I$10,4,FALSE) -> 2 | S5: bundle/effects/scene/p_dianji01_2x2.prefab.k | T5: =R5+1 -> 3 | U5: 0 | V5: 8 | W5: 0 | X5: 0 | Y5: 6 | Z5: 0
A6: 3 | B6: 0 | C6: 1700001 | D6: 420 | E6: 大左1 | F6: 最后时刻 | G6: -19.5 | H6: 0 | I6: -58.5 | J6: 1 | K6: =VLOOKUP($M6,'#Sheet2'!$E$4:$I$10,4,FALSE) -> 3 | L6: =VLOOKUP($M6,'#Sheet2'!$E$4:$I$10,4,FALSE) -> 3 | M6: p_cityruin_2.prefab | N6: 古代遗迹 | O6: 这里看起来有些年头了， | P6: bundle/environment/building/ruins/p_cityruin_2.prefab.k | Q6: =VLOOKUP($M6,'#Sheet2'!$E$4:$I$10,4,FALSE) -> 3 | R6: =VLOOKUP($M6,'#Sheet2'!$E$4:$I$10,4,FALSE) -> 3 | S6: bundle/effects/scene/p_dianji01_2x2.prefab.k | T6: =R6+1 -> 4 | U6: 0 | V6: 8 | W6: 0 | X6: 0 | Y6: 6 | Z6: 0
A7: 4 | B7: 0 | C7: 1700001 | D7: 180 | E7: 小下左 | F7: 普通 | G7: 69 | H7: 0 | I7: -9 | J7: 1 | K7: =VLOOKUP($M7,'#Sheet2'!$E$4:$I$10,4,FALSE) -> 2 | L7: =VLOOKUP($M7,'#Sheet2'!$E$4:$I$10,4,FALSE) -> 2 | M7: p_citiruin_7.prefab | N7: 战争痕迹 | O7: 这里发生过防守蛮族的战斗， | P7: bundle/environment/building/ruins/p_citiruin_7.prefab.k | Q7: =VLOOKUP($M7,'#Sheet2'!$E$4:$I$10,4,FALSE) -> 2 | R7: =VLOOKUP($M7,'#Sheet2'!$E$4:$I$10,4,FALSE) -> 2 | S7: bundle/effects/scene/p_dianji01_2x2.prefab.k | T7: =R7+1 -> 3 | U7: 0 | V7: 8 | W7: 0 | X7: 0 | Y7: 6 | Z7: 0
A8: 5 | B8: 0 | C8: 1700001 | D8: 3 | E8: 中大左 | F8: 普通 | G8: 21 | H8: 0 | I8: -69 | J8: 1 | K8: =VLOOKUP($M8,'#Sheet2'!$E$4:$I$10,4,FALSE) -> 2 | L8: =VLOOKUP($M8,'#Sheet2'!$E$4:$I$10,4,FALSE) -> 2 | M8: p_citiruin_6.prefab | N8: 战争痕迹 | O8: 这里发生过防守蛮族的战斗， | P8: bundle/environment/building/ruins/p_citiruin_6.prefab.k | Q8: =VLOOKUP($M8,'#Sheet2'!$E$4:$I$10,4,FALSE) -> 2 | R8: =VLOOKUP($M8,'#Sheet2'!$E$4:$I$10,4,FALSE) -> 2 | S8: bundle/effects/scene/p_dianji01_2x2.prefab.k | T8: =R8+1 -> 3 | U8: 0 | V8: 8 | W8: 0 | X8: 0 | Y8: 6 | Z8: 0
A9: 7 | B9: 0 | C9: 1700001 | D9: 420 | E9: 大下右 | F9: 隐藏的最后时刻 | G9: 61.5 | H9: 0 | I9: 55.5 | J9: 1 | K9: =VLOOKUP($M9,'#Sheet2'!$E$4:$I$10,4,FALSE) -> 3 | L9: =VLOOKUP($M9,'#Sheet2'!$E$4:$I$10,4,FALSE) -> 3 | M9: p_cityruin_2.prefab | N9: 古代遗迹 | O9: 这里看起来有些年头了， | P9: bundle/environment/building/ruins/p_cityruin_2.prefab.k | Q9: =VLOOKUP($M9,'#Sheet2'!$E$4:$I$10,4,FALSE) -> 3 | R9: =VLOOKUP($M9,'#Sheet2'!$E$4:$I$10,4,FALSE) -> 3 | S9: bundle/effects/scene/p_dianji01_2x2.prefab.k | T9: =R9+1 -> 4 | U9: 0 | V9: 8 | W9: 0 | X9: 0 | Y9: 6 | Z9: 0
A10: 8 | B10: 0 | C10: 1700001 | D10: 300 | E10: 右铁匠 | F10: 最后时刻 | G10: 24 | H10: 0 | I10: 54 | J10: 1 | K10: =VLOOKUP($M10,'#Sheet2'!$E$4:$I$10,4,FALSE) -> 4 | L10: =VLOOKUP($M10,'#Sheet2'!$E$4:$I$10,4,FALSE) -> 4 | M10: p_cityruin_4.prefab | N10: 破旧铁匠铺 | O10: 炉火看起来再也没办法点燃了， | P10: bundle/environment/building/ruins/p_cityruin_4.prefab.k | Q10: =VLOOKUP($M10,'#Sheet2'!$E$4:$I$10,4,FALSE) -> 4 | R10: =VLOOKUP($M10,'#Sheet2'!$E$4:$I$10,4,FALSE) -> 4 | S10: bundle/effects/scene/p_dianji01_2x2.prefab.k | T10: =R10+1 -> 5 | U10: 0 | V10: 8 | W10: 0 | X10: 0 | Y10: 6 | Z10: 0
A11: 9 | B11: 0 | C11: 1700001 | D11: 10 | E11: 外下小 | G11: 141 | H11: -9 | I11: -21 | J11: 2 | K11: =VLOOKUP($M11,'#Sheet2'!$E$4:$I$10,4,FALSE) -> 2 | L11: =VLOOKUP($M11,'#Sheet2'!$E$4:$I$10,4,FALSE) -> 2 | M11: p_cityruin_5.prefab | N11: 小型遗迹 | O11: 这里看起来有些年头了， | P11: bundle/environment/building/ruins/p_cityruin_5.prefab.k | Q11: =VLOOKUP($M11,'#Sheet2'!$E$4:$I$10,4,FALSE) -> 2 | R11: =VLOOKUP($M11,'#Sheet2'!$E$4:$I$10,4,FALSE) -> 2 | S11: bundle/effects/scene/p_dianji01_2x2.prefab.k | T11: =R11+1 -> 3 | U11: 0 | V11: 8 | W11: 0 | X11: 0 | Y11: 6 | Z11: 0
A12: 10 | B12: 0 | C12: 1700001 | D12: =2*3600 -> 7200 | E12: 外下房舍 | G12: 106.5 | H12: -9 | I12: -80.5 | J12: 2 | K12: =VLOOKUP($M12,'#Sheet2'!$E$4:$I$10,4,FALSE) -> 3 | L12: =VLOOKUP($M12,'#Sheet2'!$E$4:$I$10,4,FALSE) -> 3 | M12: p_cityruin_3.prefab | N12: 破旧房舍 | O12: 房子的主人早已离开，只剩下无法搬走的家具。 | P12: bundle/environment/building/ruins/p_cityruin_3.prefab.k | Q12: =VLOOKUP($M12,'#Sheet2'!$E$4:$I$10,4,FALSE) -> 3 | R12: =VLOOKUP($M12,'#Sheet2'!$E$4:$I$10,4,FALSE) -> 3 | S12: bundle/effects/scene/p_dianji01_2x2.prefab.k | T12: =R12+1 -> 4 | U12: 0 | V12: 8 | W12: 0 | X12: 0 | Y12: 6 | Z12: 0
A13: 11 | B13: 0 | C13: 1700001 | D13: =12*3600 -> 43200 | E13: 外下铁匠 | F13: 较久 | G13: 90 | H13: -9 | I13: -90 | J13: 2 | K13: =VLOOKUP($M13,'#Sheet2'!$E$4:$I$10,4,FALSE) -> 4 | L13: =VLOOKUP($M13,'#Sheet2'!$E$4:$I$10,4,FALSE) -> 4 | M13: p_cityruin_4.prefab | N13: 破旧铁匠铺 | O13: 炉火看起来再也没办法点燃了， | P13: bundle/environment/building/ruins/p_cityruin_4.prefab.k | Q13: =VLOOKUP($M13,'#Sheet2'!$E$4:$I$10,4,FALSE) -> 4 | R13: =VLOOKUP($M13,'#Sheet2'!$E$4:$I$10,4,FALSE) -> 4 | S13: bundle/effects/scene/p_dianji01_2x2.prefab.k | T13: =R13+1 -> 5 | U13: 0 | V13: 8 | W13: 0 | X13: 0 | Y13: 6 | Z13: 0
A14: 12 | B14: 0 | C14: 1700001 | D14: =6*3600 -> 21600 | E14: 外下房舍 | F14: 较久 | G14: 115.5 | H14: -9 | I14: -100.5 | J14: 2 | K14: =VLOOKUP($M14,'#Sheet2'!$E$4:$I$10,4,FALSE) -> 3 | L14: =VLOOKUP($M14,'#Sheet2'!$E$4:$I$10,4,FALSE) -> 3 | M14: p_cityruin_3.prefab | N14: 破旧房舍 | O14: 房子的主人早已离开，只剩下无法搬走的家具。 | P14: bundle/environment/building/ruins/p_cityruin_3.prefab.k | Q14: =VLOOKUP($M14,'#Sheet2'!$E$4:$I$10,4,FALSE) -> 3 | R14: =VLOOKUP($M14,'#Sheet2'!$E$4:$I$10,4,FALSE) -> 3 | S14: bundle/effects/scene/p_dianji01_2x2.prefab.k | T14: =R14+1 -> 4 | U14: 0 | V14: 8 | W14: 0 | X14: 0 | Y14: 6 | Z14: 0
A15: 13 | B15: 0 | C15: 1700001 | D15: 10 | E15: 外左小 | G15: 30 | H15: -9 | I15: -112 | J15: 2 | K15: =VLOOKUP($M15,'#Sheet2'!$E$4:$I$10,4,FALSE) -> 2 | L15: =VLOOKUP($M15,'#Sheet2'!$E$4:$I$10,4,FALSE) -> 2 | M15: p_citiruin_6.prefab | N15: 战争痕迹 | O15: 这里发生过防守蛮族的战斗， | P15: bundle/environment/building/ruins/p_citiruin_6.prefab.k | Q15: =VLOOKUP($M15,'#Sheet2'!$E$4:$I$10,4,FALSE) -> 2 | R15: =VLOOKUP($M15,'#Sheet2'!$E$4:$I$10,4,FALSE) -> 2 | S15: bundle/effects/scene/p_dianji01_2x2.prefab.k | T15: =R15+1 -> 3 | U15: 0 | V15: 8 | W15: 0 | X15: 0 | Y15: 6 | Z15: 0
A16: 14 | B16: 0 | C16: 1700001 | D16: 10 | E16: 外左小 | F16: 立即1 | G16: 121.5 | H16: -9 | I16: -31 | J16: 2 | K16: =VLOOKUP($M16,'#Sheet2'!$E$4:$I$10,4,FALSE) -> 2 | L16: =VLOOKUP($M16,'#Sheet2'!$E$4:$I$10,4,FALSE) -> 2 | M16: p_citiruin_6.prefab | N16: 战争痕迹 | O16: 这里发生过防守蛮族的战斗， | P16: bundle/environment/building/ruins/p_citiruin_6.prefab.k | Q16: =VLOOKUP($M16,'#Sheet2'!$E$4:$I$10,4,FALSE) -> 2 | R16: =VLOOKUP($M16,'#Sheet2'!$E$4:$I$10,4,FALSE) -> 2 | S16: bundle/effects/scene/p_dianji01_2x2.prefab.k | T16: =R16+1 -> 3 | U16: 0 | V16: 8 | W16: 0 | X16: 0 | Y16: 6 | Z16: 0
A17: 15 | B17: 0 | C17: 1700001 | D17: 5 | E17: 外左小 | F17: 立即1 | G17: 132 | H17: -9 | I17: -51 | J17: 2 | K17: =VLOOKUP($M17,'#Sheet2'!$E$4:$I$10,4,FALSE) -> 2 | L17: =VLOOKUP($M17,'#Sheet2'!$E$4:$I$10,4,FALSE) -> 2 | M17: p_citiruin_6.prefab | N17: 战争痕迹 | O17: 这里发生过防守蛮族的战斗， | P17: bundle/environment/building/ruins/p_citiruin_6.prefab.k | Q17: =VLOOKUP($M17,'#Sheet2'!$E$4:$I$10,4,FALSE) -> 2 | R17: =VLOOKUP($M17,'#Sheet2'!$E$4:$I$10,4,FALSE) -> 2 | S17: bundle/effects/scene/p_dianji01_2x2.prefab.k | T17: =R17+1 -> 3 | U17: 0 | V17: 8 | W17: 0 | X17: 0 | Y17: 6 | Z17: 0

Sheet #Sheet2
A2: 形象路径
A3: path
A4: bundle/environment/building/ | B4: p_cityruin_7.prefab | E4: p_cityruin_1.prefab | F4: ruinTitle_1 | G4: ruinContent_1 | H4: 2 | I4: 2 | K4: 古代遗迹 | L4: 这里看起来有些年头了， | M4: 清理这里可以获得发展需要的资源。 | N4: =L4&M4 -> 这里看起来有些年头了，清理这里可以获得发展需要的资源。
A5: bundle/environment/building/ | B5: p_cityruin_7.prefab | E5: p_cityruin_2.prefab | F5: ruinTitle_2 | G5: ruinContent_2 | H5: 3 | I5: 3 | K5: 古代遗迹 | L5: 这里看起来有些年头了， | M5: 清理这里可以获得发展需要的资源。 | N5: =L5&M5 -> 这里看起来有些年头了，清理这里可以获得发展需要的资源。
A6: bundle/environment/building/ | B6: p_cityruin_2.prefab | E6: p_cityruin_3.prefab | F6: ruinTitle_3 | G6: ruinContent_3 | H6: 3 | I6: 3 | K6: 破旧房舍 | L6: 房子的主人早已离开，只剩下无法搬走的家具。 | M6: 清理这里可以获得发展需要的资源。 | N6: =L6&M6 -> 房子的主人早已离开，只剩下无法搬走的家具。清理这里可以获得发展需要的资源。
A7: bundle/environment/building/ | B7: p_cityruin_7.prefab | E7: p_cityruin_4.prefab | F7: ruinTitle_4 | G7: ruinContent_4 | H7: 4 | I7: 4 | K7: 破旧铁匠铺 | L7: 炉火看起来再也没办法点燃了， | M7: 清理这里可以获得发展需要的资源。 | N7: =L7&M7 -> 炉火看起来再也没办法点燃了，清理这里可以获得发展需要的资源。
A8: bundle/environment/building/ | B8: p_citiruin_6.prefab | E8: p_cityruin_5.prefab | F8: ruinTitle_5 | G8: ruinContent_5 | H8: 2 | I8: 2 | K8: 小型遗迹 | L8: 这里看起来有些年头了， | M8: 清理这里可以获得发展需要的资源。 | N8: =L8&M8 -> 这里看起来有些年头了，清理这里可以获得发展需要的资源。
A9: bundle/environment/building/ | B9: p_cityruin_7.prefab | E9: p_citiruin_6.prefab | F9: ruinTitle_6 | G9: ruinContent_6 | H9: 2 | I9: 2 | K9: 战争痕迹 | L9: 这里发生过防守蛮族的战斗， | M9: 清理这里可以获得发展需要的资源。 | N9: =L9&M9 -> 这里发生过防守蛮族的战斗，清理这里可以获得发展需要的资源。
A10: bundle/environment/building/ | B10: p_cityruin_2.prefab | E10: p_citiruin_7.prefab | F10: ruinTitle_7 | G10: ruinContent_7 | H10: 2 | I10: 2 | K10: 战争痕迹 | L10: 这里发生过防守蛮族的战斗， | M10: 清理这里可以获得发展需要的资源。 | N10: =L10&M10 -> 这里发生过防守蛮族的战斗，清理这里可以获得发展需要的资源。
A11: bundle/environment/building/ | B11: p_cityruin_4.prefab
A12: bundle/environment/building/ | B12: p_cityruin_5.prefab
A13: bundle/environment/building/ | B13: p_cityruin_3.prefab
A14: bundle/environment/building/ | B14: p_cityruin_4.prefab
A15: bundle/environment/building/ | B15: p_cityruin_3.prefab | F15: ruinTitle_1 | G15: 古代遗迹 | H15: ruinContent_1 | I15: 这里看起来有些年头了，清理这里可以获得发展需要的资源。
A16: bundle/environment/building/ | B16: p_citiruin_6.prefab | F16: ruinTitle_2 | G16: 古代遗迹 | H16: ruinContent_2 | I16: 这里看起来有些年头了，清理这里可以获得发展需要的资源。
A17: bundle/environment/building/ | B17: p_citiruin_6.prefab | F17: ruinTitle_3 | G17: 破旧房舍 | H17: ruinContent_3 | I17: 房子的主人早已离开，只剩下无法搬走的家具。清理这里可以获得发展需要的资源。
A18: bundle/environment/building/ | B18: p_citiruin_6.prefab | F18: ruinTitle_4 | G18: 破旧铁匠铺 | H18: ruinContent_4 | I18: 炉火看起来再也没办法点燃了，清理这里可以获得发展需要的资源。
A19: bundle/environment/building/ | B19: p_cityruin_1.prefab | F19: ruinTitle_5 | G19: 小型遗迹 | H19: ruinContent_5 | I19: 这里看起来有些年头了，清理这里可以获得发展需要的资源。
F20: ruinTitle_6 | G20: 战争痕迹 | H20: ruinContent_6 | I20: 这里发生过防守蛮族的战斗，清理这里可以获得发展需要的资源。
F21: ruinTitle_7 | G21: 战争痕迹 | H21: ruinContent_7 | I21: 这里发生过防守蛮族的战斗，清理这里可以获得发展需要的资源。
B26: 5
B27: 10
B28: 120
B29: 10
B30: 120
B31: 10
B32: 180
B33: 600
B34: 600
B35: 300
B36: 28800
B37: 300
... B41: 43200

Sheet #TID_base_up
A1: 旧Key | B1: 新Key | C1: 文本
