Workbook

Sheet #部分建筑buff配置索引
A1: 备注 | B1: 建筑等级 | C1: 解锁时代 | D1: 解锁建筑类型 | E1: 解锁等级 | F1: 建造数量 | G1: 索引 | H1: Buff名称1 | I1: Buff_Key1 | J1: Buff_ID1 | K1: Buff数值1 | L1: buff1总数值-统计用 | M1: Buff名称2 | N1: Buff_Key2 | O1: Buff_ID2 | P1: Buff数值2 | Q1: buff2总数值-统计用 | R1: Buff名称3 | S1: Buff_Key3 | T1: Buff_ID3 | U1: Buff数值3 | V1: buff3总数值-统计用 | W1: Buff名称4 | X1: Buff_Key4 | Y1: Buff_ID4 | Z1: Buff数值4 | AA1: Buff名称5 | AB1: Buff_Key5 | AC1: Buff_ID5 | AD1: Buff数值5 | AE1: Buff名称6 | AF1: Buff_Key6 | AG1: Buff_ID6 | AH1: Buff数值6 | AI1: Buff名称7 | AJ1: Buff_Key7 | AK1: Buff_ID7 | AL1: Buff数值7 | AM1: Buff名称8 | AN1: Buff_Key8 | AO1: Buff_ID8 | AP1: Buff数值8 | AQ1: 详情表格列 | AR1: 详情表格标题 | AS1: 文本key1 | AT1: 文本1 | AU1: 编号1 | AV1: 文本key2 | AW1: 文本2 | AX1: 编号2 | AY1: 文本key3 | AZ1: 文本3 | BA1: 编号3 | BB1: 文本key4 | BC1: 文本4 | BD1: 编号4 | BE1: 文本key5 | BF1: 文本5 | BG1: 编号5 | BH1: 整合编号 | BI1: 整合key1 | BJ1: 整合文本1 | BK1: 筛选 | BL1: 编号 | BM1: 整合编号 | BN1: 整合key1 | BO1: 整合文本1 | BS1: 原文本 | BT1: 新文本
A2: 城镇中心 | B2: 1 | G2: 城镇中心1 | H2: 领地占领上限 | I2: ResourceLandLimit | J2: 8026 | K2: 3 | L2: 3 | M2: 仓库上限 | N2: Warehouse_Limit | O2: 1252 | P2: 200000 | Q2: 200000 | R2: 居民房舍建造上限 | S2: BuildingCapacity_House | T2: 1202 | U2: 0 | V2: 0 | W2: 磨坊建造上限 | X2: BuildingCapacity_Mill | Y2: 1205 | Z2: 1 | AA2: 伐木场建造上限 | AB2: BuildingCapacity_Lumber | AC2: 1209 | AD2: 1 | AE2: 石矿建造上限 | AF2: BuildingCapacity_Ironmine | AG2: 1210 | AH2: 0 | AI2: 金矿建造上限 | AJ2: BuildingCapacity_Goldmine | AK2: 1237 | AL2: 0 | AQ2: 1:2:0 | AR2: Buff_BuilDetail_8026:Buff_BuilDetail_1252:Buff_BuilDetail_1 | AS2: Buff_BuilDetail_8026 | AT2: 领地占领上限 | AU2: 1 | AV2: Buff_BuilDetail_1252 | AW2: 仓库上限 | AX2: 19 | AY2: Buff_BuilDetail_1202 | AZ2: 居民房舍建造上限 | BA2: 33 | BB2: Buff_BuilDetail_1205 | BC2: 磨坊建造上限 | BD2: 36 | BE2: Buff_BuilDetail_1209 | BF2: 伐木场建造上限 | BG2: 38 | BH2: 1 | BI2: Buff_BuilDetail_8026 | BJ2: 领地占领上限 | BK2: 1 | BL2: 1 | BM2: 1 | BN2: Buff_BuilDetail_8026 | BO2: 领地上限 | BS2: 每小时居民房舍产出铜币 | BT2: 每小时铜币产量
A3: 城镇中心 | B3: 2 | G3: 城镇中心2 | H3: 领地占领上限 | I3: ResourceLandLimit | J3: 8026 | K3: 6 | L3: 6 | M3: 仓库上限 | N3: Warehouse_Limit | O3: 1252 | P3: 300000 | Q3: 300000 | R3: 居民房舍建造上限 | S3: BuildingCapacity_House | T3: 1202 | U3: 1 | V3: 1 | W3: 磨坊建造上限 | X3: BuildingCapacity_Mill | Y3: 1205 | Z3: 1 | AA3: 伐木场建造上限 | AB3: BuildingCapacity_Lumber | AC3: 1209 | AD3: 1 | AE3: 石矿建造上限 | AF3: BuildingCapacity_Ironmine | AG3: 1210 | AH3: 0 | AI3: 金矿建造上限 | AJ3: BuildingCapacity_Goldmine | AK3: 1237 | AL3: 0 | BH3: 2 | BI3: Buff_BuilDetail_1255 | BJ3: 每小时居民房舍产出铜币 | BK3: 1 | BL3: 2 | BM3: 2 | BN3: Buff_BuilDetail_1255 | BO3: 每小时铜币产量 | BS3: 每小时磨坊产出食物 | BT3: 每小时食物产量
A4: 城镇中心 | B4: 3 | G4: 城镇中心3 | H4: 领地占领上限 | I4: ResourceLandLimit | J4: 8026 | K4: 9 | L4: 9 | M4: 仓库上限 | N4: Warehouse_Limit | O4: 1252 | P4: 400000 | Q4: 400000 | R4: 居民房舍建造上限 | S4: BuildingCapacity_House | T4: 1202 | U4: 1 | V4: 1 | W4: 磨坊建造上限 | X4: BuildingCapacity_Mill | Y4: 1205 | Z4: 2 | AA4: 伐木场建造上限 | AB4: BuildingCapacity_Lumber | AC4: 1209 | AD4: 1 | AE4: 石矿建造上限 | AF4: BuildingCapacity_Ironmine | AG4: 1210 | AH4: 0 | AI4: 金矿建造上限 | AJ4: BuildingCapacity_Goldmine | AK4: 1237 | AL4: 0 | BH4: 3 | BI4: Buff_BuilDetail_1015 | BJ4: 每小时磨坊产出食物 | BK4: 1 | BL4: 3 | BM4: 3 | BN4: Buff_BuilDetail_1015 | BO4: 每小时食物产量 | BS4: 每小时伐木场产出木材 | BT4: 每小时木材产量
A5: 城镇中心 | B5: 4 | G5: 城镇中心4 | H5: 领地占领上限 | I5: ResourceLandLimit | J5: 8026 | K5: 12 | L5: 12 | M5: 仓库上限 | N5: Warehouse_Limit | O5: 1252 | P5: 600000 | Q5: 600000 | R5: 居民房舍建造上限 | S5: BuildingCapacity_House | T5: 1202 | U5: 1 | V5: 1 | W5: 磨坊建造上限 | X5: BuildingCapacity_Mill | Y5: 1205 | Z5: 2 | AA5: 伐木场建造上限 | AB5: BuildingCapacity_Lumber | AC5: 1209 | AD5: 2 | AE5: 石矿建造上限 | AF5: BuildingCapacity_Ironmine | AG5: 1210 | AH5: 0 | AI5: 金矿建造上限 | AJ5: BuildingCapacity_Goldmine | AK5: 1237 | AL5: 0 | BH5: 4 | BI5: Buff_BuilDetail_1017 | BJ5: 每小时伐木场产出木材 | BK5: 1 | BL5: 4 | BM5: 4 | BN5: Buff_BuilDetail_1017 | BO5: 每小时木材产量 | BS5: 每小时石矿场产出石头 | BT5: 每小时石头产量
A6: 城镇中心 | B6: 5 | G6: 城镇中心5 | H6: 领地占领上限 | I6: ResourceLandLimit | J6: 8026 | K6: 15 | L6: 15 | M6: 仓库上限 | N6: Warehouse_Limit | O6: 1252 | P6: 800000 | Q6: 800000 | R6: 居民房舍建造上限 | S6: BuildingCapacity_House | T6: 1202 | U6: 2 | V6: 2 | W6: 磨坊建造上限 | X6: BuildingCapacity_Mill | Y6: 1205 | Z6: 2 | AA6: 伐木场建造上限 | AB6: BuildingCapacity_Lumber | AC6: 1209 | AD6: 2 | AE6: 石矿建造上限 | AF6: BuildingCapacity_Ironmine | AG6: 1210 | AH6: 2 | AI6: 金矿建造上限 | AJ6: BuildingCapacity_Goldmine | AK6: 1237 | AL6: 0 | BH6: 5 | BI6: Buff_BuilDetail_1018 | BJ6: 每小时石矿场产出石头 | BK6: 1 | BL6: 5 | BM6: 5 | BN6: Buff_BuilDetail_1018 | BO6: 每小时石头产量 | BS6: 每小时金矿场产出黄金 | BT6: 每小时黄金产量
A7: 城镇中心 | B7: 6 | G7: 城镇中心6 | H7: 领地占领上限 | I7: ResourceLandLimit | J7: 8026 | K7: 18 | L7: 18 | M7: 仓库上限 | N7: Warehouse_Limit | O7: 1252 | P7: 1000000 | Q7: 1000000 | R7: 居民房舍建造上限 | S7: BuildingCapacity_House | T7: 1202 | U7: 2 | V7: 2 | W7: 磨坊建造上限 | X7: BuildingCapacity_Mill | Y7: 1205 | Z7: 2 | AA7: 伐木场建造上限 | AB7: BuildingCapacity_Lumber | AC7: 1209 | AD7: 2 | AE7: 石矿建造上限 | AF7: BuildingCapacity_Ironmine | AG7: 1210 | AH7: 2 | AI7: 金矿建造上限 | AJ7: BuildingCapacity_Goldmine | AK7: 1237 | AL7: 0 | BH7: 6 | BI7: Buff_BuilDetail_1019 | BJ7: 每小时金矿场产出黄金 | BK7: 1 | BL7: 6 | BM7: 6 | BN7: Buff_BuilDetail_1019 | BO7: 每小时黄金产量 | BS7: 防卫塔基础攻击力(显示) | BT7: 防卫塔攻击力
A8: 城镇中心 | B8: 7 | G8: 城镇中心7 | H8: 领地占领上限 | I8: ResourceLandLimit | J8: 8026 | K8: 21 | L8: 21 | M8: 仓库上限 | N8: Warehouse_Limit | O8: 1252 | P8: 1200000 | Q8: 1200000 | R8: 居民房舍建造上限 | S8: BuildingCapacity_House | T8: 1202 | U8: 2 | V8: 2 | W8: 磨坊建造上限 | X8: BuildingCapacity_Mill | Y8: 1205 | Z8: 2 | AA8: 伐木场建造上限 | AB8: BuildingCapacity_Lumber | AC8: 1209 | AD8: 2 | AE8: 石矿建造上限 | AF8: BuildingCapacity_Ironmine | AG8: 1210 | AH8: 2 | AI8: 金矿建造上限 | AJ8: BuildingCapacity_Goldmine | AK8: 1237 | AL8: 0 | BH8: 7 | BI8: Buff_BuilDetail_3000 | BJ8: 全兵种训练速度 | BK8: 1 | BL8: 7 | BM8: 7 | BN8: Buff_BuilDetail_3000 | BO8: 全兵种训练速度 | BS8: 领地占领上限 | BT8: 领地上限
A9: 城镇中心 | B9: 8 | G9: 城镇中心8 | H9: 领地占领上限 | I9: ResourceLandLimit | J9: 8026 | K9: 24 | L9: 24 | M9: 仓库上限 | N9: Warehouse_Limit | O9: 1252 | P9: 1400000 | Q9: 1400000 | R9: 居民房舍建造上限 | S9: BuildingCapacity_House | T9: 1202 | U9: 2 | V9: 2 | W9: 磨坊建造上限 | X9: BuildingCapacity_Mill | Y9: 1205 | Z9: 2 | AA9: 伐木场建造上限 | AB9: BuildingCapacity_Lumber | AC9: 1209 | AD9: 2 | AE9: 石矿建造上限 | AF9: BuildingCapacity_Ironmine | AG9: 1210 | AH9: 2 | AI9: 金矿建造上限 | AJ9: BuildingCapacity_Goldmine | AK9: 1237 | AL9: 0 | BH9: 8 | BI9: Buff_BuilDetail_3000 | BJ9: 全兵种训练速度 | BK9: 0.5 | BM9: 8 | BN9: Buff_BuilDetail_1253 | BO9: 屯兵上限 | BS9: 联盟帮助时间减少 | BT9: 帮助减少时间(秒)
A10: 城镇中心 | B10: 9 | G10: 城镇中心9 | H10: 领地占领上限 | I10: ResourceLandLimit | J10: 8026 | K10: 27 | L10: 27 | M10: 仓库上限 | N10: Warehouse_Limit | O10: 1252 | P10: 1600000 | Q10: 1600000 | R10: 居民房舍建造上限 | S10: BuildingCapacity_House | T10: 1202 | U10: 2 | V10: 2 | W10: 磨坊建造上限 | X10: BuildingCapacity_Mill | Y10: 1205 | Z10: 2 | AA10: 伐木场建造上限 | AB10: BuildingCapacity_Lumber | AC10: 1209 | AD10: 2 | AE10: 石矿建造上限 | AF10: BuildingCapacity_Ironmine | AG10: 1210 | AH10: 2 | AI10: 金矿建造上限 | AJ10: BuildingCapacity_Goldmine | AK10: 1237 | AL10: 0 | BH10: 9 | BI10: Buff_BuilDetail_3000 | BJ10: 全兵种训练速度 | BK10: 0.33333333 | BM10: 9 | BN10: Buff_BuilDetail_4004 | BO10: 城墙耐久
A11: 城镇中心 | B11: 10 | G11: 城镇中心10 | H11: 领地占领上限 | I11: ResourceLandLimit | J11: 8026 | K11: 30 | L11: 30 | M11: 仓库上限 | N11: Warehouse_Limit | O11: 1252 | P11: 1800000 | Q11: 1800000 | R11: 居民房舍建造上限 | S11: BuildingCapacity_House | T11: 1202 | U11: 2 | V11: 2 | W11: 磨坊建造上限 | X11: BuildingCapacity_Mill | Y11: 1205 | Z11: 3 | AA11: 伐木场建造上限 | AB11: BuildingCapacity_Lumber | AC11: 1209 | AD11: 2 | AE11: 石矿建造上限 | AF11: BuildingCapacity_Ironmine | AG11: 1210 | AH11: 2 | AI11: 金矿建造上限 | AJ11: BuildingCapacity_Goldmine | AK11: 1237 | AL11: 2 | BH11: 10 | BI11: Buff_BuilDetail_3000 | BJ11: 全兵种训练速度 | BK11: 0.25 | BM11: 10 | BN11: Buff_BuilDetail_3102 | BO11: 伤兵上限
A12: 城镇中心 | B12: 11 | G12: 城镇中心11 | H12: 领地占领上限 | I12: ResourceLandLimit | J12: 8026 | K12: 33 | L12: 33 | M12: 仓库上限 | N12: Warehouse_Limit | O12: 1252 | P12: 2000000 | Q12: 2000000 | R12: 居民房舍建造上限 | S12: BuildingCapacity_House | T12: 1202 | U12: 2 | V12: 2 | W12: 磨坊建造上限 | X12: BuildingCapacity_Mill | Y12: 1205 | Z12: 3 | AA12: 伐木场建造上限 | AB12: BuildingCapacity_Lumber | AC12: 1209 | AD12: 3 | AE12: 石矿建造上限 | AF12: BuildingCapacity_Ironmine | AG12: 1210 | AH12: 2 | AI12: 金矿建造上限 | AJ12: BuildingCapacity_Goldmine | AK12: 1237 | AL12: 2 | BH12: 11 | BI12: Buff_BuilDetail_1253 | BJ12: 屯兵上限 | BK12: 1 | BL12: 8 | BM12: 11 | BN12: Buff_BuilDetail_2553 | BO12: 侦察行军速度
A13: 城镇中心 | B13: 12 | G13: 城镇中心12 | H13: 领地占领上限 | I13: ResourceLandLimit | J13: 8026 | K13: 36 | L13: 36 | M13: 仓库上限 | N13: Warehouse_Limit | O13: 1252 | P13: 2500000 | Q13: 2500000 | R13: 居民房舍建造上限 | S13: BuildingCapacity_House | T13: 1202 | U13: 2 | V13: 2 | W13: 磨坊建造上限 | X13: BuildingCapacity_Mill | Y13: 1205 | Z13: 3 | AA13: 伐木场建造上限 | AB13: BuildingCapacity_Lumber | AC13: 1209 | AD13: 3 | AE13: 石矿建造上限 | AF13: BuildingCapacity_Ironmine | AG13: 1210 | AH13: 2 | AI13: 金矿建造上限 | AJ13: BuildingCapacity_Goldmine | AK13: 1237 | AL13: 2 | BH13: 12 | BI13: Buff_BuilDetail_4004 | BJ13: 城墙耐久 | BK13: 1 | BL13: 9 | BM13: 12 | BN13: Buff_BuilDetail_4207 | BO13: 防卫塔基础攻击力
A14: 城镇中心 | B14: 13 | G14: 城镇中心13 | H14: 领地占领上限 | I14: ResourceLandLimit | J14: 8026 | K14: 39 | L14: 39 | M14: 仓库上限 | N14: Warehouse_Limit | O14: 1252 | P14: 3000000 | Q14: 3000000 | R14: 居民房舍建造上限 | S14: BuildingCapacity_House | T14: 1202 | U14: 3 | V14: 3 | W14: 磨坊建造上限 | X14: BuildingCapacity_Mill | Y14: 1205 | Z14: 3 | AA14: 伐木场建造上限 | AB14: BuildingCapacity_Lumber | AC14: 1209 | AD14: 3 | AE14: 石矿建造上限 | AF14: BuildingCapacity_Ironmine | AG14: 1210 | AH14: 2 | AI14: 金矿建造上限 | AJ14: BuildingCapacity_Goldmine | AK14: 1237 | AL14: 2 | BH14: 13 | BI14: Buff_BuilDetail_3102 | BJ14: 伤兵上限 | BK14: 1 | BL14: 10 | BM14: 13 | BN14: Buff_BuilDetail_2575 | BO14: 参与组队行军速度
A15: 城镇中心 | B15: 14 | G15: 城镇中心14 | H15: 领地占领上限 | I15: ResourceLandLimit | J15: 8026 | K15: 42 | L15: 42 | M15: 仓库上限 | N15: Warehouse_Limit | O15: 1252 | P15: 4000000 | Q15: 4000000 | R15: 居民房舍建造上限 | S15: BuildingCapacity_House | T15: 1202 | U15: 3 | V15: 3 | W15: 磨坊建造上限 | X15: BuildingCapacity_Mill | Y15: 1205 | Z15: 4 | AA15: 伐木场建造上限 | AB15: BuildingCapacity_Lumber | AC15: 1209 | AD15: 3 | AE15: 石矿建造上限 | AF15: BuildingCapacity_Ironmine | AG15: 1210 | AH15: 2 | AI15: 金矿建造上限 | AJ15: BuildingCapacity_Goldmine | AK15: 1237 | AL15: 2 | BH15: 14 | BI15: Buff_BuilDetail_2553 | BJ15: 侦察行军速度 | BK15: 1 | BL15: 11 | BM15: 14 | BN15: Buff_BuilDetail_2601 | BO15: 援军上限
A16: 城镇中心 | B16: 15 | G16: 城镇中心15 | H16: 领地占领上限 | I16: ResourceLandLimit | J16: 8026 | K16: 45 | L16: 45 | M16: 仓库上限 | N16: Warehouse_Limit | O16: 1252 | P16: 6000000 | Q16: 6000000 | R16: 居民房舍建造上限 | S16: BuildingCapacity_House | T16: 1202 | U16: 3 | V16: 3 | W16: 磨坊建造上限 | X16: BuildingCapacity_Mill | Y16: 1205 | Z16: 4 | AA16: 伐木场建造上限 | AB16: BuildingCapacity_Lumber | AC16: 1209 | AD16: 4 | AE16: 石矿建造上限 | AF16: BuildingCapacity_Ironmine | AG16: 1210 | AH16: 2 | AI16: 金矿建造上限 | AJ16: BuildingCapacity_Goldmine | AK16: 1237 | AL16: 2 | BH16: 15 | BI16: Buff_BuilDetail_4207 | BJ16: 防卫塔基础攻击力 | BK16: 1 | BL16: 12 | BM16: 15 | BN16: Buff_BuilDetail_3308 | BO16: 人气值上限
A17: 城镇中心 | B17: 16 | G17: 城镇中心16 | H17: 领地占领上限 | I17: ResourceLandLimit | J17: 8026 | K17: 48 | L17: 48 | M17: 仓库上限 | N17: Warehouse_Limit | O17: 1252 | P17: 7000000 | Q17: 7000000 | R17: 居民房舍建造上限 | S17: BuildingCapacity_House | T17: 1202 | U17: 4 | V17: 4 | W17: 磨坊建造上限 | X17: BuildingCapacity_Mill | Y17: 1205 | Z17: 4 | AA17: 伐木场建造上限 | AB17: BuildingCapacity_Lumber | AC17: 1209 | AD17: 4 | AE17: 石矿建造上限 | AF17: BuildingCapacity_Ironmine | AG17: 1210 | AH17: 2 | AI17: 金矿建造上限 | AJ17: BuildingCapacity_Goldmine | AK17: 1237 | AL17: 2 | BH17: 16 | BI17: Buff_BuilDetail_2575 | BJ17: 参与组队行军速度 | BK17: 1 | BL17: 13 | BM17: 16 | BN17: Buff_BuilDetail_1252 | BO17: 仓库上限
A18: 城镇中心 | B18: 17 | G18: 城镇中心17 | H18: 领地占领上限 | I18: ResourceLandLimit | J18: 8026 | K18: 51 | L18: 51 | M18: 仓库上限 | N18: Warehouse_Limit | O18: 1252 | P18: 8000000 | Q18: 8000000 | R18: 居民房舍建造上限 | S18: BuildingCapacity_House | T18: 1202 | U18: 4 | V18: 4 | W18: 磨坊建造上限 | X18: BuildingCapacity_Mill | Y18: 1205 | Z18: 4 | AA18: 伐木场建造上限 | AB18: BuildingCapacity_Lumber | AC18: 1209 | AD18: 4 | AE18: 石矿建造上限 | AF18: BuildingCapacity_Ironmine | AG18: 1210 | AH18: 2 | AI18: 金矿建造上限 | AJ18: BuildingCapacity_Goldmine | AK18: 1237 | AL18: 2 | BH18: 17 | BI18: Buff_BuilDetail_2601 | BJ18: 援军上限 | BK18: 1 | BL18: 14 | BM18: 17 | BN18: Buff_BuilDetail_1200 | BO18: 村民人口上限
A19: 城镇中心 | B19: 18 | G19: 城镇中心18 | H19: 领地占领上限 | I19: ResourceLandLimit | J19: 8026 | K19: 54 | L19: 54 | M19: 仓库上限 | N19: Warehouse_Limit | O19: 1252 | P19: 9000000 | Q19: 9000000 | R19: 居民房舍建造上限 | S19: BuildingCapacity_House | T19: 1202 | U19: 4 | V19: 4 | W19: 磨坊建造上限 | X19: BuildingCapacity_Mill | Y19: 1205 | Z19: 4 | AA19: 伐木场建造上限 | AB19: BuildingCapacity_Lumber | AC19: 1209 | AD19: 4 | AE19: 石矿建造上限 | AF19: BuildingCapacity_Ironmine | AG19: 1210 | AH19: 2 | AI19: 金矿建造上限 | AJ19: BuildingCapacity_Goldmine | AK19: 1237 | AL19: 2 | BH19: 18 | BI19: Buff_BuilDetail_3308 | BJ19: 人气值上限 | BK19: 1 | BL19: 15 | BM19: 18 | BN19: Buff_BuilDetail_1206 | BO19: 农田建造上限
A20: 城镇中心 | B20: 19 | G20: 城镇中心19 | H20: 领地占领上限 | I20: ResourceLandLimit | J20: 8026 | K20: 57 | L20: 57 | M20: 仓库上限 | N20: Warehouse_Limit | O20: 1252 | P20: 10000000 | Q20: 10000000 | R20: 居民房舍建造上限 | S20: BuildingCapacity_House | T20: 1202 | U20: 4 | V20: 4 | W20: 磨坊建造上限 | X20: BuildingCapacity_Mill | Y20: 1205 | Z20: 4 | AA20: 伐木场建造上限 | AB20: BuildingCapacity_Lumber | AC20: 1209 | AD20: 4 | AE20: 石矿建造上限 | AF20: BuildingCapacity_Ironmine | AG20: 1210 | AH20: 2 | AI20: 金矿建造上限 | AJ20: BuildingCapacity_Goldmine | AK20: 1237 | AL20: 2 | BH20: 19 | BI20: Buff_BuilDetail_1252 | BJ20: 仓库上限 | BK20: 1 | BL20: 16 | BM20: 19 | BN20: Buff_BuilDetail_3013 | BO20: 剑士训练数量
A21: 城镇中心 | B21: 20 | G21: 城镇中心20 | H21: 领地占领上限 | I21: ResourceLandLimit | J21: 8026 | K21: 60 | L21: 60 | M21: 仓库上限 | N21: Warehouse_Limit | O21: 1252 | P21: 11000000 | Q21: 11000000 | R21: 居民房舍建造上限 | S21: BuildingCapacity_House | T21: 1202 | U21: 4 | V21: 4 | W21: 磨坊建造上限 | X21: BuildingCapacity_Mill | Y21: 1205 | Z21: 4 | AA21: 伐木场建造上限 | AB21: BuildingCapacity_Lumber | AC21: 1209 | AD21: 4 | AE21: 石矿建造上限 | AF21: BuildingCapacity_Ironmine | AG21: 1210 | AH21: 2 | AI21: 金矿建造上限 | AJ21: BuildingCapacity_Goldmine | AK21: 1237 | AL21: 2 | BH21: 20 | BI21: Buff_BuilDetail_1200 | BJ21: 村民人口上限 | BK21: 1 | BL21: 17 | BM21: 20 | BN21: Buff_BuilDetail_3016 | BO21: 枪兵训练数量
A22: 居民房舍 | B22: 1 | E22: 2 | F22: 0 | G22: 居民房舍1 | H22: 每小时居民房舍产出铜币 | I22: BronzePerHour | J22: 1255 | K22: 40 | L22: 40 | M22: 村民人口上限 | N22: Peasant_Capacity | O22: 1200 | P22: 1 | Q22: 1 | V22: 0 | AQ22: 1:2 | AR22: Buff_BuilDetail_1255:Buff_BuilDetail_1200 | AS22: Buff_BuilDetail_1255 | AT22: 每小时居民房舍产出铜币 | AU22: 2 | AV22: Buff_BuilDetail_1200 | AW22: 村民人口上限 | AX22: 20 | BH22: 21 | BI22: Buff_BuilDetail_1206 | BJ22: 农田建造上限 | BK22: 1 | BL22: 18 | BM22: 21 | BN22: Buff_BuilDetail_3014 | BO22: 骑士训练数量
A23: 居民房舍 | B23: 2 | E23: 2 | F23: 1 | G23: 居民房舍2 | H23: 每小时居民房舍产出铜币 | I23: BronzePerHour | J23: 1255 | K23: 80 | L23: 80 | M23: 村民人口上限 | N23: Peasant_Capacity | O23: 1200 | P23: 2 | Q23: 2 | V23: 0 | BH23: 22 | BI23: Buff_BuilDetail_3013 | BJ23: 剑士训练数量 | BK23: 1 | BL23: 19 | BM23: 22 | BN23: Buff_BuilDetail_3015 | BO23: 弓兵训练数量
A24: 居民房舍 | B24: 3 | E24: 2 | F24: 1 | G24: 居民房舍3 | H24: 每小时居民房舍产出铜币 | I24: BronzePerHour | J24: 1255 | K24: 120 | L24: 120 | M24: 村民人口上限 | N24: Peasant_Capacity | O24: 1200 | P24: 3 | Q24: 3 | V24: 0 | BH24: 23 | BI24: Buff_BuilDetail_3016 | BJ24: 枪兵训练数量 | BK24: 1 | BL24: 20 | BM24: 23 | BN24: Buff_BuilDetail_2555 | BO24: 出征队列
A25: 居民房舍 | B25: 4 | E25: 2 | F25: 1 | G25: 居民房舍4 | H25: 每小时居民房舍产出铜币 | I25: BronzePerHour | J25: 1255 | K25: 160 | L25: 160 | M25: 村民人口上限 | N25: Peasant_Capacity | O25: 1200 | P25: 4 | Q25: 4 | V25: 0 | BH25: 24 | BI25: Buff_BuilDetail_3014 | BJ25: 骑士训练数量 | BK25: 1 | BL25: 21 | BM25: 24 | BN25: Buff_BuilDetail_1261 | BO25: 仓库资源保护
A26: 居民房舍 | B26: 5 | E26: 2 | F26: 2 | G26: 居民房舍5 | H26: 每小时居民房舍产出铜币 | I26: BronzePerHour | J26: 1255 | K26: 200 | L26: 400 | M26: 村民人口上限 | N26: Peasant_Capacity | O26: 1200 | P26: 5 | Q26: 10 | V26: 0 | BH26: 25 | BI26: Buff_BuilDetail_3015 | BJ26: 弓兵训练数量 | BK26: 1 | BL26: 22 | BM26: 25 | BN26: Buff_BuilDetail_3100 | BO26: 伤兵治疗速度
A27: 居民房舍 | B27: 6 | E27: 2 | F27: 2 | G27: 居民房舍6 | H27: 每小时居民房舍产出铜币 | I27: BronzePerHour | J27: 1255 | K27: 260 | L27: 520 | M27: 村民人口上限 | N27: Peasant_Capacity | O27: 1200 | P27: 6 | Q27: 12 | V27: 0 | BH27: 26 | BI27: Buff_BuilDetail_2555 | BJ27: 出征队列 | BK27: 1 | BL27: 23 | BM27: 26 | BN27: Buff_BuilDetail_2570 | BO27: 侦察队列
A28: 居民房舍 | B28: 7 | E28: 2 | F28: 2 | G28: 居民房舍7 | H28: 每小时居民房舍产出铜币 | I28: BronzePerHour | J28: 1255 | K28: 320 | L28: 640 | M28: 村民人口上限 | N28: Peasant_Capacity | O28: 1200 | P28: 7 | Q28: 14 | V28: 0 | BH28: 27 | BI28: Buff_BuilDetail_1261 | BJ28: 仓库资源保护 | BK28: 1 | BL28: 24 | BM28: 27 | BN28: Buff_BuilDetail_1254 | BO28: 夺取上限
A29: 居民房舍 | B29: 8 | E29: 2 | F29: 2 | G29: 居民房舍8 | H29: 每小时居民房舍产出铜币 | I29: BronzePerHour | J29: 1255 | K29: 380 | L29: 760 | M29: 村民人口上限 | N29: Peasant_Capacity | O29: 1200 | P29: 8 | Q29: 16 | V29: 0 | BH29: 28 | BI29: Buff_BuilDetail_3100 | BJ29: 伤兵治疗速度 | BK29: 1 | BL29: 25 | BM29: 28 | BN29: Buff_BuilDetail_1400 | BO29: 联盟帮助次数
A30: 居民房舍 | B30: 9 | E30: 2 | F30: 2 | G30: 居民房舍9 | H30: 每小时居民房舍产出铜币 | I30: BronzePerHour | J30: 1255 | K30: 440 | L30: 880 | M30: 村民人口上限 | N30: Peasant_Capacity | O30: 1200 | P30: 9 | Q30: 18 | V30: 0 | BH30: 29 | BI30: Buff_BuilDetail_2570 | BJ30: 侦察队列 | BK30: 1 | BL30: 26 | BM30: 29 | BN30: Buff_BuilDetail_3307 | BO30: 每小时恢复人气值
A31: 居民房舍 | B31: 10 | E31: 2 | F31: 2 | G31: 居民房舍10 | H31: 每小时居民房舍产出铜币 | I31: BronzePerHour | J31: 1255 | K31: 500 | L31: 1000 | M31: 村民人口上限 | N31: Peasant_Capacity | O31: 1200 | P31: 10 | Q31: 20 | V31: 0 | BH31: 30 | BI31: Buff_BuilDetail_1254 | BJ31: 夺取上限 | BK31: 1 | BL31: 27 | BM31: 30 | BN31: Buff_BuilDetail_1202 | BO31: 居民房舍建造上限
A32: 居民房舍 | B32: 11 | E32: 2 | F32: 2 | G32: 居民房舍11 | H32: 每小时居民房舍产出铜币 | I32: BronzePerHour | J32: 1255 | K32: 580 | L32: 1160 | M32: 村民人口上限 | N32: Peasant_Capacity | O32: 1200 | P32: 11 | Q32: 22 | V32: 0 | BH32: 31 | BI32: Buff_BuilDetail_1400 | BJ32: 联盟帮助次数 | BK32: 1 | BL32: 28 | BM32: 31 | BN32: Buff_BuilDetail_3311 | BO32: 医馆加速恢复速度
A33: 居民房舍 | B33: 12 | E33: 2 | F33: 2 | G33: 居民房舍12 | H33: 每小时居民房舍产出铜币 | I33: BronzePerHour | J33: 1255 | K33: 660 | L33: 1320 | M33: 村民人口上限 | N33: Peasant_Capacity | O33: 1200 | P33: 12 | Q33: 24 | V33: 0 | BH33: 32 | BI33: Buff_BuilDetail_3307 | BJ33: 每小时恢复人气值 | BK33: 1 | BL33: 29 | BM33: 32 | BN33: Buff_BuilDetail_1403 | BO33: 帮助减少时间(秒)
A34: 居民房舍 | B34: 13 | E34: 2 | F34: 3 | G34: 居民房舍13 | H34: 每小时居民房舍产出铜币 | I34: BronzePerHour | J34: 1255 | K34: 740 | L34: 2220 | M34: 村民人口上限 | N34: Peasant_Capacity | O34: 1200 | P34: 13 | Q34: 39 | V34: 0 | BH34: 33 | BI34: Buff_BuilDetail_1202 | BJ34: 居民房舍建造上限 | BK34: 1 | BL34: 30 | BM34: 33 | BN34: Buff_BuilDetail_1205 | BO34: 磨坊建造上限
... A36: 居民房舍 | B36: 15 | E36: 2 | F36: 3 | G36: 居民房舍15 | H36: 每小时居民房舍产出铜币 | I36: BronzePerHour | J36: 1255 | K36: 900 | L36: 2700 | M36: 村民人口上限 | N36: Peasant_Capacity | O36: 1200 | P36: 15 | Q36: 45 | V36: 0 | BH36: 35 | BI36: Buff_BuilDetail_1403 | BJ36: 联盟帮助时间减少 | BK36: 1 | BL36: 32 | BM36: 35 | BN36: Buff_BuilDetail_1209 | BO36: 伐木场建造上限
A37: 居民房舍 | B37: 16 | E37: 2 | F37: 4 | G37: 居民房舍16 | H37: 每小时居民房舍产出铜币 | I37: BronzePerHour | J37: 1255 | K37: 1000 | L37: 4000 | M37: 村民人口上限 | N37: Peasant_Capacity | O37: 1200 | P37: 16 | Q37: 64 | V37: 0 | BH37: 36 | BI37: Buff_BuilDetail_1205 | BJ37: 磨坊建造上限 | BK37: 1 | BL37: 33 | BM37: 36
A38: 居民房舍 | B38: 17 | E38: 2 | F38: 4 | G38: 居民房舍17 | H38: 每小时居民房舍产出铜币 | I38: BronzePerHour | J38: 1255 | K38: 1100 | L38: 4400 | M38: 村民人口上限 | N38: Peasant_Capacity | O38: 1200 | P38: 17 | Q38: 68 | V38: 0 | BH38: 37 | BI38: Buff_BuilDetail_3312 | BJ38: 医馆加速储存上限 | BK38: 1 | BL38: 34 | BM38: 37 | BN38: #N/A | BO38: #N/A
A39: 居民房舍 | B39: 18 | E39: 2 | F39: 4 | G39: 居民房舍18 | H39: 每小时居民房舍产出铜币 | I39: BronzePerHour | J39: 1255 | K39: 1200 | L39: 4800 | M39: 村民人口上限 | N39: Peasant_Capacity | O39: 1200 | P39: 18 | Q39: 72 | V39: 0 | BH39: 38 | BI39: Buff_BuilDetail_1209 | BJ39: 伐木场建造上限 | BK39: 1 | BL39: 35 | BM39: 38 | BN39: #N/A | BO39: #N/A
A40: 居民房舍 | B40: 19 | E40: 2 | F40: 4 | G40: 居民房舍19 | H40: 每小时居民房舍产出铜币 | I40: BronzePerHour | J40: 1255 | K40: 1300 | L40: 5200 | M40: 村民人口上限 | N40: Peasant_Capacity | O40: 1200 | P40: 19 | Q40: 76 | V40: 0 | BH40: 39 | BK40: 1 | BL40: 36 | BM40: 39 | BN40: #N/A | BO40: #N/A
A41: 居民房舍 | B41: 20 | E41: 2 | F41: 4 | G41: 居民房舍20 | H41: 每小时居民房舍产出铜币 | I41: BronzePerHour | J41: 1255 | K41: 1400 | L41: 5600 | M41: 村民人口上限 | N41: Peasant_Capacity | O41: 1200 | P41: 20 | Q41: 80 | V41: 0 | BH41: 40 | BK41: 0.5 | BM41: 40 | BN41: #N/A | BO41: #N/A
A42: 磨坊 | B42: 1 | F42: 1 | G42: 磨坊1 | H42: 每小时磨坊产出食物 | I42: Mill_FoodSpeed | J42: 1015 | K42: 200 | L42: 200 | M42: 农田建造上限 | N42: BuildingCapacity_FarmLand | O42: 1206 | P42: 2 | Q42: 2 | V42: 0 | AQ42: 1:2 | AR42: Buff_BuilDetail_1015:Buff_BuilDetail_1206 | AS42: Buff_BuilDetail_1015 | AT42: 每小时磨坊产出食物 | AU42: 3 | AV42: Buff_BuilDetail_1206 | AW42: 农田建造上限 | AX42: 21 | BH42: 41 | BK42: 0.33333333 | BM42: 41
A43: 磨坊 | B43: 2 | F43: 1 | G43: 磨坊2 | H43: 每小时磨坊产出食物 | I43: Mill_FoodSpeed | J43: 1015 | K43: 400 | L43: 400 | M43: 农田建造上限 | N43: BuildingCapacity_FarmLand | O43: 1206 | P43: 2 | Q43: 2 | V43: 0 | BH43: 42 | BK43: 0.25 | BM43: 42
A44: 磨坊 | B44: 3 | F44: 2 | G44: 磨坊3 | H44: 每小时磨坊产出食物 | I44: Mill_FoodSpeed | J44: 1015 | K44: 600 | L44: 1200 | M44: 农田建造上限 | N44: BuildingCapacity_FarmLand | O44: 1206 | P44: 2 | Q44: 4 | V44: 0 | BH44: 43 | BK44: 0.2 | BM44: 43
A45: 磨坊 | B45: 4 | F45: 2 | G45: 磨坊4 | H45: 每小时磨坊产出食物 | I45: Mill_FoodSpeed | J45: 1015 | K45: 800 | L45: 1600 | M45: 农田建造上限 | N45: BuildingCapacity_FarmLand | O45: 1206 | P45: 2 | Q45: 4 | V45: 0 | BH45: 44 | BK45: 0.16666667 | BM45: 44
A46: 磨坊 | B46: 5 | F46: 2 | G46: 磨坊5 | H46: 每小时磨坊产出食物 | I46: Mill_FoodSpeed | J46: 1015 | K46: 1000 | L46: 2000 | M46: 农田建造上限 | N46: BuildingCapacity_FarmLand | O46: 1206 | P46: 2 | Q46: 4 | V46: 0 | BH46: 45 | BK46: 0.14285714 | BM46: 45
A47: 磨坊 | B47: 6 | F47: 2 | G47: 磨坊6 | H47: 每小时磨坊产出食物 | I47: Mill_FoodSpeed | J47: 1015 | K47: 1300 | L47: 2600 | M47: 农田建造上限 | N47: BuildingCapacity_FarmLand | O47: 1206 | P47: 2 | Q47: 4 | V47: 0 | BH47: 46 | BK47: 0.125 | BM47: 46
A48: 磨坊 | B48: 7 | F48: 2 | G48: 磨坊7 | H48: 每小时磨坊产出食物 | I48: Mill_FoodSpeed | J48: 1015 | K48: 1600 | L48: 3200 | M48: 农田建造上限 | N48: BuildingCapacity_FarmLand | O48: 1206 | P48: 2 | Q48: 4 | V48: 0 | BH48: 47 | BK48: 0.11111111 | BM48: 47
A49: 磨坊 | B49: 8 | F49: 2 | G49: 磨坊8 | H49: 每小时磨坊产出食物 | I49: Mill_FoodSpeed | J49: 1015 | K49: 1900 | L49: 3800 | M49: 农田建造上限 | N49: BuildingCapacity_FarmLand | O49: 1206 | P49: 2 | Q49: 4 | V49: 0 | BH49: 48 | BK49: 0.1 | BM49: 48
A50: 磨坊 | B50: 9 | F50: 2 | G50: 磨坊9 | H50: 每小时磨坊产出食物 | I50: Mill_FoodSpeed | J50: 1015 | K50: 2200 | L50: 4400 | M50: 农田建造上限 | N50: BuildingCapacity_FarmLand | O50: 1206 | P50: 3 | Q50: 6 | V50: 0
A51: 磨坊 | B51: 10 | F51: 3 | G51: 磨坊10 | H51: 每小时磨坊产出食物 | I51: Mill_FoodSpeed | J51: 1015 | K51: 2500 | L51: 7500 | M51: 农田建造上限 | N51: BuildingCapacity_FarmLand | O51: 1206 | P51: 3 | Q51: 9 | V51: 0
A52: 磨坊 | B52: 11 | F52: 3 | G52: 磨坊11 | H52: 每小时磨坊产出食物 | I52: Mill_FoodSpeed | J52: 1015 | K52: 3000 | L52: 9000 | M52: 农田建造上限 | N52: BuildingCapacity_FarmLand | O52: 1206 | P52: 3 | Q52: 9 | V52: 0
A53: 磨坊 | B53: 12 | F53: 3 | G53: 磨坊12 | H53: 每小时磨坊产出食物 | I53: Mill_FoodSpeed | J53: 1015 | K53: 3500 | L53: 10500 | M53: 农田建造上限 | N53: BuildingCapacity_FarmLand | O53: 1206 | P53: 3 | Q53: 9 | V53: 0
A54: 磨坊 | B54: 13 | F54: 3 | G54: 磨坊13 | H54: 每小时磨坊产出食物 | I54: Mill_FoodSpeed | J54: 1015 | K54: 4000 | L54: 12000 | M54: 农田建造上限 | N54: BuildingCapacity_FarmLand | O54: 1206 | P54: 3 | Q54: 9 | V54: 0
A55: 磨坊 | B55: 14 | F55: 4 | G55: 磨坊14 | H55: 每小时磨坊产出食物 | I55: Mill_FoodSpeed | J55: 1015 | K55: 4500 | L55: 18000 | M55: 农田建造上限 | N55: BuildingCapacity_FarmLand | O55: 1206 | P55: 3 | Q55: 12 | V55: 0
A56: 磨坊 | B56: 15 | F56: 4 | G56: 磨坊15 | H56: 每小时磨坊产出食物 | I56: Mill_FoodSpeed | J56: 1015 | K56: 5000 | L56: 20000 | M56: 农田建造上限 | N56: BuildingCapacity_FarmLand | O56: 1206 | P56: 3 | Q56: 12 | V56: 0
A57: 磨坊 | B57: 16 | F57: 4 | G57: 磨坊16 | H57: 每小时磨坊产出食物 | I57: Mill_FoodSpeed | J57: 1015 | K57: 5600 | L57: 22400 | M57: 农田建造上限 | N57: BuildingCapacity_FarmLand | O57: 1206 | P57: 3 | Q57: 12 | V57: 0
A58: 磨坊 | B58: 17 | F58: 4 | G58: 磨坊17 | H58: 每小时磨坊产出食物 | I58: Mill_FoodSpeed | J58: 1015 | K58: 6200 | L58: 24800 | M58: 农田建造上限 | N58: BuildingCapacity_FarmLand | O58: 1206 | P58: 4 | Q58: 16 | V58: 0
A59: 磨坊 | B59: 18 | F59: 4 | G59: 磨坊18 | H59: 每小时磨坊产出食物 | I59: Mill_FoodSpeed | J59: 1015 | K59: 6800 | L59: 27200 | M59: 农田建造上限 | N59: BuildingCapacity_FarmLand | O59: 1206 | P59: 4 | Q59: 16 | V59: 0
A60: 磨坊 | B60: 19 | F60: 4 | G60: 磨坊19 | H60: 每小时磨坊产出食物 | I60: Mill_FoodSpeed | J60: 1015 | K60: 7400 | L60: 29600 | M60: 农田建造上限 | N60: BuildingCapacity_FarmLand | O60: 1206 | P60: 4 | Q60: 16 | V60: 0
A61: 磨坊 | B61: 20 | F61: 4 | G61: 磨坊20 | H61: 每小时磨坊产出食物 | I61: Mill_FoodSpeed | J61: 1015 | K61: 8000 | L61: 32000 | M61: 农田建造上限 | N61: BuildingCapacity_FarmLand | O61: 1206 | P61: 4 | Q61: 16 | V61: 0
A62: 伐木场 | B62: 1 | E62: 4 | F62: 1 | G62: 伐木场1 | H62: 每小时伐木场产出木材 | I62: Lumber_WoodSpeed | J62: 1017 | K62: 200 | L62: 200 | Q62: 0 | V62: 0 | AQ62: 1 | AR62: Buff_BuilDetail_1017 | AS62: Buff_BuilDetail_1017 | AT62: 每小时伐木场产出木材 | AU62: 4
A63: 伐木场 | B63: 2 | E63: 4 | F63: 1 | G63: 伐木场2 | H63: 每小时伐木场产出木材 | I63: Lumber_WoodSpeed | J63: 1017 | K63: 400 | L63: 400 | Q63: 0 | V63: 0
A64: 伐木场 | B64: 3 | E64: 4 | F64: 1 | G64: 伐木场3 | H64: 每小时伐木场产出木材 | I64: Lumber_WoodSpeed | J64: 1017 | K64: 600 | L64: 600 | Q64: 0 | V64: 0
A65: 伐木场 | B65: 4 | E65: 4 | F65: 2 | G65: 伐木场4 | H65: 每小时伐木场产出木材 | I65: Lumber_WoodSpeed | J65: 1017 | K65: 800 | L65: 1600 | Q65: 0 | V65: 0
A66: 伐木场 | B66: 5 | E66: 4 | F66: 2 | G66: 伐木场5 | H66: 每小时伐木场产出木材 | I66: Lumber_WoodSpeed | J66: 1017 | K66: 1000 | L66: 2000 | Q66: 0 | V66: 0
A67: 伐木场 | B67: 6 | E67: 4 | F67: 2 | G67: 伐木场6 | H67: 每小时伐木场产出木材 | I67: Lumber_WoodSpeed | J67: 1017 | K67: 1300 | L67: 2600 | Q67: 0 | V67: 0
A68: 伐木场 | B68: 7 | E68: 4 | F68: 2 | G68: 伐木场7 | H68: 每小时伐木场产出木材 | I68: Lumber_WoodSpeed | J68: 1017 | K68: 1600 | L68: 3200 | Q68: 0 | V68: 0
A69: 伐木场 | B69: 8 | E69: 4 | F69: 2 | G69: 伐木场8 | H69: 每小时伐木场产出木材 | I69: Lumber_WoodSpeed | J69: 1017 | K69: 1900 | L69: 3800 | Q69: 0 | V69: 0
A70: 伐木场 | B70: 9 | E70: 4 | F70: 2 | G70: 伐木场9 | H70: 每小时伐木场产出木材 | I70: Lumber_WoodSpeed | J70: 1017 | K70: 2200 | L70: 4400 | Q70: 0 | V70: 0
A71: 伐木场 | B71: 10 | E71: 4 | F71: 2 | G71: 伐木场10 | H71: 每小时伐木场产出木材 | I71: Lumber_WoodSpeed | J71: 1017 | K71: 2500 | L71: 5000 | Q71: 0 | V71: 0
A72: 伐木场 | B72: 11 | E72: 4 | F72: 3 | G72: 伐木场11 | H72: 每小时伐木场产出木材 | I72: Lumber_WoodSpeed | J72: 1017 | K72: 3000 | L72: 9000 | Q72: 0 | V72: 0
A73: 伐木场 | B73: 12 | E73: 4 | F73: 3 | G73: 伐木场12 | H73: 每小时伐木场产出木材 | I73: Lumber_WoodSpeed | J73: 1017 | K73: 3500 | L73: 10500 | Q73: 0 | V73: 0
A74: 伐木场 | B74: 13 | E74: 4 | F74: 3 | G74: 伐木场13 | H74: 每小时伐木场产出木材 | I74: Lumber_WoodSpeed | J74: 1017 | K74: 4000 | L74: 12000 | Q74: 0 | V74: 0
... A81: 伐木场 | B81: 20 | E81: 4 | F81: 4 | G81: 伐木场20 | H81: 每小时伐木场产出木材 | I81: Lumber_WoodSpeed | J81: 1017 | K81: 8000 | L81: 32000 | Q81: 0 | V81: 0
A82: 石矿场 | B82: 1 | C82: 2 | E82: 5 | F82: 0 | G82: 石矿场1 | H82: 每小时石矿场产出石头 | I82: Ironmine_StoneSpeed | J82: 1018 | K82: 200 | L82: 200 | Q82: 0 | V82: 0 | AQ82: 1 | AR82: Buff_BuilDetail_1018 | AS82: Buff_BuilDetail_1018 | AT82: 每小时石矿场产出石头 | AU82: 5
A83: 石矿场 | B83: 2 | C83: 2 | E83: 5 | F83: 0 | G83: 石矿场2 | H83: 每小时石矿场产出石头 | I83: Ironmine_StoneSpeed | J83: 1018 | K83: 400 | L83: 400 | Q83: 0 | V83: 0
A84: 石矿场 | B84: 3 | C84: 2 | E84: 5 | F84: 0 | G84: 石矿场3 | H84: 每小时石矿场产出石头 | I84: Ironmine_StoneSpeed | J84: 1018 | K84: 600 | L84: 600 | Q84: 0 | V84: 0
A85: 石矿场 | B85: 4 | C85: 2 | E85: 5 | F85: 0 | G85: 石矿场4 | H85: 每小时石矿场产出石头 | I85: Ironmine_StoneSpeed | J85: 1018 | K85: 800 | L85: 800 | Q85: 0 | V85: 0
A86: 石矿场 | B86: 5 | C86: 2 | E86: 5 | F86: 2 | G86: 石矿场5 | H86: 每小时石矿场产出石头 | I86: Ironmine_StoneSpeed | J86: 1018 | K86: 1000 | L86: 2000 | Q86: 0 | V86: 0
A87: 石矿场 | B87: 6 | C87: 2 | E87: 5 | F87: 2 | G87: 石矿场6 | H87: 每小时石矿场产出石头 | I87: Ironmine_StoneSpeed | J87: 1018 | K87: 1300 | L87: 2600 | Q87: 0 | V87: 0
A88: 石矿场 | B88: 7 | C88: 2 | E88: 5 | F88: 2 | G88: 石矿场7 | H88: 每小时石矿场产出石头 | I88: Ironmine_StoneSpeed | J88: 1018 | K88: 1600 | L88: 3200 | Q88: 0 | V88: 0
A89: 石矿场 | B89: 8 | C89: 2 | E89: 5 | F89: 2 | G89: 石矿场8 | H89: 每小时石矿场产出石头 | I89: Ironmine_StoneSpeed | J89: 1018 | K89: 1900 | L89: 3800 | Q89: 0 | V89: 0
A90: 石矿场 | B90: 9 | C90: 2 | E90: 5 | F90: 2 | G90: 石矿场9 | H90: 每小时石矿场产出石头 | I90: Ironmine_StoneSpeed | J90: 1018 | K90: 2200 | L90: 4400 | Q90: 0 | V90: 0
A91: 石矿场 | B91: 10 | C91: 2 | E91: 5 | F91: 2 | G91: 石矿场10 | H91: 每小时石矿场产出石头 | I91: Ironmine_StoneSpeed | J91: 1018 | K91: 2500 | L91: 5000 | Q91: 0 | V91: 0
A92: 石矿场 | B92: 11 | C92: 2 | E92: 5 | F92: 2 | G92: 石矿场11 | H92: 每小时石矿场产出石头 | I92: Ironmine_StoneSpeed | J92: 1018 | K92: 3000 | L92: 6000 | Q92: 0 | V92: 0
A93: 石矿场 | B93: 12 | C93: 2 | E93: 5 | F93: 2 | G93: 石矿场12 | H93: 每小时石矿场产出石头 | I93: Ironmine_StoneSpeed | J93: 1018 | K93: 3500 | L93: 7000 | Q93: 0 | V93: 0
A94: 石矿场 | B94: 13 | C94: 2 | E94: 5 | F94: 2 | G94: 石矿场13 | H94: 每小时石矿场产出石头 | I94: Ironmine_StoneSpeed | J94: 1018 | K94: 4000 | L94: 8000 | Q94: 0 | V94: 0
... A101: 石矿场 | B101: 20 | C101: 2 | E101: 5 | F101: 2 | G101: 石矿场20 | H101: 每小时石矿场产出石头 | I101: Ironmine_StoneSpeed | J101: 1018 | K101: 8000 | L101: 16000 | Q101: 0 | V101: 0
A102: 金矿场 | B102: 1 | C102: 3 | E102: 10 | F102: 0 | G102: 金矿场1 | H102: 每小时金矿场产出黄金 | I102: Ironmine_GoldSpeed | J102: 1019 | K102: 200 | L102: 200 | Q102: 0 | V102: 0 | AQ102: 1 | AR102: Buff_BuilDetail_1019 | AS102: Buff_BuilDetail_1019 | AT102: 每小时金矿场产出黄金 | AU102: 6
A103: 金矿场 | B103: 2 | C103: 3 | E103: 10 | F103: 0 | G103: 金矿场2 | H103: 每小时金矿场产出黄金 | I103: Ironmine_GoldSpeed | J103: 1019 | K103: 400 | L103: 400 | Q103: 0 | V103: 0
A104: 金矿场 | B104: 3 | C104: 3 | E104: 10 | F104: 0 | G104: 金矿场3 | H104: 每小时金矿场产出黄金 | I104: Ironmine_GoldSpeed | J104: 1019 | K104: 600 | L104: 600 | Q104: 0 | V104: 0
A105: 金矿场 | B105: 4 | C105: 3 | E105: 10 | F105: 0 | G105: 金矿场4 | H105: 每小时金矿场产出黄金 | I105: Ironmine_GoldSpeed | J105: 1019 | K105: 800 | L105: 800 | Q105: 0 | V105: 0
A106: 金矿场 | B106: 5 | C106: 3 | E106: 10 | F106: 0 | G106: 金矿场5 | H106: 每小时金矿场产出黄金 | I106: Ironmine_GoldSpeed | J106: 1019 | K106: 1000 | L106: 1000 | Q106: 0 | V106: 0
A107: 金矿场 | B107: 6 | C107: 3 | E107: 10 | F107: 0 | G107: 金矿场6 | H107: 每小时金矿场产出黄金 | I107: Ironmine_GoldSpeed | J107: 1019 | K107: 1300 | L107: 1300 | Q107: 0 | V107: 0
A108: 金矿场 | B108: 7 | C108: 3 | E108: 10 | F108: 0 | G108: 金矿场7 | H108: 每小时金矿场产出黄金 | I108: Ironmine_GoldSpeed | J108: 1019 | K108: 1600 | L108: 1600 | Q108: 0 | V108: 0
A109: 金矿场 | B109: 8 | C109: 3 | E109: 10 | F109: 0 | G109: 金矿场8 | H109: 每小时金矿场产出黄金 | I109: Ironmine_GoldSpeed | J109: 1019 | K109: 1900 | L109: 1900 | Q109: 0 | V109: 0
A110: 金矿场 | B110: 9 | C110: 3 | E110: 10 | F110: 0 | G110: 金矿场9 | H110: 每小时金矿场产出黄金 | I110: Ironmine_GoldSpeed | J110: 1019 | K110: 2200 | L110: 2200 | Q110: 0 | V110: 0
A111: 金矿场 | B111: 10 | C111: 3 | E111: 10 | F111: 2 | G111: 金矿场10 | H111: 每小时金矿场产出黄金 | I111: Ironmine_GoldSpeed | J111: 1019 | K111: 2500 | L111: 5000 | Q111: 0 | V111: 0
A112: 金矿场 | B112: 11 | C112: 3 | E112: 10 | F112: 2 | G112: 金矿场11 | H112: 每小时金矿场产出黄金 | I112: Ironmine_GoldSpeed | J112: 1019 | K112: 3000 | L112: 6000 | Q112: 0 | V112: 0
A113: 金矿场 | B113: 12 | C113: 3 | E113: 10 | F113: 2 | G113: 金矿场12 | H113: 每小时金矿场产出黄金 | I113: Ironmine_GoldSpeed | J113: 1019 | K113: 3500 | L113: 7000 | Q113: 0 | V113: 0
...

Sheet #建筑消耗索引
A1: 建筑名称 | B1: 建筑等级 | C1: 辅助列 | D1: 建筑数量 | E1: 高活跃 | L1: 资源 | Z1: 设计时间 | AG1: 实际时间 | AJ1: 单建筑 总价值-RMB | AK1: 单建筑 战斗力 | AL1: 多建筑 战斗力 | AM1: 单建筑 累计战力 | AN1: 多建筑 累计战力 | AO1: 战力性价比 | AP1: 单建筑原始时间-分 | AQ1: 单建筑原始时间-小时 | AR1: 单建筑实际时间累积-S | AS1: 单建筑累积资源 | AT1: 单资源最大值
E2: 建筑加速 百分比 | F2: 建筑加速 绝对值 | G2: 资源修正系数 | H2: 资源消耗权重 | L2: 单建筑资源实际消耗 | P2: 数据验证(保证消耗递增，不可为负) | Q2: 多建筑资源实际消耗 | U2: 单建筑资源总消耗 | V2: 多建筑资源总消耗 | W2: 同建筑累计消耗 | X2: 单建筑资源价值-RMB | Y2: 多建筑资源价值-RMB | Z2: 时间消耗 | AA2: 时间修正 系数 | AB2: 原始时间消耗-S | AC2: 多建筑原始时间消耗-S | AD2: 同建筑累计时间-S | AE2: 单建筑时间价值-RMB | AF2: 多建筑时间价值-RMB | AG2: 单建筑实际时间-S | AH2: 多建筑实际时间-S | AI2: 多建筑实际累计时间
H3: 食物 | I3: 木材 | J3: 石头 | K3: 黄金 | L3: 食物 | M3: 木材 | N3: 石头 | O3: 黄金 | Q3: 食物 | R3: 木材 | S3: 石头 | T3: 黄金
A4: 城镇中心 | B4: 1 | C4: 城镇中心1 | D4: 1 | E4: 0 | F4: 0 | G4: 1 | H4: 0 | I4: 1 | J4: 0 | K4: 0 | L4: 0 | M4: 1500 | N4: 0 | O4: 0 | P4: 375 | Q4: 0 | R4: 1500 | S4: 0 | T4: 0 | U4: 1500 | V4: 1500 | W4: 1500 | X4: 0.15 | Y4: 0.15 | Z4: 120 | AA4: 0.001 | AB4: 1 | AC4: 1 | AD4: 1 | AE4: 0.00083333333 | AF4: 0.00083333333 | AG4: 1 | AH4: 1 | AI4: 1 | AJ4: 0.15083333 | AK4: 300 | AL4: 300 | AM4: 300 | AN4: 300 | AO4: 1988.9503 | AP4: 0.016666667 | AQ4: 0.00027777778 | AR4: 1 | AS4: 1500 | AT4: 1500
A5: 城镇中心 | B5: 2 | C5: 城镇中心2 | D5: 1 | E5: 0 | F5: 0 | G5: 1 | H5: 0 | I5: 1 | J5: 0 | K5: 0 | L5: 0 | M5: 3000 | N5: 0 | O5: 0 | P5: 375 | Q5: 0 | R5: 3000 | S5: 0 | T5: 0 | U5: 3000 | V5: 3000 | W5: 3000 | X5: 0.3 | Y5: 0.3 | Z5: 240 | AA5: 0.061 | AB5: 15 | AC5: 15 | AD5: 15 | AE5: 0.0125 | AF5: 0.0125 | AG5: 15 | AH5: 15 | AI5: 16 | AJ5: 0.3125 | AK5: 360 | AL5: 360 | AM5: 660 | AN5: 660 | AO5: 1152 | AP5: 0.25 | AQ5: 0.0041666667 | AR5: 16 | AS5: 4500 | AT5: 3000
A6: 城镇中心 | B6: 3 | C6: 城镇中心3 | D6: 1 | E6: 0 | F6: 0 | G6: 1 | H6: 0 | I6: 1 | J6: 0 | K6: 0 | L6: 0 | M6: 6000 | N6: 0 | O6: 0 | P6: 750 | Q6: 0 | R6: 6000 | S6: 0 | T6: 0 | U6: 6000 | V6: 6000 | W6: 6000 | X6: 0.6 | Y6: 0.6 | Z6: 480 | AA6: 0.1 | AB6: 48 | AC6: 48 | AD6: 48 | AE6: 0.04 | AF6: 0.04 | AG6: 48 | AH6: 48 | AI6: 64 | AJ6: 0.64 | AK6: 430 | AL6: 430 | AM6: 1090 | AN6: 1090 | AO6: 671.875 | AP6: 0.8 | AQ6: 0.013333333 | AR6: 64 | AS6: 10500 | AT6: 6000
A7: 城镇中心 | B7: 4 | C7: 城镇中心4 | D7: 1 | E7: 0 | F7: 0 | G7: 1 | H7: 0 | I7: 1 | J7: 0 | K7: 0 | L7: 0 | M7: 12000 | N7: 0 | O7: 0 | P7: 1500 | Q7: 0 | R7: 12000 | S7: 0 | T7: 0 | U7: 12000 | V7: 12000 | W7: 18000 | X7: 1.2 | Y7: 1.2 | Z7: 960 | AA7: 0.5 | AB7: 480 | AC7: 480 | AD7: 528 | AE7: 0.4 | AF7: 0.4 | AG7: 480 | AH7: 480 | AI7: 544 | AJ7: 1.6 | AK7: 520 | AL7: 520 | AM7: 1610 | AN7: 1610 | AO7: 325 | AP7: 8 | AQ7: 0.13333333 | AR7: 544 | AS7: 22500 | AT7: 12000
A8: 城镇中心 | B8: 5 | C8: 城镇中心5 | D8: 1 | E8: 0 | F8: 0 | G8: 1 | H8: 0 | I8: 1 | J8: 0 | K8: 0 | L8: 0 | M8: 24000 | N8: 0 | O8: 0 | P8: 3000 | Q8: 0 | R8: 24000 | S8: 0 | T8: 0 | U8: 24000 | V8: 24000 | W8: 42000 | X8: 2.4 | Y8: 2.4 | Z8: 1920 | AA8: 0.9 | AB8: 1728 | AC8: 1728 | AD8: 2256 | AE8: 1.44 | AF8: 1.44 | AG8: 1728 | AH8: 1728 | AI8: 2272 | AJ8: 3.84 | AK8: 620 | AL8: 620 | AM8: 2230 | AN8: 2230 | AO8: 161.45833 | AP8: 28.8 | AQ8: 0.48 | AR8: 2272 | AS8: 46500 | AT8: 24000
A9: 城镇中心 | B9: 6 | C9: 城镇中心6 | D9: 1 | E9: 0 | F9: 0 | G9: 1 | H9: 0 | I9: 1 | J9: 1 | K9: 0 | L9: 0 | M9: 24000 | N9: 24000 | O9: 0 | P9: 6000 | Q9: 0 | R9: 24000 | S9: 24000 | T9: 0 | U9: 48000 | V9: 48000 | W9: 90000 | X9: 4.8 | Y9: 4.8 | Z9: 3840 | AA9: 1 | AB9: 3840 | AC9: 3840 | AD9: 6096 | AE9: 3.2 | AF9: 3.2 | AG9: 3840 | AH9: 3840 | AI9: 6112 | AJ9: 8 | AK9: 740 | AL9: 740 | AM9: 2970 | AN9: 2970 | AO9: 92.5 | AP9: 64 | AQ9: 1.0666667 | AR9: 6112 | AS9: 94500 | AT9: 24000
A10: 城镇中心 | B10: 7 | C10: 城镇中心7 | D10: 1 | E10: 0 | F10: 0 | G10: 1 | H10: 0 | I10: 1 | J10: 1 | K10: 0 | L10: 0 | M10: 48000 | N10: 48000 | O10: 0 | P10: 12000 | Q10: 0 | R10: 48000 | S10: 48000 | T10: 0 | U10: 96000 | V10: 96000 | W10: 186000 | X10: 9.6 | Y10: 9.6 | Z10: 7680 | AA10: 1 | AB10: 7680 | AC10: 7680 | AD10: 13776 | AE10: 6.4 | AF10: 6.4 | AG10: 7680 | AH10: 7680 | AI10: 13792 | AJ10: 16 | AK10: 890 | AL10: 890 | AM10: 3860 | AN10: 3860 | AO10: 55.625 | AP10: 128 | AQ10: 2.1333333 | AR10: 13792 | AS10: 190500 | AT10: 48000
A11: 城镇中心 | B11: 8 | C11: 城镇中心8 | D11: 1 | E11: 0 | F11: 0 | G11: 1 | H11: 0 | I11: 1 | J11: 1 | K11: 0 | L11: 0 | M11: 96000 | N11: 96000 | O11: 0 | P11: 24000 | Q11: 0 | R11: 96000 | S11: 96000 | T11: 0 | U11: 192000 | V11: 192000 | W11: 378000 | X11: 19.2 | Y11: 19.2 | Z11: 15360 | AA11: 1 | AB11: 15360 | AC11: 15360 | AD11: 29136 | AE11: 12.8 | AF11: 12.8 | AG11: 15360 | AH11: 15360 | AI11: 29152 | AJ11: 32 | AK11: 1100 | AL11: 1100 | AM11: 4960 | AN11: 4960 | AO11: 34.375 | AP11: 256 | AQ11: 4.2666667 | AR11: 29152 | AS11: 382500 | AT11: 96000
A12: 城镇中心 | B12: 9 | C12: 城镇中心9 | D12: 1 | E12: 0 | F12: 0 | G12: 1 | H12: 0 | I12: 1 | J12: 1 | K12: 0 | L12: 0 | M12: 160000 | N12: 160000 | O12: 0 | P12: 32000 | Q12: 0 | R12: 160000 | S12: 160000 | T12: 0 | U12: 320000 | V12: 320000 | W12: 698000 | X12: 32 | Y12: 32 | Z12: 26112 | AA12: 1 | AB12: 26112 | AC12: 26112 | AD12: 55248 | AE12: 21.76 | AF12: 21.76 | AG12: 26112 | AH12: 26112 | AI12: 55264 | AJ12: 53.76 | AK12: 1300 | AL12: 1300 | AM12: 6260 | AN12: 6260 | AO12: 24.181548 | AP12: 435.2 | AQ12: 7.2533333 | AR12: 55264 | AS12: 702500 | AT12: 160000
A13: 城镇中心 | B13: 10 | C13: 城镇中心10 | D13: 1 | E13: 0 | F13: 0 | G13: 1 | H13: 0 | I13: 1 | J13: 1 | K13: 0 | L13: 0 | M13: 280000 | N13: 280000 | O13: 0 | P13: 60000 | Q13: 0 | R13: 280000 | S13: 280000 | T13: 0 | U13: 560000 | V13: 560000 | W13: 1258000 | X13: 56 | Y13: 56 | Z13: 41779 | AA13: 1 | AB13: 41779 | AC13: 41779 | AD13: 97027 | AE13: 34.815833 | AF13: 34.815833 | AG13: 41779 | AH13: 41779 | AI13: 97043 | AJ13: 90.815833 | AK13: 1600 | AL13: 1600 | AM13: 7860 | AN13: 7860 | AO13: 17.618073 | AP13: 696.31667 | AQ13: 11.605278 | AR13: 97043 | AS13: 1262500 | AT13: 280000
A14: 城镇中心 | B14: 11 | C14: 城镇中心11 | D14: 1 | E14: 0 | F14: 0 | G14: 1 | H14: 0 | I14: 1 | J14: 1 | K14: 1 | L14: 0 | M14: 300000 | N14: 300000 | O14: 300000 | P14: 85000 | Q14: 0 | R14: 300000 | S14: 300000 | T14: 300000 | U14: 900000 | V14: 900000 | W14: 2158000 | X14: 90 | Y14: 90 | Z14: 56402 | AA14: 1 | AB14: 56402 | AC14: 56402 | AD14: 153429 | AE14: 47.001667 | AF14: 47.001667 | AG14: 56402 | AH14: 56402 | AI14: 153445 | AJ14: 137.00167 | AK14: 2200 | AL14: 2200 | AM14: 10060 | AN14: 10060 | AO14: 16.058199 | AP14: 940.03333 | AQ14: 15.667222 | AR14: 153445 | AS14: 2162500 | AT14: 300000
A15: 城镇中心 | B15: 12 | C15: 城镇中心12 | D15: 1 | E15: 0 | F15: 0 | G15: 1 | H15: 0 | I15: 1 | J15: 1 | K15: 1 | L15: 0 | M15: 470000 | N15: 470000 | O15: 470000 | P15: 127500 | Q15: 0 | R15: 470000 | S15: 470000 | T15: 470000 | U15: 1410000 | V15: 1410000 | W15: 3568000 | X15: 141 | Y15: 141 | Z15: 76143 | AA15: 1 | AB15: 76143 | AC15: 76143 | AD15: 229572 | AE15: 63.4525 | AF15: 63.4525 | AG15: 76143 | AH15: 76143 | AI15: 229588 | AJ15: 204.4525 | AK15: 3000 | AL15: 3000 | AM15: 13060 | AN15: 13060 | AO15: 14.673335 | AP15: 1269.05 | AQ15: 21.150833 | AR15: 229588 | AS15: 3572500 | AT15: 470000
... A303: 治疗房舍 | B303: 20 | C303: 治疗房舍20 | D303: 1 | E303: 0 | F303: 0 | G303: 1 | H303: 0 | I303: 1 | J303: 1 | K303: 3 | L303: 0 | M303: 1700000 | N303: 1700000 | O303: 5100000 | P303: 500000 | Q303: 0 | R303: 1700000 | S303: 1700000 | T303: 5100000 | U303: 8500000 | V303: 8500000 | W303: 32772000 | X303: 850 | Y303: 850 | Z303: 414833 | AA303: 1 | AB303: 414833 | AC303: 414833 | AD303: 1376881 | AE303: 345.69417 | AF303: 345.69417 | AG303: 414833 | AH303: 414833 | AI303: 1376888 | AJ303: 1195.6942 | AK303: 14000 | AL303: 14000 | AM303: 53630 | AN303: 53630 | AO303: 11.70868 | AP303: 6913.8833 | AQ303: 115.23139 | AR303: 1376888 | AS303: 32773800 | AT303: 5100000
A304: 大使馆 | B304: 1 | C304: 大使馆1 | D304: 1 | E304: 0 | F304: 0 | G304: 1 | H304: 0 | I304: 2 | J304: 0 | K304: 0 | L304: 0 | M304: 900 | N304: 0 | O304: 0 | P304: #REF! | Q304: 0 | R304: 900 | S304: 0 | T304: 0 | U304: 900 | V304: 900 | W304: 900 | X304: 0.09 | Y304: 0.09 | Z304: 72 | AA304: 0.001 | AB304: 1 | AC304: 1 | AD304: 1 | AE304: 0.00083333333 | AF304: 0.00083333333 | AG304: 1 | AH304: 1 | AI304: 1 | AJ304: 0.090833333 | AK304: 180 | AL304: 180 | AM304: 180 | AN304: 180 | AO304: 1981.6514 | AP304: 0.016666667 | AQ304: 0.00027777778 | AR304: 1 | AS304: 900 | AT304: 900
A305: 大使馆 | B305: 2 | C305: 大使馆2 | D305: 1 | E305: 0 | F305: 0 | G305: 1 | H305: 0 | I305: 2 | J305: 0 | K305: 0 | L305: 0 | M305: 1800 | N305: 0 | O305: 0 | P305: 225 | Q305: 0 | R305: 1800 | S305: 0 | T305: 0 | U305: 1800 | V305: 1800 | W305: 1800 | X305: 0.18 | Y305: 0.18 | Z305: 144 | AA305: 0.061 | AB305: 9 | AC305: 9 | AD305: 9 | AE305: 0.0075 | AF305: 0.0075 | AG305: 9 | AH305: 9 | AI305: 10 | AJ305: 0.1875 | AK305: 216 | AL305: 216 | AM305: 400 | AN305: 400 | AO305: 1152 | AP305: 0.15 | AQ305: 0.0025 | AR305: 10 | AS305: 2700 | AT305: 1800
A306: 大使馆 | B306: 3 | C306: 大使馆3 | D306: 1 | E306: 0 | F306: 0 | G306: 1 | H306: 0 | I306: 2 | J306: 0 | K306: 0 | L306: 0 | M306: 3600 | N306: 0 | O306: 0 | P306: 450 | Q306: 0 | R306: 3600 | S306: 0 | T306: 0 | U306: 3600 | V306: 3600 | W306: 3600 | X306: 0.36 | Y306: 0.36 | Z306: 288 | AA306: 0.1 | AB306: 29 | AC306: 29 | AD306: 29 | AE306: 0.024166667 | AF306: 0.024166667 | AG306: 29 | AH306: 29 | AI306: 39 | AJ306: 0.38416667 | AK306: 258 | AL306: 258 | AM306: 660 | AN306: 660 | AO306: 671.58351 | AP306: 0.48333333 | AQ306: 0.0080555556 | AR306: 39 | AS306: 6300 | AT306: 3600
A307: 大使馆 | B307: 4 | C307: 大使馆4 | D307: 1 | E307: 0 | F307: 0 | G307: 1 | H307: 0 | I307: 2 | J307: 0 | K307: 0 | L307: 0 | M307: 7200 | N307: 0 | O307: 0 | P307: 900 | Q307: 0 | R307: 7200 | S307: 0 | T307: 0 | U307: 7200 | V307: 7200 | W307: 10800 | X307: 0.72 | Y307: 0.72 | Z307: 576 | AA307: 0.5 | AB307: 288 | AC307: 288 | AD307: 317 | AE307: 0.24 | AF307: 0.24 | AG307: 288 | AH307: 288 | AI307: 327 | AJ307: 0.96 | AK307: 312 | AL307: 312 | AM307: 970 | AN307: 970 | AO307: 325 | AP307: 4.8 | AQ307: 0.08 | AR307: 327 | AS307: 13500 | AT307: 7200
A308: 大使馆 | B308: 5 | C308: 大使馆5 | D308: 1 | E308: 0 | F308: 0 | G308: 1 | H308: 0 | I308: 2 | J308: 0 | K308: 0 | L308: 0 | M308: 14000 | N308: 0 | O308: 0 | P308: 1700 | Q308: 0 | R308: 14000 | S308: 0 | T308: 0 | U308: 14000 | V308: 14000 | W308: 24800 | X308: 1.4 | Y308: 1.4 | Z308: 1152 | AA308: 0.9 | AB308: 1037 | AC308: 1037 | AD308: 1354 | AE308: 0.86416667 | AF308: 0.86416667 | AG308: 1037 | AH308: 1037 | AI308: 1364 | AJ308: 2.2641667 | AK308: 372 | AL308: 372 | AM308: 1340 | AN308: 1340 | AO308: 164.29886 | AP308: 17.283333 | AQ308: 0.28805556 | AR308: 1364 | AS308: 27500 | AT308: 14000
A309: 大使馆 | B309: 6 | C309: 大使馆6 | D309: 1 | E309: 0 | F309: 0 | G309: 1 | H309: 0 | I309: 2 | J309: 2 | K309: 0 | L309: 0 | M309: 14000 | N309: 14000 | O309: 0 | P309: 3500 | Q309: 0 | R309: 14000 | S309: 14000 | T309: 0 | U309: 28000 | V309: 28000 | W309: 52800 | X309: 2.8 | Y309: 2.8 | Z309: 2304 | AA309: 1 | AB309: 2304 | AC309: 2304 | AD309: 3658 | AE309: 1.92 | AF309: 1.92 | AG309: 2304 | AH309: 2304 | AI309: 3668 | AJ309: 4.72 | AK309: 444 | AL309: 444 | AM309: 1780 | AN309: 1780 | AO309: 94.067797 | AP309: 38.4 | AQ309: 0.64 | AR309: 3668 | AS309: 55500 | AT309: 14000
A310: 大使馆 | B310: 7 | C310: 大使馆7 | D310: 1 | E310: 0 | F310: 0 | G310: 1 | H310: 0 | I310: 2 | J310: 2 | K310: 0 | L310: 0 | M310: 29000 | N310: 29000 | O310: 0 | P310: 7500 | Q310: 0 | R310: 29000 | S310: 29000 | T310: 0 | U310: 58000 | V310: 58000 | W310: 110800 | X310: 5.8 | Y310: 5.8 | Z310: 4608 | AA310: 1 | AB310: 4608 | AC310: 4608 | AD310: 8266 | AE310: 3.84 | AF310: 3.84 | AG310: 4608 | AH310: 4608 | AI310: 8276 | AJ310: 9.64 | AK310: 534 | AL310: 534 | AM310: 2310 | AN310: 2310 | AO310: 55.394191 | AP310: 76.8 | AQ310: 1.28 | AR310: 8276 | AS310: 113500 | AT310: 29000
A311: 大使馆 | B311: 8 | C311: 大使馆8 | D311: 1 | E311: 0 | F311: 0 | G311: 1 | H311: 0 | I311: 2 | J311: 2 | K311: 0 | L311: 0 | M311: 58000 | N311: 58000 | O311: 0 | P311: 14500 | Q311: 0 | R311: 58000 | S311: 58000 | T311: 0 | U311: 116000 | V311: 116000 | W311: 226800 | X311: 11.6 | Y311: 11.6 | Z311: 9216 | AA311: 1 | AB311: 9216 | AC311: 9216 | AD311: 17482 | AE311: 7.68 | AF311: 7.68 | AG311: 9216 | AH311: 9216 | AI311: 17492 | AJ311: 19.28 | AK311: 660 | AL311: 660 | AM311: 2970 | AN311: 2970 | AO311: 34.232365 | AP311: 153.6 | AQ311: 2.56 | AR311: 17492 | AS311: 229500 | AT311: 58000
A312: 大使馆 | B312: 9 | C312: 大使馆9 | D312: 1 | E312: 0 | F312: 0 | G312: 1 | H312: 0 | I312: 2 | J312: 2 | K312: 0 | L312: 0 | M312: 98000 | N312: 98000 | O312: 0 | P312: 20000 | Q312: 0 | R312: 98000 | S312: 98000 | T312: 0 | U312: 196000 | V312: 196000 | W312: 422800 | X312: 19.6 | Y312: 19.6 | Z312: 15667 | AA312: 1 | AB312: 15667 | AC312: 15667 | AD312: 33149 | AE312: 13.055833 | AF312: 13.055833 | AG312: 15667 | AH312: 15667 | AI312: 33159 | AJ312: 32.655833 | AK312: 780 | AL312: 780 | AM312: 3750 | AN312: 3750 | AO312: 23.885472 | AP312: 261.11667 | AQ312: 4.3519444 | AR312: 33159 | AS312: 425500 | AT312: 98000
A313: 大使馆 | B313: 10 | C313: 大使馆10 | D313: 1 | E313: 0 | F313: 0 | G313: 1 | H313: 0 | I313: 2 | J313: 2 | K313: 0 | L313: 0 | M313: 170000 | N313: 170000 | O313: 0 | P313: 36000 | Q313: 0 | R313: 170000 | S313: 170000 | T313: 0 | U313: 340000 | V313: 340000 | W313: 762800 | X313: 34 | Y313: 34 | Z313: 25068 | AA313: 1 | AB313: 25068 | AC313: 25068 | AD313: 58217 | AE313: 20.89 | AF313: 20.89 | AG313: 25068 | AH313: 25068 | AI313: 58227 | AJ313: 54.89 | AK313: 960 | AL313: 960 | AM313: 4710 | AN313: 4710 | AO313: 17.489525 | AP313: 417.8 | AQ313: 6.9633333 | AR313: 58227 | AS313: 765500 | AT313: 170000
A314: 大使馆 | B314: 11 | C314: 大使馆11 | D314: 1 | E314: 0 | F314: 0 | G314: 1 | H314: 0 | I314: 2 | J314: 2 | K314: 3 | L314: 0 | M314: 150000 | N314: 150000 | O314: 230000 | P314: 47500 | Q314: 0 | R314: 150000 | S314: 150000 | T314: 230000 | U314: 530000 | V314: 530000 | W314: 1292800 | X314: 53 | Y314: 53 | Z314: 33841 | AA314: 1 | AB314: 33841 | AC314: 33841 | AD314: 92058 | AE314: 28.200833 | AF314: 28.200833 | AG314: 33841 | AH314: 33841 | AI314: 92068 | AJ314: 81.200833 | AK314: 1320 | AL314: 1320 | AM314: 6030 | AN314: 6030 | AO314: 16.255991 | AP314: 564.01667 | AQ314: 9.4002778 | AR314: 92068 | AS314: 1295500 | AT314: 230000
A315: 大使馆 | B315: 12 | C315: 大使馆12 | D315: 1 | E315: 0 | F315: 0 | G315: 1 | H315: 0 | I315: 2 | J315: 2 | K315: 3 | L315: 0 | M315: 240000 | N315: 240000 | O315: 370000 | P315: 80000 | Q315: 0 | R315: 240000 | S315: 240000 | T315: 370000 | U315: 850000 | V315: 850000 | W315: 2142800 | X315: 85 | Y315: 85 | Z315: 45686 | AA315: 1 | AB315: 45686 | AC315: 45686 | AD315: 137744 | AE315: 38.071667 | AF315: 38.071667 | AG315: 45686 | AH315: 45686 | AI315: 137754 | AJ315: 123.07167 | AK315: 1800 | AL315: 1800 | AM315: 7830 | AN315: 7830 | AO315: 14.625625 | AP315: 761.43333 | AQ315: 12.690556 | AR315: 137754 | AS315: 2145500 | AT315: 370000
A316: 大使馆 | B316: 13 | C316: 大使馆13 | D316: 1 | E316: 0 | F316: 0 | G316: 1 | H316: 0 | I316: 2 | J316: 2 | K316: 3 | L316: 0 | M316: 390000 | N316: 390000 | O316: 580000 | P316: 127500 | Q316: 0 | R316: 390000 | S316: 390000 | T316: 580000 | U316: 1360000 | V316: 1360000 | W316: 3502800 | X316: 136 | Y316: 136 | Z316: 61675 | AA316: 1 | AB316: 61675 | AC316: 61675 | AD316: 199419 | AE316: 51.395833 | AF316: 51.395833 | AG316: 61675 | AH316: 61675 | AI316: 199429 | AJ316: 187.39583 | AK316: 2460 | AL316: 2460 | AM316: 10290 | AN316: 10290 | AO316: 13.127293 | AP316: 1027.9167 | AQ316: 17.131944 | AR316: 199429 | AS316: 3505500 | AT316: 580000
... A335: 战争大厅 | B335: 12 | C335: 战争大厅12 | D335: 1 | E335: 0 | F335: 0 | G335: 1 | H335: 0 | I335: 1 | J335: 3 | K335: 1 | L335: 0 | M335: 85000 | N335: 260000 | O335: 85000 | P335: 41000 | Q335: 0 | R335: 85000 | S335: 260000 | T335: 85000 | U335: 430000 | V335: 430000 | W335: 1068400 | X335: 43 | Y335: 43 | Z335: 22843 | AA335: 1 | AB335: 22843 | AC335: 22843 | AD335: 68872 | AE335: 19.035833 | AF335: 19.035833 | AG335: 22843 | AH335: 22843 | AI335: 68877 | AJ335: 62.035833 | AK335: 900 | AL335: 900 | AM335: 3930 | AN335: 3930 | AO335: 14.507744 | AP335: 380.71667 | AQ335: 6.3452778 | AR335: 68877 | AS335: 1069750 | AT335: 260000
A336: 战争大厅 | B336: 13 | C336: 战争大厅13 | D336: 1 | E336: 0 | F336: 0 | G336: 1 | H336: 0 | I336: 1 | J336: 3 | K336: 1 | L336: 0 | M336: 140000 | N336: 410000 | O336: 140000 | P336: 65000 | Q336: 0 | R336: 140000 | S336: 410000 | T336: 140000 | U336: 690000 | V336: 690000 | W336: 1758400 | X336: 69 | Y336: 69 | Z336: 30838 | AA336: 1 | AB336: 30838 | AC336: 30838 | AD336: 99710 | AE336: 25.698333 | AF336: 25.698333 | AG336: 30838 | AH336: 30838 | AI336: 99715 | AJ336: 94.698333 | AK336: 1230 | AL336: 1230 | AM336: 5160 | AN336: 5160 | AO336: 12.988613 | AP336: 513.96667 | AQ336: 8.5661111 | AR336: 99715 | AS336: 1759750 | AT336: 410000 | AW336: 100986311 | AX336: 28051.753
A337: 战争大厅 | B337: 14 | C337: 战争大厅14 | D337: 1 | E337: 0 | F337: 0 | G337: 1 | H337: 0 | I337: 1 | J337: 3 | K337: 1 | L337: 0 | M337: 220000 | N337: 650000 | O337: 220000 | P337: 100000 | Q337: 0 | R337: 220000 | S337: 650000 | T337: 220000 | U337: 1090000 | V337: 1090000 | W337: 2848400 | X337: 109 | Y337: 109 | Z337: 41631 | AA337: 1 | AB337: 41631 | AC337: 41631 | AD337: 141341 | AE337: 34.6925 | AF337: 34.6925 | AG337: 41631 | AH337: 41631 | AI337: 141346 | AJ337: 143.6925 | AK337: 1650 | AL337: 1650 | AM337: 6810 | AN337: 6810 | AO337: 11.482854 | AP337: 693.85 | AQ337: 11.564167 | AR337: 141346 | AS337: 2849750 | AT337: 650000
A338: 战争大厅 | B338: 15 | C338: 战争大厅15 | D338: 1 | E338: 0 | F338: 0 | G338: 1 | H338: 0 | I338: 1 | J338: 3 | K338: 1 | L338: 0 | M338: 330000 | N338: 980000 | O338: 330000 | P338: 137500 | Q338: 0 | R338: 330000 | S338: 980000 | T338: 330000 | U338: 1640000 | V338: 1640000 | W338: 4488400 | X338: 164 | Y338: 164 | Z338: 56202 | AA338: 1 | AB338: 56202 | AC338: 56202 | AD338: 197543 | AE338: 46.835 | AF338: 46.835 | AG338: 56202 | AH338: 56202 | AI338: 197548 | AJ338: 210.835 | AK338: 2220 | AL338: 2220 | AM338: 9030 | AN338: 9030 | AO338: 10.529561 | AP338: 936.7 | AQ338: 15.611667 | AR338: 197548 | AS338: 4489750 | AT338: 980000
A339: 战争大厅 | B339: 16 | C339: 战争大厅16 | D339: 1 | E339: 0 | F339: 0 | G339: 1 | H339: 0 | I339: 1 | J339: 3 | K339: 1 | L339: 0 | M339: 440000 | N339: 1300000 | O339: 440000 | P339: 135000 | Q339: 0 | R339: 440000 | S339: 1300000 | T339: 440000 | U339: 2180000 | V339: 2180000 | W339: 6668400 | X339: 218 | Y339: 218 | Z339: 75872 | AA339: 1 | AB339: 75872 | AC339: 75872 | AD339: 273415 | AE339: 63.226667 | AF339: 63.226667 | AG339: 75872 | AH339: 75872 | AI339: 273420 | AJ339: 281.22667 | AK339: 3000 | AL339: 3000 | AM339: 12030 | AN339: 12030 | AO339: 10.667552 | AP339: 1264.5333 | AQ339: 21.075556 | AR339: 273420 | AS339: 6669750 | AT339: 1300000 | AW339: 29584800 | AX339: 8218
A340: 战争大厅 | B340: 17 | C340: 战争大厅17 | D340: 1 | E340: 0 | F340: 0 | G340: 1 | H340: 0 | I340: 1 | J340: 3 | K340: 1 | L340: 0 | M340: 580000 | N340: 1700000 | O340: 580000 | P340: 170000 | Q340: 0 | R340: 580000 | S340: 1700000 | T340: 580000 | U340: 2860000 | V340: 2860000 | W340: 9528400 | X340: 286 | Y340: 286 | Z340: 102428 | AA340: 1 | AB340: 102428 | AC340: 102428 | AD340: 375843 | AE340: 85.356667 | AF340: 85.356667 | AG340: 102428 | AH340: 102428 | AI340: 375848 | AJ340: 371.35667 | AK340: 4200 | AL340: 4200 | AM340: 16230 | AN340: 16230 | AO340: 11.309882 | AP340: 1707.1333 | AQ340: 28.452222 | AR340: 375848 | AS340: 9529750 | AT340: 1700000
A341: 战争大厅 | B341: 18 | C341: 战争大厅18 | D341: 1 | E341: 0 | F341: 0 | G341: 1 | H341: 0 | I341: 1 | J341: 3 | K341: 1 | L341: 0 | M341: 750000 | N341: 2300000 | O341: 750000 | P341: 235000 | Q341: 0 | R341: 750000 | S341: 2300000 | T341: 750000 | U341: 3800000 | V341: 3800000 | W341: 13328400 | X341: 380 | Y341: 380 | Z341: 138278 | AA341: 1 | AB341: 138278 | AC341: 138278 | AD341: 514121 | AE341: 115.23167 | AF341: 115.23167 | AG341: 138278 | AH341: 138278 | AI341: 514126 | AJ341: 495.23167 | AK341: 5700 | AL341: 5700 | AM341: 21930 | AN341: 21930 | AO341: 11.509765 | AP341: 2304.6333 | AQ341: 38.410556 | AR341: 514126 | AS341: 13329750 | AT341: 2300000
A342: 战争大厅 | B342: 19 | C342: 战争大厅19 | D342: 1 | E342: 0 | F342: 0 | G342: 1 | H342: 0 | I342: 1 | J342: 3 | K342: 1 | L342: 0 | M342: 980000 | N342: 2900000 | O342: 980000 | P342: 265000 | Q342: 0 | R342: 980000 | S342: 2900000 | T342: 980000 | U342: 4860000 | V342: 4860000 | W342: 18188400 | X342: 486 | Y342: 486 | Z342: 207416 | AA342: 1 | AB342: 207416 | AC342: 207416 | AD342: 721537 | AE342: 172.84667 | AF342: 172.84667 | AG342: 207416 | AH342: 207416 | AI342: 721542 | AJ342: 658.84667 | AK342: 7800 | AL342: 7800 | AM342: 29730 | AN342: 29730 | AO342: 11.83887 | AP342: 3456.9333 | AQ342: 57.615556 | AR342: 721542 | AS342: 18189750 | AT342: 2900000
A343: 战争大厅 | B343: 20 | C343: 战争大厅20 | D343: 1 | E343: 0 | F343: 0 | G343: 1 | H343: 0 | I343: 1 | J343: 3 | K343: 1 | L343: 0 | M343: 1300000 | N343: 3800000 | O343: 1300000 | P343: 385000 | Q343: 0 | R343: 1300000 | S343: 3800000 | T343: 1300000 | U343: 6400000 | V343: 6400000 | W343: 24588400 | X343: 640 | Y343: 640 | Z343: 311124 | AA343: 1 | AB343: 311124 | AC343: 311124 | AD343: 1032661 | AE343: 259.27 | AF343: 259.27 | AG343: 311124 | AH343: 311124 | AI343: 1032666 | AJ343: 899.27 | AK343: 10500 | AL343: 10500 | AM343: 40230 | AN343: 40230 | AO343: 11.676137 | AP343: 5185.4 | AQ343: 86.423333 | AR343: 1032666 | AS343: 24589750 | AT343: 3800000
A344: 城堡 | B344: 1 | C344: 城堡1 | D344: 1 | E344: 0 | F344: 0 | G344: 1 | H344: 0 | I344: 2 | J344: 0 | K344: 0 | L344: 0 | M344: 0 | N344: 0 | O344: 0 | P344: 0 | Q344: 0 | R344: 0 | S344: 0 | T344: 0 | U344: 0 | V344: 0 | W344: 0 | X344: 0 | Y344: 0 | Z344: 0 | AA344: 0.001 | AB344: 1 | AC344: 1 | AD344: 1 | AE344: 0.00083333333 | AF344: 0.00083333333 | AG344: 1 | AH344: 1 | AI344: 1 | AJ344: 0.00083333333 | AK344: 0 | AL344: 0 | AM344: 0 | AN344: 0 | AO344: 0 | AP344: 0.016666667 | AQ344: 0.00027777778 | AR344: 1 | AS344: 0 | AT344: 0
A345: 城堡 | B345: 2 | C345: 城堡2 | D345: 1 | E345: 0 | F345: 0 | G345: 1 | H345: 0 | I345: 2 | J345: 0 | K345: 0 | L345: 0 | M345: 0 | N345: 0 | O345: 0 | P345: 0 | Q345: 0 | R345: 0 | S345: 0 | T345: 0 | U345: 0 | V345: 0 | W345: 0 | X345: 0 | Y345: 0 | Z345: 0 | AA345: 0.061 | AB345: 1 | AC345: 1 | AD345: 1 | AE345: 0.00083333333 | AF345: 0.00083333333 | AG345: 1 | AH345: 1 | AI345: 2 | AJ345: 0.00083333333 | AK345: 0 | AL345: 0 | AM345: 0 | AN345: 0 | AO345: 0 | AP345: 0.016666667 | AQ345: 0.00027777778 | AR345: 2 | AS345: 0 | AT345: 0
A346: 城堡 | B346: 3 | C346: 城堡3 | D346: 1 | E346: 0 | F346: 0 | G346: 1 | H346: 0 | I346: 2 | J346: 0 | K346: 0 | L346: 0 | M346: 0 | N346: 0 | O346: 0 | P346: 0 | Q346: 0 | R346: 0 | S346: 0 | T346: 0 | U346: 0 | V346: 0 | W346: 0 | X346: 0 | Y346: 0 | Z346: 0 | AA346: 0.1 | AB346: 1 | AC346: 1 | AD346: 1 | AE346: 0.00083333333 | AF346: 0.00083333333 | AG346: 1 | AH346: 1 | AI346: 3 | AJ346: 0.00083333333 | AK346: 0 | AL346: 0 | AM346: 0 | AN346: 0 | AO346: 0 | AP346: 0.016666667 | AQ346: 0.00027777778 | AR346: 3 | AS346: 0 | AT346: 0
A347: 城堡 | B347: 4 | C347: 城堡4 | D347: 1 | E347: 0 | F347: 0 | G347: 1 | H347: 0 | I347: 2 | J347: 0 | K347: 0 | L347: 0 | M347: 0 | N347: 0 | O347: 0 | P347: 0 | Q347: 0 | R347: 0 | S347: 0 | T347: 0 | U347: 0 | V347: 0 | W347: 0 | X347: 0 | Y347: 0 | Z347: 0 | AA347: 0.5 | AB347: 1 | AC347: 1 | AD347: 2 | AE347: 0.00083333333 | AF347: 0.00083333333 | AG347: 1 | AH347: 1 | AI347: 4 | AJ347: 0.00083333333 | AK347: 0 | AL347: 0 | AM347: 0 | AN347: 0 | AO347: 0 | AP347: 0.016666667 | AQ347: 0.00027777778 | AR347: 4 | AS347: 0 | AT347: 0
A348: 城堡 | B348: 5 | C348: 城堡5 | D348: 1 | E348: 0 | F348: 0 | G348: 1 | H348: 0 | I348: 2 | J348: 0 | K348: 0 | L348: 0 | M348: 0 | N348: 0 | O348: 0 | P348: 0 | Q348: 0 | R348: 0 | S348: 0 | T348: 0 | U348: 0 | V348: 0 | W348: 0 | X348: 0 | Y348: 0 | Z348: 0 | AA348: 0.9 | AB348: 1 | AC348: 1 | AD348: 3 | AE348: 0.00083333333 | AF348: 0.00083333333 | AG348: 1 | AH348: 1 | AI348: 5 | AJ348: 0.00083333333 | AK348: 0 | AL348: 0 | AM348: 0 | AN348: 0 | AO348: 0 | AP348: 0.016666667 | AQ348: 0.00027777778 | AR348: 5 | AS348: 0 | AT348: 0
A349: 城堡 | B349: 6 | C349: 城堡6 | D349: 1 | E349: 0 | F349: 0 | G349: 1 | H349: 0 | I349: 2 | J349: 3 | K349: 0 | L349: 0 | M349: 0 | N349: 0 | O349: 0 | P349: 0 | Q349: 0 | R349: 0 | S349: 0 | T349: 0 | U349: 0 | V349: 0 | W349: 0 | X349: 0 | Y349: 0 | Z349: 0 | AA349: 1 | AB349: 1 | AC349: 1 | AD349: 4 | AE349: 0.00083333333 | AF349: 0.00083333333 | AG349: 1 | AH349: 1 | AI349: 6 | AJ349: 0.00083333333 | AK349: 0 | AL349: 0 | AM349: 0 | AN349: 0 | AO349: 0 | AP349: 0.016666667 | AQ349: 0.00027777778 | AR349: 6 | AS349: 0 | AT349: 0
A350: 城堡 | B350: 7 | C350: 城堡7 | D350: 1 | E350: 0 | F350: 0 | G350: 1 | H350: 0 | I350: 2 | J350: 3 | K350: 0 | L350: 0 | M350: 0 | N350: 0 | O350: 0 | P350: 0 | Q350: 0 | R350: 0 | S350: 0 | T350: 0 | U350: 0 | V350: 0 | W350: 0 | X350: 0 | Y350: 0 | Z350: 0 | AA350: 1 | AB350: 1 | AC350: 1 | AD350: 5 | AE350: 0.00083333333 | AF350: 0.00083333333 | AG350: 1 | AH350: 1 | AI350: 7 | AJ350: 0.00083333333 | AK350: 0 | AL350: 0 | AM350: 0 | AN350: 0 | AO350: 0 | AP350: 0.016666667 | AQ350: 0.00027777778 | AR350: 7 | AS350: 0 | AT350: 0
A351: 城堡 | B351: 8 | C351: 城堡8 | D351: 1 | E351: 0 | F351: 0 | G351: 1 | H351: 0 | I351: 2 | J351: 3 | K351: 0 | L351: 0 | M351: 0 | N351: 0 | O351: 0 | P351: 0 | Q351: 0 | R351: 0 | S351: 0 | T351: 0 | U351: 0 | V351: 0 | W351: 0 | X351: 0 | Y351: 0 | Z351: 0 | AA351: 1 | AB351: 1 | AC351: 1 | AD351: 6 | AE351: 0.00083333333 | AF351: 0.00083333333 | AG351: 1 | AH351: 1 | AI351: 8 | AJ351: 0.00083333333 | AK351: 0 | AL351: 0 | AM351: 0 | AN351: 0 | AO351: 0 | AP351: 0.016666667 | AQ351: 0.00027777778 | AR351: 8 | AS351: 0 | AT351: 0
... A403: 博物馆 | B403: 20 | C403: 博物馆20 | D403: 1 | E403: 0 | F403: 0 | G403: 1 | H403: 0 | I403: 1 | J403: 1 | K403: 1 | L403: 0 | M403: 0 | N403: 0 | O403: 0 | P403: 0 | Q403: 0 | R403: 0 | S403: 0 | T403: 0 | U403: 0 | V403: 0 | W403: 0 | X403: 0 | Y403: 0 | Z403: 0 | AA403: 1 | AB403: 1 | AC403: 1 | AD403: 18 | AE403: 0.00083333333 | AF403: 0.00083333333 | AG403: 1 | AH403: 1 | AI403: 20 | AJ403: 0.00083333333 | AK403: 0 | AL403: 0 | AM403: 0 | AN403: 0 | AO403: 0 | AP403: 0.016666667 | AQ403: 0.00027777778 | AR403: 20 | AS403: 0 | AT403: 0

Sheet 建筑修复聚焦参数表(废弃）
A1: convert(ResCity.proto, table_CityBuildingFocusConfig, CityBuildingRepairFocusConfigData.pbin)
A2: 主键ID | B2: 建筑类型 | C2: 名称 | D2: 镜头距离 | E2: 镜头焦距 | F2: 镜头角度 | G2: 景深前景模糊起点 | H2: 景深前景模糊终点 | I2: 景深后景模糊起点 | J2: 景深后景模糊终点 | K2: 景深高斯模糊值 | L2: 建筑升级凝视高度
A3: id | B3: buildType | D3: cameraDis[;] | E3: cameraFov[;] | F3: cameraYaw[;] | G3: startFrondDOF[;] | H3: endFrondDOF[;] | I3: startBackDOF[;] | J3: endBackDOF[;] | K3: gaussianRadDOF[;] | L3: cameraForcusHeight[;]
A4: 15 | B4: 201 | C4: 城镇中心 | D4: 50 | E4: 30 | F4: 10 | G4: 30 | H4: 40 | I4: 60 | J4: 65 | K4: 1 | L4: 3

Sheet 建筑基础配置
A1: convert(ResCity.proto, table_CityBuildingBasicConfData, CityBuildingBasicConfData.pbin)
A2: 建筑类型 | B2: 名称 | C2: 城建列表展示顺序 | D2: 建筑分类 | E2: 建造数量上限buffID | F2: 建造上限红点ID | G2: 建造资源下降buffID | H2: 繁荣度权重 | I2: 不能升级 | J2: 宽度 | K2: 长度 | L2: 地基宽度 | M2: 地基长度 | N2: 阻挡宽度 | O2: 阻挡长度 | P2: 显示名字 | Q2: 描述 | R2: 升级默认文本 | S2: 通用挂点 | T2: 铭牌挂点 | U2: 按钮挂点 | V2: 镜头距离 | W2: 镜头焦距 | X2: 镜头角度 | Y2: 旋转起点 | Z2: 景深前景模糊起点 | AA2: 景深前景模糊终点 | AB2: 景深后景模糊起点 | AC2: 景深后景模糊终点 | AD2: 景深高斯模糊值 | AE2: 建筑升级凝视高度 | AF2: 建筑选中 | AG2: 建筑升级镜头推进聚焦 | AH2: 环境音开始 | AI2: 低级建造开始 | AJ2: 低级建造完成 | AK2: 高级建造开始 | AL2: 高级建造完成 | AM2: 低级开始升级 | AN2: 低级升级完成 | AO2: 高级开始升级 | AP2: 高级升级完成 | AQ2: 建造过程开始 | AR2: 建造过程结束 | AS2: 参与连路 | AT2: 升级描述 | AU2: 官职排序 | AV2: 官职1 | AW2: 官职2 | AX2: 官职描述 | AY2: 功能解锁 | AZ2: 迷雾解锁半径 | BA2: 建筑详情按钮
A3: id | C3: sortOrder | D3: buildClass | E3: cntLimitBuffID | F3: limitBuffRedDotID | G3: costDecBuffID | H3: proWeight | I3: notAllowUpgrade | J3: xSize | K3: zSize | L3: xBase | M3: zBase | N3: xNavObs | O3: zNavObs | P3: disName | Q3: desc | R3: upgradeDefault | S3: commonPoint | T3: namePoint | U3: buttonPoint | V3: cameraDis | W3: cameraFov | X3: cameraYaw | Y3: cameraRotateStart | Z3: startFrondDOF | AA3: endFrondDOF | AB3: startBackDOF | AC3: endBackDOF | AD3: gaussianRadDOF | AE3: cameraForcusHeight | AF3: sound2DBldSelect | AG3: sound2DBldCloseUp | AH3: sound3DBldStart | AI3: sound2DBldStartLow | AJ3: sound2DLowBldEnd | AK3: sound2DHighBldStart | AL3: sound2DHighBldEnd | AM3: sound2DLowBldLvStart | AN3: sound2DLowBldLvEnd | AO3: sound2DHighBldLvStart | AP3: sound2DHighBldLvEnd | AQ3: sound3DBldProcessStart | AR3: sound3DBldProcessEnd | AS3: linkRoad | AT3: upgradeDefault | AU3: officerSequence | AV3: officerId[0] | AW3: officerId[1] | AX3: offierDesc | AY3: unLockEnum | AZ3: fogUnlockRadius | BA3: isShowDetails
A4: 201 | B4: 城镇中心 | C4: 1 | D4: 1 | E4: BUFFER_ID_BUILDINGCAPACITY_CENTER | F4: 111 | H4: 100 | I4: 0 | J4: 6 | K4: 6 | L4: 5 | M4: 5 | N4: 6 | O4: 6 | P4: TID_CityBuildingBasicConfData_201_disName_CN_Main | Q4: TID_CityBuildingBasicConfData_201_desc_CN_Main | S4: 0:-1:0 | T4: 0:14:0 | U4: -1:-2:0 | V4: 50 | W4: 30 | X4: 10 | Y4: 15 | Z4: 30 | AA4: 40 | AB4: 60 | AC4: 65 | AD4: 1 | AE4: 3 | AF4: Play_click_Center | AG4: Play_center_closeup | AH4: Play_amb_st_center | AI4: Play_building_build_start_s | AJ4: Play_building_build_finish | AK4: Play_building_build_start_h | AL4: Play_building_build_finish_h | AM4: Play_building_build_start_s | AN4: Play_building_levelup_finish | AO4: Play_building_build_start_h | AP4: Play_building_levelup_finish | AQ4: Play_building_progress | AR4: Play_building_progress | AS4: 0 | AU4: 24 | AV4: 2011 | AW4: 0 | AZ4: 80
A5: 202 | B5: 居民房舍 | C5: 2 | D5: 1 | E5: BUFFER_ID_BUILDINGCAPACITY_HOUSE | H5: 95 | I5: 0 | J5: 4 | K5: 4 | L5: 3 | M5: 3 | N5: 3 | O5: 3 | P5: TID_CityBuildingBasicConfData_202_disName_CN_Main | Q5: TID_CityBuildingBasicConfData_202_desc_CN_Main | S5: 0:-1:0 | T5: 0:7:0 | U5: 0:0:0 | V5: 28 | W5: 30 | X5: 10 | Y5: 15 | Z5: 17 | AA5: 22 | AB5: 33 | AC5: 38 | AD5: 1 | AE5: 2 | AF5: Play_click_House | AG5: Play_house_closeup | AH5: Play_amb_st_house | AI5: Play_building_build_start_s | AJ5: Play_building_build_finish | AK5: Play_building_build_start_h | AL5: Play_building_build_finish_h | AM5: Play_building_build_start_s | AN5: Play_building_levelup_finish | AO5: Play_building_build_start_h | AP5: Play_building_levelup_finish | AQ5: Play_building_progress | AR5: Play_building_progress | AS5: 1 | AU5: 8 | AV5: 2021 | AW5: 2022 | AZ5: 30
A6: 203 | B6: 磨坊 | C6: 3 | D6: 1 | E6: BUFFER_ID_BUILDINGCAPACITY_MILL | H6: 71 | I6: 0 | J6: 4 | K6: 4 | L6: 3 | M6: 3 | N6: 2 | O6: 2 | P6: TID_CityBuildingBasicConfData_203_disName_CN_Main | Q6: TID_CityBuildingBasicConfData_203_desc_CN_Main | S6: 0:-1:0 | T6: 0:11:0 | U6: 0:0:0 | V6: 38 | W6: 30 | X6: 10 | Y6: 15 | Z6: 25 | AA6: 30 | AB6: 45 | AC6: 50 | AD6: 1 | AE6: 3 | AF6: Play_click_Mill | AG6: Play_mill_closeup | AH6: Play_amb_st_mill | AI6: Play_building_build_start_s | AJ6: Play_building_build_finish | AK6: Play_building_build_start_h | AL6: Play_building_build_finish_h | AM6: Play_building_build_start_s | AN6: Play_building_levelup_finish | AO6: Play_building_build_start_h | AP6: Play_building_levelup_finish | AQ6: Play_building_progress | AR6: Play_building_progress | AS6: 0 | AU6: 9 | AV6: 2031 | AW6: 0 | AY6: 内城磨坊建筑 | AZ6: 30
A7: 204 | B7: 伐木场 | C7: 5 | D7: 1 | E7: BUFFER_ID_BUILDINGCAPACITY_LUMBER | H7: 74 | I7: 0 | J7: 4 | K7: 4 | L7: 3 | M7: 3 | N7: 2 | O7: 2 | P7: TID_CityBuildingBasicConfData_204_disName_CN_Main | Q7: TID_CityBuildingBasicConfData_204_desc_CN_Main | S7: 0:-1:0 | T7: 0:9:0 | U7: 0:0:0 | V7: 28 | W7: 30 | X7: 10 | Y7: 15 | Z7: 17 | AA7: 22 | AB7: 33 | AC7: 38 | AD7: 1 | AE7: 3 | AF7: Play_click_Lumber | AG7: Play_lumber_closeup | AH7: Play_amb_st_lumber | AI7: Play_building_build_start_s | AJ7: Play_building_build_finish | AK7: Play_building_build_start_h | AL7: Play_building_build_finish_h | AM7: Play_building_build_start_s | AN7: Play_building_levelup_finish | AO7: Play_building_build_start_h | AP7: Play_building_levelup_finish | AQ7: Play_building_progress | AR7: Play_building_progress | AS7: 0 | AU7: 3 | AV7: 2041 | AW7: 0 | AY7: 内城伐木场建筑 | AZ7: 30
A8: 205 | B8: 石矿场 | C8: 6 | D8: 1 | E8: BUFFER_ID_BUILDINGCAPACITY_IRONMINE | H8: 73 | I8: 0 | J8: 4 | K8: 4 | L8: 3 | M8: 3 | N8: 2 | O8: 2 | P8: TID_CityBuildingBasicConfData_205_disName_CN_Main | Q8: TID_CityBuildingBasicConfData_205_desc_CN_Main | S8: 0:-1:0 | T8: 0:9:0 | U8: 0:0:0 | V8: 28 | W8: 30 | X8: 10 | Y8: 15 | Z8: 17 | AA8: 22 | AB8: 33 | AC8: 38 | AD8: 1 | AE8: 2 | AF8: Play_click_Ironmine | AG8: Play_mine_closeup | AH8: Play_amb_st_mine | AI8: Play_building_build_start_s | AJ8: Play_building_build_finish | AK8: Play_building_build_start_h | AL8: Play_building_build_finish_h | AM8: Play_building_build_start_s | AN8: Play_building_levelup_finish | AO8: Play_building_build_start_h | AP8: Play_building_levelup_finish | AQ8: Play_building_progress | AR8: Play_building_progress | AS8: 0 | AU8: 10 | AV8: 2051 | AW8: 0 | AY8: 内城石矿场建筑 | AZ8: 30
A9: 206 | B9: 剑士营 | C9: 101 | D9: 2 | E9: BUFFER_ID_BUILDINGCAPACITY_SWORDBARRACK | H9: 93 | I9: 0 | J9: 6 | K9: 6 | L9: 4 | M9: 4 | N9: 3 | O9: 3 | P9: TID_CityBuildingBasicConfData_206_disName_CN_Main | Q9: TID_CityBuildingBasicConfData_206_desc_CN_Main | S9: 0:-1:0 | T9: 0:10:0 | U9: 0:0:0 | V9: 38 | W9: 30 | X9: 10 | Y9: 15 | Z9: 25 | AA9: 30 | AB9: 45 | AC9: 50 | AD9: 1 | AE9: 3 | AF9: Play_click_Barrack | AG9: Play_barrack_closeup | AH9: Play_amb_st_barrack | AI9: Play_building_build_start_s | AJ9: Play_barrack_finish | AK9: Play_building_build_start_h | AL9: Play_building_build_finish_h | AM9: Play_building_build_start_s | AN9: Play_building_levelup_finish | AO9: Play_building_build_start_h | AP9: Play_building_levelup_finish_war | AQ9: Play_building_progress | AR9: Play_building_progress | AS9: 1 | AU9: 20 | AV9: 2061 | AW9: 0 | AY9: 内城剑士营建筑 | AZ9: 40
A10: 207 | B10: 农田 | C10: 4 | D10: 1 | E10: BUFFER_ID_BUILDINGCAPACITY_FARMLAND | H10: 0 | I10: 1 | J10: 4 | K10: 4 | L10: 3 | M10: 3 | N10: 3 | O10: 3 | P10: TID_CityBuildingBasicConfData_207_disName_CN_Main | Q10: TID_CityBuildingBasicConfData_207_desc_CN_Main | S10: 0:-1:0 | T10: 0:10:0 | U10: 0:0:0 | V10: 50 | W10: 30 | X10: 10 | Y10: 15 | Z10: 30 | AA10: 40 | AB10: 60 | AC10: 65 | AD10: 1 | AE10: 3 | AF10: Play_click_Farmland | AI10: Play_building_build_start_s | AJ10: Play_building_putdown_farm | AK10: Play_building_build_start_h | AL10: Play_building_putdown_farm | AM10: Play_building_build_start_s | AN10: Play_building_levelup_finish | AO10: Play_building_build_start_h | AP10: Play_building_levelup_finish | AQ10: Play_building_progress | AR10: Play_building_progress | AS10: 0 | AU10: 11 | AV10: 0 | AW10: 0 | AY10: 内城农田建筑 | AZ10: 20
A11: 208 | B11: 城堡 | C11: 107 | D11: 2 | E11: BUFFER_ID_BUILDINGCAPACITY_CASTLE | G11: BUFFER_ID_BUILDINGEXPEND_CASTLE_DEC | H11: 65 | I11: 1 | J11: 4 | K11: 4 | L11: 3 | M11: 3 | N11: 3 | O11: 3 | P11: TID_CityBuildingBasicConfData_208_disName_CN_Main | Q11: TID_CityBuildingBasicConfData_208_desc_CN_Main | S11: 0:-1:0 | T11: 0:25:0 | U11: 0:0:0 | V11: 50 | W11: 30 | X11: 10 | Y11: 15 | Z11: 30 | AA11: 40 | AB11: 60 | AC11: 65 | AD11: 1 | AE11: 8 | AF11: Play_click_Statuehero | AG11: Play_castle_closeup | AI11: Play_building_build_start_s | AJ11: Play_building_build_finish_h | AK11: Play_building_build_start_h | AL11: Play_building_build_finish_h | AM11: Play_building_build_start_s | AN11: Play_building_levelup_finish_h | AO11: Play_building_build_start_h | AP11: Play_building_levelup_finish_h | AQ11: Play_building_progress | AR11: Play_building_progress | AS11: 0 | AU11: 12 | AV11: 0 | AW11: 0 | AY11: 内城城堡建筑
A12: 209 | B12: 马厩 | C12: 103 | D12: 2 | E12: BUFFER_ID_BUILDINGCAPACITY_STABLE | H12: 90 | I12: 0 | J12: 4 | K12: 4 | L12: 3 | M12: 3 | N12: 3 | O12: 3 | P12: TID_CityBuildingBasicConfData_209_disName_CN_Main | Q12: TID_CityBuildingBasicConfData_209_desc_CN_Main | S12: 0:-1:0 | T12: 0:10:0 | U12: 0:0:0 | V12: 38 | W12: 30 | X12: 10 | Y12: 15 | Z12: 25 | AA12: 30 | AB12: 45 | AC12: 50 | AD12: 1 | AE12: 3 | AF12: Play_click_Stable | AG12: Play_stable_closeup | AH12: Play_amb_st_stable | AI12: Play_building_build_start_s | AJ12: Play_stable_finish | AK12: Play_building_build_start_h | AL12: Play_building_build_finish_h | AM12: Play_building_build_start_s | AN12: Play_building_levelup_finish | AO12: Play_building_build_start_h | AP12: Play_building_levelup_finish_war | AQ12: Play_building_progress | AR12: Play_building_progress | AS12: 1 | AU12: 21 | AV12: 2091 | AW12: 0 | AY12: 内城马厩建筑 | AZ12: 30
A13: 211 | B13: 学院 | C13: 11 | D13: 1 | E13: BUFFER_ID_BUILDINGCAPACITY_UNIVERSITY | H13: 55 | I13: 0 | J13: 5 | K13: 5 | L13: 5 | M13: 5 | N13: 3 | O13: 3 | P13: TID_CityBuildingBasicConfData_211_disName_CN_Main | Q13: TID_CityBuildingBasicConfData_211_desc_CN_Main | S13: 0:-1:0 | T13: 0:15:0 | U13: 0:0:0 | V13: 50 | W13: 30 | X13: 10 | Y13: 15 | Z13: 33 | AA13: 38 | AB13: 58 | AC13: 63 | AD13: 1 | AE13: 3 | AF13: Play_click_University | AG13: Play_university_closeup | AI13: Play_building_build_start_s | AJ13: Play_building_build_finish_h | AK13: Play_building_build_start_h | AL13: Play_building_build_finish_h | AM13: Play_building_build_start_s | AN13: Play_building_levelup_finish_h | AO13: Play_building_build_start_h | AP13: Play_building_levelup_finish_h | AQ13: Play_building_progress | AR13: Play_building_progress | AS13: 1 | AU13: 25 | AV13: 2111 | AW13: 0 | AY13: 内城学院建筑 | AZ13: 20
A14: 212 | B14: 校场 | C14: 106 | D14: 2 | E14: BUFFER_ID_BUILDINGCAPACITY_DRILLGROUND | H14: 60 | I14: 1 | J14: 10 | K14: 14 | L14: 10 | M14: 14 | N14: 10 | O14: 14 | P14: TID_CityBuildingBasicConfData_212_disName_CN_Main | Q14: TID_CityBuildingBasicConfData_212_desc_CN_Main | S14: 0:-1:0 | T14: 0:12:0 | U14: 0:0:0 | V14: 48 | W14: 30 | X14: 10 | Y14: 15 | Z14: 20 | AA14: 37 | AB14: 60 | AC14: 100 | AD14: 1 | AE14: 3 | AF14: Play_click_DrillGround | AG14: Play_drillground_closeup | AI14: Play_building_build_start_s | AJ14: Play_building_build_finish | AK14: Play_building_build_start_h | AL14: Play_building_build_finish_h | AM14: Play_building_build_start_s | AN14: Play_building_levelup_finish | AO14: Play_building_build_start_h | AP14: Play_building_levelup_finish | AQ14: Play_building_progress | AR14: Play_building_progress | AS14: 0 | AU14: 1 | AV14: 2121 | AW14: 0 | AY14: 内城校场建筑
A15: 213 | B15: 码头 | C15: 9 | D15: 1 | E15: BUFFER_ID_BUILDINGCAPACITY_DOCK | H15: 35 | I15: 1 | J15: 7 | K15: 7 | L15: 6 | M15: 6 | N15: 6 | O15: 6 | P15: TID_CityBuildingBasicConfData_213_disName_CN_Main | Q15: TID_CityBuildingBasicConfData_213_desc_CN_Main | S15: 0:-1:0 | T15: 0:12:0 | U15: 0:0:0 | V15: 63 | W15: 30 | X15: 10 | Y15: 15 | Z15: 48 | AA15: 53 | AB15: 73 | AC15: 78 | AD15: 1 | AE15: 6 | AF15: Play_click_Dock | AH15: Play_amb_st_wharf | AI15: Play_building_build_start_s | AJ15: Play_building_build_finish | AK15: Play_building_build_start_h | AL15: Play_building_build_finish_h | AM15: Play_building_build_start_s | AN15: Play_building_levelup_finish | AO15: Play_building_build_start_h | AP15: Play_building_levelup_finish | AQ15: Play_building_progress | AR15: Play_building_progress | AS15: 0 | AU15: 26 | AV15: 0 | AW15: 0 | AY15: 内城码头建筑
A16: 215 | B16: 城墙 | C16: 110 | D16: 2 | E16: BUFFER_ID_BUILDINGCAPACITY_GATE | H16: 30 | I16: 0 | J16: 4 | K16: 4 | L16: 3 | M16: 3 | N16: 0 | O16: 0 | P16: TID_CityBuildingBasicConfData_215_disName_CN_Main | Q16: TID_CityBuildingBasicConfData_215_desc_CN_Main | S16: 0:-1:0 | T16: 0:12:0 | U16: 0:0:0 | V16: 60 | W16: 30 | X16: 10 | Y16: 15 | Z16: 45 | AA16: 50 | AB16: 65 | AC16: 70 | AD16: 1 | AE16: 5 | AF16: Play_click_Wall | AG16: Play_wall_closeup | AI16: Play_building_build_start_s | AJ16: Play_building_build_finish | AK16: Play_building_build_start_h | AL16: Play_building_build_finish_h | AM16: Play_building_build_start_s | AN16: Play_building_levelup_finish | AO16: Play_building_build_start_h | AP16: Play_building_levelup_finish | AQ16: Play_building_progress | AR16: Play_building_progress | AS16: 0 | AU16: 2 | AV16: 2151 | AW16: 0 | AY16: 内城城墙建筑
A17: 222 | B17: 治疗房舍 | C17: 105 | D17: 2 | E17: BUFFER_ID_BUILDINGCAPACITY_MEDICALHOUSE | H17: 80 | I17: 0 | J17: 4 | K17: 4 | L17: 3 | M17: 3 | N17: 3 | O17: 3 | P17: TID_CityBuildingBasicConfData_222_disName_CN_Main | Q17: TID_CityBuildingBasicConfData_222_desc_CN_Main | S17: 0:-1:0 | T17: 0:8:0 | U17: 0:0:0 | V17: 28 | W17: 30 | X17: 10 | Y17: 15 | Z17: 17 | AA17: 22 | AB17: 33 | AC17: 38 | AD17: 1 | AE17: 2 | AF17: Play_click_MedicalHouse | AG17: Play_medicalhouse_closeup | AI17: Play_building_build_start_s | AJ17: Play_building_build_finish | AK17: Play_building_build_start_h | AL17: Play_building_build_finish_h | AM17: Play_building_build_start_s | AN17: Play_building_levelup_finish | AO17: Play_building_build_start_h | AP17: Play_building_levelup_finish | AQ17: Play_building_progress | AR17: Play_building_progress | AS17: 1 | AU17: 4 | AV17: 2221 | AW17: 0 | AY17: 内城治疗房舍建筑 | AZ17: 30
A18: 223 | B18: 征兵房舍 | C18: 113 | D18: 2 | E18: BUFFER_ID_BUILDINGCAPACITY_MILITARYHOUSE | H18: 50 | I18: 1 | J18: 4 | K18: 4 | L18: 3 | M18: 3 | N18: 4 | O18: 4 | P18: TID_CityBuildingBasicConfData_223_disName_CN_Main | Q18: TID_CityBuildingBasicConfData_223_desc_CN_Main | S18: 0:-1:0 | T18: 0:10:0 | U18: 0:0:0 | V18: 28 | W18: 30 | X18: 10 | Y18: 15 | Z18: 17 | AA18: 22 | AB18: 33 | AC18: 38 | AD18: 1 | AE18: 2 | AF18: Play_click_MilitaryHouse | AG18: Play_militaryhouse_closeup | AI18: Play_building_build_start_s | AJ18: Play_building_build_finish | AK18: Play_building_build_start_h | AL18: Play_building_build_finish_h | AM18: Play_building_build_start_s | AN18: Play_building_levelup_finish | AO18: Play_building_build_start_h | AP18: Play_building_levelup_finish | AQ18: Play_building_progress | AR18: Play_building_progress | AS18: 1 | AU18: 5 | AV18: 0 | AW18: 0 | AZ18: 20
A19: 224 | B19: 射箭场 | C19: 104 | D19: 2 | E19: BUFFER_ID_BUILDINGCAPACITY_ARCHERYRANGE | H19: 92 | I19: 0 | J19: 4 | K19: 4 | L19: 3 | M19: 3 | N19: 3 | O19: 3 | P19: TID_CityBuildingBasicConfData_224_disName_CN_Main | Q19: TID_CityBuildingBasicConfData_224_desc_CN_Main | S19: 0:-1:0 | T19: 0:10:0 | U19: 0:0:0 | V19: 38 | W19: 30 | X19: 10 | Y19: 15 | Z19: 25 | AA19: 30 | AB19: 45 | AC19: 50 | AD19: 1 | AE19: 3 | AF19: Play_click_ArcheryRange | AG19: Play_archeryrange_closeup | AH19: Play_amb_st_archeryrange | AI19: Play_building_build_start_s | AJ19: Play_archeryrange_finish | AK19: Play_building_build_start_h | AL19: Play_building_build_finish_h | AM19: Play_building_build_start_s | AN19: Play_building_levelup_finish | AO19: Play_building_build_start_h | AP19: Play_building_levelup_finish_war | AQ19: Play_building_progress | AR19: Play_building_progress | AS19: 1 | AU19: 22 | AV19: 2241 | AW19: 0 | AY19: 内城射箭场建筑 | AZ19: 30
A20: 226 | B20: 瞭望塔 | C20: 111 | D20: 2 | E20: BUFFER_ID_BUILDINGCAPACITY_WATCHTOWER | G20: BUFFER_ID_BUILDINGEXPEND_WATCHTOWER_DEC | H20: 45 | I20: 0 | J20: 4 | K20: 4 | L20: 3 | M20: 3 | N20: 3 | O20: 3 | P20: TID_CityBuildingBasicConfData_226_disName_CN_Main | Q20: TID_CityBuildingBasicConfData_226_desc_CN_Main | S20: 0:-1:0 | T20: 0:12:0 | U20: 0:0:0 | V20: 50 | W20: 30 | X20: 10 | Y20: 15 | Z20: 40 | AA20: 45 | AB20: 60 | AC20: 65 | AD20: 1 | AE20: 9 | AF20: Play_click_WatchTower | AG20: Play_watchtower_closeup | AI20: Play_building_build_start_s | AJ20: Play_building_build_finish_h | AK20: Play_building_build_start_h | AL20: Play_building_build_finish_h | AM20: Play_building_build_start_s | AN20: Play_building_levelup_finish | AO20: Play_building_build_start_h | AP20: Play_building_levelup_finish | AQ20: Play_building_progress | AR20: Play_building_progress | AS20: 0 | AT20: Building_UpgradeDefault_226 | AU20: 14 | AV20: 0 | AW20: 0 | AY20: 内城瞭望塔建筑
A21: 227 | B21: 防卫塔 | C21: 112 | D21: 2 | E21: BUFFER_ID_BUILDINGCAPACITY_TOWER | H21: 40 | I21: 0 | J21: 4 | K21: 4 | L21: 3 | M21: 3 | N21: 3 | O21: 3 | P21: TID_CityBuildingBasicConfData_227_disName_CN_Main | Q21: TID_CityBuildingBasicConfData_227_desc_CN_Main | S21: 0:-1:0 | T21: 0:9:0 | U21: 0:0:0 | V21: 50 | W21: 30 | X21: 10 | Y21: 15 | Z21: 40 | AA21: 45 | AB21: 60 | AC21: 65 | AD21: 1 | AE21: 5 | AF21: Play_click_Tower | AG21: Play_tower_closeup | AI21: Play_building_build_start_s | AJ21: Play_building_build_finish_h | AK21: Play_building_build_start_h | AL21: Play_building_putdown_farm | AM21: Play_building_build_start_s | AN21: Play_building_levelup_finish | AO21: Play_building_build_start_h | AP21: Play_building_levelup_finish | AQ21: Play_building_farmland_start | AR21: Play_building_farmland_start | AS21: 0 | AU21: 6 | AV21: 0 | AW21: 0 | AY21: 内城防卫塔建筑 | AZ21: 30
A22: 228 | B22: 铁匠铺 | C22: 113 | D22: 2 | E22: BUFFER_ID_BUILDINGCAPACITY_BLACKSMITH | H22: 0 | I22: 0 | J22: 4 | K22: 4 | L22: 3 | M22: 3 | N22: 3 | O22: 3 | P22: TID_CityBuildingBasicConfData_228_disName_CN_Main | Q22: TID_CityBuildingBasicConfData_228_desc_CN_Main | S22: 0:-1:0 | T22: 0:9:0 | U22: 0:0:0 | V22: 50 | W22: 30 | X22: 10 | Y22: 15 | Z22: 40 | AA22: 45 | AB22: 60 | AC22: 65 | AD22: 1 | AE22: 5 | AF22: Play_click_Tower | AG22: Play_tower_closeup | AI22: Play_building_build_start_s | AJ22: Play_building_build_finish_h | AK22: Play_building_build_start_h | AL22: Play_building_putdown_farm | AM22: Play_building_build_start_s | AN22: Play_building_levelup_finish | AO22: Play_building_build_start_h | AP22: Play_building_levelup_finish | AQ22: Play_building_farmland_start | AR22: Play_building_farmland_start | AS22: 0 | AU22: 6 | AV22: 0 | AW22: 0 | AY22: 英雄Gear装备是否上线
A23: 229 | B23: 战争大厅 | C23: 109 | D23: 2 | E23: BUFFER_ID_BUILDINGCAPACITY_HALLOFWAR | H23: 0 | I23: 0 | J23: 4 | K23: 4 | L23: 4 | M23: 4 | N23: 3 | O23: 3 | P23: TID_CityBuildingBasicConfData_229_disName_CN_Main | Q23: TID_CityBuildingBasicConfData_229_desc_CN_Main | S23: 0:-1:0 | T23: 0:14:0 | U23: 0:0:0 | V23: 50 | W23: 30 | X23: 10 | Y23: 15 | Z23: 30 | AA23: 40 | AB23: 60 | AC23: 65 | AD23: 1 | AE23: 3 | AF23: Play_click_HallOfWar | AG23: Play_hallofwar_closeup | AI23: Play_building_build_start_s | AJ23: Play_building_build_finish_h | AK23: Play_building_build_start_h | AL23: Play_building_build_finish_h | AM23: Play_building_build_start_s | AN23: Play_building_levelup_finish_h | AO23: Play_building_build_start_h | AP23: Play_building_levelup_finish_h | AQ23: Play_building_progress | AR23: Play_building_progress | AS23: 1 | AU23: 18 | AV23: 0 | AW23: 0 | AY23: 内城战争大厅建筑 | AZ23: 30
A24: 230 | B24: 大使馆 | C24: 108 | D24: 2 | E24: BUFFER_ID_BUILDINGCAPACITY_EMBASSY | H24: 75 | I24: 0 | J24: 4 | K24: 4 | L24: 4 | M24: 4 | N24: 3 | O24: 3 | P24: TID_CityBuildingBasicConfData_230_disName_CN_Main | Q24: TID_CityBuildingBasicConfData_230_desc_CN_Main | S24: 0:-1:0 | T24: 0:14:0 | U24: 0:0:0 | V24: 48 | W24: 30 | X24: 10 | Y24: 15 | Z24: 33 | AA24: 38 | AB24: 58 | AC24: 63 | AD24: 1 | AE24: 4 | AF24: Play_click_Embassy | AG24: Play_embassy_closeup | AI24: Play_building_build_start_s | AJ24: Play_building_build_finish_h | AK24: Play_building_build_start_h | AL24: Play_building_build_finish_h | AM24: Play_building_build_start_s | AN24: Play_building_levelup_finish | AO24: Play_building_build_start_h | AP24: Play_building_levelup_finish | AQ24: Play_building_progress | AR24: Play_building_progress | AS24: 1 | AU24: 19 | AV24: 0 | AW24: 0 | AY24: 内城大使馆建筑 | AZ24: 30
A25: 231 | B25: 市集 | C25: 10 | D25: 1 | E25: BUFFER_ID_BUILDINGCAPACITY_MARKET | H25: 20 | I25: 0 | J25: 4 | K25: 4 | L25: 4 | M25: 4 | N25: 3 | O25: 3 | P25: TID_CityBuildingBasicConfData_231_disName_CN_Main | Q25: TID_CityBuildingBasicConfData_231_desc_CN_Main | S25: 0:-1:0 | T25: 0:14:0 | U25: 0:0:0 | V25: 50 | W25: 30 | X25: 10 | Y25: 15 | Z25: 30 | AA25: 40 | AB25: 60 | AC25: 65 | AD25: 1 | AE25: 3 | AF25: Play_click_Market | AG25: Play_market_closeup | AI25: Play_building_build_start_s | AJ25: Play_building_build_finish_h | AK25: Play_building_build_start_h | AL25: Play_building_build_finish_h | AM25: Play_building_build_start_s | AN25: Play_building_levelup_finish | AO25: Play_building_build_start_h | AP25: Play_building_levelup_finish | AQ25: Play_building_progress | AR25: Play_building_progress | AS25: 1 | AU25: 27 | AV25: 0 | AW25: 0 | AY25: 内城市集建筑 | AZ25: 30
A26: 232 | B26: 枪兵营 | C26: 102 | D26: 2 | E26: BUFFER_ID_BUILDINGCAPACITY_SPEARBARRACK | H26: 91 | I26: 0 | J26: 4 | K26: 4 | L26: 4 | M26: 4 | N26: 3 | O26: 3 | P26: TID_CityBuildingBasicConfData_232_disName_CN_Main | Q26: TID_CityBuildingBasicConfData_232_desc_CN_Main | S26: 0:-1:0 | T26: 0:10:0 | U26: 0:0:0 | V26: 38 | W26: 30 | X26: 10 | Y26: 15 | Z26: 25 | AA26: 30 | AB26: 45 | AC26: 50 | AD26: 1 | AE26: 3 | AF26: Play_click_SpearBarrack | AG26: Play_spearbarrack_closeup | AH26: Play_amb_st_barrack | AI26: Play_building_build_start_s | AJ26: Play_spear_finish | AK26: Play_building_build_start_h | AL26: Play_building_build_finish_h | AM26: Play_building_build_start_s | AN26: Play_building_levelup_finish | AO26: Play_building_build_start_h | AP26: Play_building_levelup_finish_war | AQ26: Play_building_progress | AR26: Play_building_progress | AS26: 1 | AU26: 23 | AV26: 2321 | AW26: 0 | AY26: 内城枪兵营建筑 | AZ26: 30
A27: 233 | B27: 博物馆 | C27: 12 | D27: 1 | E27: BUFFER_ID_BUILDINGCAPACITY_MUSEUM | I27: 1 | J27: 4 | K27: 4 | L27: 4 | M27: 4 | N27: 3 | O27: 3 | P27: TID_CityBuildingBasicConfData_233_disName_CN_Main | Q27: TID_CityBuildingBasicConfData_233_desc_CN_Main | S27: 0:-1:0 | T27: 0:12:0 | U27: 0:0:0 | V27: 50 | W27: 30 | X27: 10 | Y27: 15 | Z27: 30 | AA27: 40 | AB27: 60 | AC27: 65 | AD27: 1 | AE27: 3 | AF27: Play_click_Museum | AG27: Play_museum_closeup | AI27: Play_building_build_start_h | AJ27: Play_building_build_finish_h | AK27: Play_building_levelup_start | AL27: Play_building_move_hvy | AM27: Play_building_putdown_hvy | AN27: Play_click_University | AO27: Play_building_build_start | AP27: Play_building_build_finish | AQ27: Play_building_build_start_h | AR27: Play_building_build_finish_h | AS27: 10551 | AT27: 10552 | AU27: 10555 | AV27: 0 | AW27: 0 | AY27: 内城博物馆建筑 | AZ27: 20
A28: 234 | B28: 金矿场 | C28: 7 | D28: 1 | E28: BUFFER_ID_BUILDINGCAPACITY_GOLDMINE | H28: 70 | I28: 0 | J28: 4 | K28: 4 | L28: 3 | M28: 3 | N28: 3 | O28: 3 | P28: TID_CityBuildingBasicConfData_234_disName_CN_Main | Q28: TID_CityBuildingBasicConfData_234_desc_CN_Main | S28: 0:-1:0 | T28: 0:9:0 | U28: 0:0:0 | V28: 28 | W28: 30 | X28: 10 | Y28: 15 | Z28: 17 | AA28: 22 | AB28: 33 | AC28: 38 | AD28: 1 | AE28: 2 | AF28: Play_click_Goldmine | AG28: Play_goldmine_closeup | AH28: Play_amb_st_mine | AI28: Play_building_build_start_s | AJ28: Play_building_build_finish | AK28: Play_building_build_start_h | AL28: Play_building_build_finish_h | AM28: Play_building_build_start_s | AN28: Play_building_levelup_finish | AO28: Play_building_build_start_h | AP28: Play_building_levelup_finish | AQ28: Play_building_progress | AR28: Play_building_progress | AS28: 0 | AU28: 7 | AV28: 2341 | AW28: 0 | AY28: 内城金矿场建筑 | AZ28: 30
A29: 235 | B29: 点将台 | C29: 100 | D29: 2 | E29: BUFFER_ID_BUILDINGCAPACITY_STATUEHEROES | H29: 10 | I29: 1 | J29: 4 | K29: 4 | L29: 3 | M29: 3 | N29: 3 | O29: 3 | P29: TID_CityBuildingBasicConfData_235_disName_CN_Main | Q29: TID_CityBuildingBasicConfData_235_desc_CN_Main | S29: 0:-1:0 | T29: 0:14:0 | U29: 0:0:0 | V29: 50 | W29: 30 | X29: 10 | Y29: 15 | Z29: 30 | AA29: 40 | AB29: 60 | AC29: 65 | AD29: 1 | AE29: 3 | AF29: Play_click_Building_herosum | AI29: Play_building_build_start_s | AJ29: Play_building_build_finish | AK29: Play_building_build_start_h | AL29: Play_building_build_finish_h | AM29: Play_building_build_start_s | AN29: Play_building_levelup_finish | AO29: Play_building_build_start_h | AP29: Play_building_levelup_finish | AQ29: Play_building_progress | AR29: Play_building_progress | AS29: 0 | AU29: 15 | AV29: 0 | AW29: 0
A30: 236 | B30: 纪念碑 | C30: 8 | D30: 1 | E30: BuildingCapacity_Stone | H30: 10 | I30: 1 | J30: 4 | K30: 4 | L30: 3 | M30: 3 | N30: 3 | O30: 3 | P30: TID_CityBuildingBasicConfData_236_disName_CN_Main | Q30: TID_CityBuildingBasicConfData_236_desc_CN_Main | S30: 0:-1:0 | T30: 0:15:0 | U30: 0:0:0 | V30: 50 | W30: 30 | X30: 10 | Y30: 15 | Z30: 30 | AA30: 40 | AB30: 60 | AC30: 65 | AD30: 1 | AE30: 3 | AF30: Play_click_Statuehero | AI30: Play_building_build_start_s | AJ30: Play_building_build_finish | AK30: Play_building_build_start_h | AL30: Play_building_build_finish_h | AM30: Play_building_build_start_s | AN30: Play_building_levelup_finish | AO30: Play_building_build_start_h | AP30: Play_building_levelup_finish | AQ30: Play_building_progress | AR30: Play_building_progress | AS30: 0 | AU30: 16 | AV30: 0 | AW30: 0 | AY30: 内城纪念碑建筑
A31: 237 | B31: 酒馆 | C31: 13 | D31: 1 | E31: BuildingCapacity_Tavern | H31: 10 | I31: 0 | J31: 4 | K31: 4 | L31: 3 | M31: 3 | N31: 3 | O31: 3 | P31: TID_CityBuildingBasicConfData_237_disName_GL_Main | Q31: TID_CityBuildingBasicConfData_237_desc_GL_Main | S31: 0:-1:0 | T31: 0:11:0 | U31: 0:0:0 | V31: 42 | W31: 30 | X31: 10 | Y31: 15 | Z31: 27 | AA31: 32 | AB31: 52 | AC31: 57 | AD31: 1 | AE31: 3 | AF31: Play_click_Tavern | AG31: Play_tavern_closeup | AH31: Play_amb_st_tavern | AI31: Play_building_build_start_s | AJ31: Play_building_build_finish_h | AK31: Play_building_build_start_h | AL31: Play_building_build_finish_h | AM31: Play_building_build_start_s | AN31: Play_building_levelup_finish_h | AO31: Play_building_build_start_h | AP31: Play_building_levelup_finish_h | AQ31: Play_building_progress | AR31: Play_building_progress | AS31: 1 | AU31: 17 | AV31: 2371 | AW31: 0
A32: 300 | B32: 公告板 | C32: 120 | D32: 2 | E32: BuildingCapacity_NoticeBoard | H32: 10 | I32: 1 | J32: 4 | K32: 4 | L32: 4 | M32: 4 | N32: 4 | O32: 4 | P32: TID_CityBuildingBasicConfData_300_disName_GL_Main | Q32: TID_CityBuildingBasicConfData_300_desc_GL_Main | S32: 0:-1:0 | T32: 0:15:0 | U32: 0:0:0 | V32: 42 | W32: 30 | X32: 10 | Y32: 15 | Z32: 27 | AA32: 32 | AB32: 52 | AC32: 57 | AD32: 1 | AE32: 3 | AF32: Play_click_Statuehero | AI32: Play_building_build_start_s | AJ32: Play_building_build_finish | AK32: Play_building_build_start_h | AL32: Play_building_build_finish_h | AM32: Play_building_build_start_s | AN32: Play_building_levelup_finish | AO32: Play_building_build_start_h | AP32: Play_building_levelup_finish | AQ32: Play_building_progress | AR32: Play_building_progress | AS32: 0 | AU32: 16 | AV32: 0 | AW32: 0
A33: 400 | B33: 仓库 | C33: 121 | D33: 1 | E33: BuildingCapacity_Warehouse | H33: 10 | I33: 0 | J33: 4 | K33: 4 | L33: 3 | M33: 3 | N33: 3 | O33: 3 | P33: TID_CityBuildingBasicConfData_400_disName_GL_Main | Q33: TID_CityBuildingBasicConfData_400_desc_GL_Main | S33: 0:-1:0 | T33: 0:15:0 | U33: 0:0:0 | V33: 42 | W33: 30 | X33: 10 | Y33: 15 | Z33: 27 | AA33: 32 | AB33: 52 | AC33: 57 | AD33: 1 | AE33: 3 | AF33: Play_click_Statuehero | AI33: Play_building_build_start_s | AJ33: Play_building_build_finish | AK33: Play_building_build_start_h | AL33: Play_building_build_finish_h | AM33: Play_building_build_start_s | AN33: Play_building_levelup_finish | AO33: Play_building_build_start_h | AP33: Play_building_levelup_finish | AQ33: Play_building_progress | AR33: Play_building_progress | AS33: 0 | AU33: 16 | AV33: 0 | AW33: 0 | AY33: 内城仓库建筑
A34: 404 | B34: 副玩法建筑 | C34: 130 | D34: 2 | E34: BuildingCapacity_StrongHold | H34: 10 | I34: 1 | J34: 4 | K34: 4 | L34: 4 | M34: 4 | N34: 4 | O34: 4 | P34: TID_CityBuildingBasicConfData_404_disName_GL_Main | Q34: TID_CityBuildingBasicConfData_404_desc_CN_Main | S34: 0:-1:0 | T34: 0:15:0 | U34: 0:0:0 | V34: 63 | W34: 30 | X34: 10 | Y34: 15 | Z34: 48 | AA34: 53 | AB34: 73 | AC34: 78 | AD34: 1 | AE34: 6 | AF34: Play_click_Statuehero | AI34: Play_building_build_start_s | AJ34: Play_building_build_finish | AK34: Play_building_build_start_h | AL34: Play_building_build_finish_h | AM34: Play_building_build_start_s | AN34: Play_building_levelup_finish | AO34: Play_building_build_start_h | AP34: Play_building_levelup_finish | AQ34: Play_building_progress | AR34: Play_building_progress | AS34: 0 | AU34: 16 | AV34: 0 | AW34: 0 | BA34: 1
A35: 409 | B35: 副玩法建筑码头 | C35: 130 | D35: 2 | E35: BuildingCapacity_StrongHold | H35: 10 | I35: 1 | J35: 4 | K35: 4 | L35: 4 | M35: 4 | N35: 4 | O35: 4 | P35: TID_CityBuildingBasicConfData_213_disName_CN_Main | Q35: TID_CityBuildingBasicConfData_213_desc_CN_Main | S35: 0:-1:0 | T35: 0:15:0 | U35: 0:0:0 | V35: 63 | W35: 30 | X35: 10 | Y35: 15 | Z35: 48 | AA35: 53 | AB35: 73 | AC35: 78 | AD35: 1 | AE35: 6 | AF35: Play_click_Statuehero | AI35: Play_building_build_start_s | AJ35: Play_building_build_finish | AK35: Play_building_build_start_h | AL35: Play_building_build_finish_h | AM35: Play_building_build_start_s | AN35: Play_building_levelup_finish | AO35: Play_building_build_start_h | AP35: Play_building_levelup_finish | AQ35: Play_building_progress | AR35: Play_building_progress | AS35: 0 | AU35: 16 | AV35: 0 | AW35: 0 | BA35: 1
A36: 410 | B36: 佣兵营地 | C36: 114 | D36: 2 | E36: BuildingCapacity_Mercenary | H36: 10 | I36: 1 | J36: 4 | K36: 4 | L36: 4 | M36: 4 | N36: 4 | O36: 4 | P36: TID_CityBuildingBasicConfData_410_disName_CN_Main | Q36: TID_CityBuildingBasicConfData_410_desc_CN_Main | S36: 0:-1:0 | T36: 0:9:0 | U36: 0:0:0 | V36: 50 | W36: 30 | X36: 10 | Y36: 15 | Z36: 40 | AA36: 45 | AB36: 60 | AC36: 65 | AD36: 1 | AE36: 5 | AF36: Play_click_Mercenary | AG36: Play_mercenary_closeup | AI36: Play_building_build_start_s | AJ36: Play_building_build_finish_h | AK36: Play_building_build_start_h | AL36: Play_building_build_finish_h | AM36: Play_building_build_start_s | AN36: Play_building_levelup_finish | AO36: Play_building_build_start_h | AP36: Play_building_levelup_finish | AQ36: Play_building_progress | AR36: Play_building_progress | AS36: 0 | AU36: 16 | AV36: 0 | AW36: 0

Sheet 建筑修复配置
A1: convert(ResCity.proto,table_CityBuildingRepaireConf, CityBuildingRepaireConf.pbin)
A2: ID(建筑基础配置的id) | B2: 建筑名称 | C2: 修复消耗时间（秒） | D2: 修复消耗食物 | E2: 修复消耗木材 | F2: 修复消耗石材 | G2: 修复消耗黄金 | H2: 修复消耗道具id | I2: 修复消耗道具数量 | J2: 修复类型 | K2: 修复解锁条件关系 | L2: 修复解锁条件 | M2: 解锁任务类型 | N2: 任务条件类型 | O2: 解锁任务 | P2: 损坏得建筑模型路径 | Q2: 修复中的建筑模型路径 | R2: 额外配置路径(相机timeline) | S2: 占领的蛮族要塞配置id | T2: 农民位置出发点 | W2: 农民位置终点 | Z2: 农民待机点位置 | AC2: 修复动作类型
A3: id | C3: costSec | D3: costFood | E3: costWood | F3: costStone | G3: costGold | H3: costItemIDs | I3: costItemNums | J3: repairType | K3: resConditionGroup.conditionRelation | L3: resConditionGroup.condition.condOneOf | P3: path | Q3: repairePath | R3: extraPath | S3: monsterFortressConfId | T3: peasantRepaireConf.srcPos.x | U3: peasantRepaireConf.srcPos.y | V3: peasantRepaireConf.srcPos.z | W3: peasantRepaireConf.dstPos.x | X3: peasantRepaireConf.dstPos.y | Y3: peasantRepaireConf.dstPos.z | Z3: peasantRepaireConf.idlePos.x | AA3: peasantRepaireConf.idlePos.y | AB3: peasantRepaireConf.idlePos.z | AC3: peasantRepaireConf.jobType
A4: 201 | B4: 城镇中心 | C4: 13 | D4: 0 | E4: 200 | F4: 0 | G4: 0 | J4: 修复 | K4: 条件与 | L4: taskAccept{taskId:666912} | M4: 探索任务主目标 | N4: taskComplete | P4: assets/bundleresources/environment/city/building/common/burned/or/p_or_centerburned_a0.prefab | Q4: assets/bundleresources/environment/city/building/common/burned/rr/p_rr_centerburned_a0.prefab
A5: 202 | B5: 居民房舍 | C5: 13 | D5: 0 | E5: 0 | F5: 0 | G5: 0 | J5: 修复 | K5: 条件与 | L5: taskComplete{taskId:666211} | M5: 探索任务子目标 | N5: taskComplete | O5: 拾取200木材 | P5: assets/bundleresources/environment/city/building/common/burned/or/p_or_houseburned_a0.prefab | Q5: assets/bundleresources/environment/city/building/common/burned/rr/p_rr_houseburned_a0.prefab | W5: 103 | X5: -9.1 | Y5: -87 | Z5: 93.89 | AA5: -9.1 | AB5: -97.27 | AC5: StoneMiner
W6: 100 | X6: -9.1 | Y6: -91 | Z6: 104.31 | AA6: -9.1 | AB6: -94.87 | AC6: Lumber
A7: 206 | B7: 剑士营 | C7: 13 | D7: 0 | E7: 400 | F7: 0 | G7: 0 | J7: 修复 | K7: 条件与 | L7: taskAccept{taskId:666512} | M7: 探索任务子目标 | P7: assets/bundleresources/environment/city/building/common/burned/or/p_or_barrackburned_a0.prefab | Q7: assets/bundleresources/environment/city/building/common/burned/rr/p_rr_barrackburned_a0.prefab | T7: 130.62 | U7: -9.1 | V7: -46 | W7: 119.84 | X7: -9.1 | Y7: -40.76 | Z7: 125 | AA7: -9.1 | AB7: -55 | AC7: StoneMiner
T8: 134 | U8: -9.1 | V8: -37.33 | W8: 126.67 | X8: -9.1 | Y8: -37 | Z8: 152.9 | AA8: -8.9 | AB8: -9.4 | AC8: Lumber
T9: 134.5 | U9: -9.1 | V9: -27.5 | W9: 126.87 | X9: -9.1 | Y9: -31.61 | Z9: 144.4 | AA9: -8.9 | AB9: -27.8 | AC9: StoneMiner
T10: 123.6 | U10: -9.1 | V10: -50.3 | W10: 121.04 | X10: -9.1 | Y10: -40.47 | Z10: 149.2 | AA10: -9.1 | AB10: -27.5 | AC10: Lumber

Sheet #建筑升级表（废弃）
A1: convert(ResCity.proto,table_CityBuildingLevelUpConfData, CityBuildingLevelUpConfData.pbin)
A2: 主键ID | B2: 排序辅助 | C2: 建筑类型ID | D2: 备注 | E2: 建筑等级 | G2: 推荐建筑 | H2: 推荐等级 | I2: 建筑形象 | J2: 升级消耗时间 | K2: 升级消耗食物 | L2: 升级消耗木材 | M2: 升级消耗石料 | N2: 升级消耗黄金 | O2: 升级消耗道具ID | P2: 升级消耗道具数量 | Q2: 升级需求建筑 | R2: 升级需求建筑等级 | S2: 升级时代需求 | T2: 升级繁荣度需求 | U2: 获得君主经验 | V2: 详情表格列 | W2: 详情表格标题 | X2: 效果 | Y2: 效果文本 | Z2: 战力累计值 | AA2: 建筑属性1ID | AB2: 建筑属性1B值 | AC2: 建筑属性1C值 | AD2: 建筑属性1D值 | AE2: 建筑属性2ID | AF2: 建筑属性2B值 | AG2: 建筑属性2C值 | AH2: 建筑属性2D值 | AI2: 建筑属性3ID | AJ2: 建筑属性3B值 | AK2: 建筑属性3C值 | AL2: 建筑属性3D值 | AM2: 建筑属性4ID | AN2: 建筑属性4B值 | AO2: 建筑属性4C值 | AP2: 建筑属性4D值 | AQ2: 建筑属性5ID | AR2: 建筑属性5B值 | AS2: 建筑属性5C值 | AT2: 建筑属性5D值 | AU2: 建筑属性6ID | AV2: 建筑属性6B值 | AW2: 建筑属性6C值 | AX2: 建筑属性6D值 | AY2: 建筑属性7ID | AZ2: 建筑属性7B值 | BA2: 建筑属性7C值 | BB2: 建筑属性7D值 | BC2: 建筑属性8ID | BD2: 建筑属性8B值 | BE2: 建筑属性8C值 | BF2: 建筑属性8D值 | BG2: 是否唯一 | BH2: 数值表顺序（不读） | BI2: 新手关怀buff作用升级时间 | BJ2: 奖励邮件ID | BK2: 主要显示属性 | BM2: 建造/升级时最大可派遣农民数 | BN2: 资源最大可派遣农民数 | BO2: 派遣农民效果1 | BP2: 农民派遣buffid1 | BQ2: 农民派遣buff值1
A3: id | C3: buildingType | E3: level | G3: recommendBuildIds | H3: recommendLevels | I3: image | J3: costSec | K3: costFood | L3: costWood | M3: costStone | N3: costGold | O3: costItemIDs | P3: costItemNums | Q3: needBuildingTypes[;] | R3: needBuildingLevels[;] | S3: needAge | T3: needBuildingPower | U3: lordExp | V3: detailRowControl | W3: detailRowTitles[:] | X3: detailUnlockText | Z3: fightPower | AA3: array[1].buffID | AB3: array[1].valueB | AC3: array[1].valueC | AD3: array[1].valueD | AE3: array[2].buffID | AF3: array[2].valueB | AG3: array[2].valueC | AH3: array[2].valueD | AI3: array[3].buffID | AJ3: array[3].valueB | AK3: array[3].valueC | AL3: array[3].valueD | AM3: array[4].buffID | AN3: array[4].valueB | AO3: array[4].valueC | AP3: array[4].valueD | AQ3: array[5].buffID | AR3: array[5].valueB | AS3: array[5].valueC | AT3: array[5].valueD | AU3: array[6].buffID | AV3: array[6].valueB | AW3: array[6].valueC | AX3: array[6].valueD | AY3: array[7].buffID | AZ3: array[7].valueB | BA3: array[7].valueC | BB3: array[7].valueD | BC3: array[8].buffID | BD3: array[8].valueB | BE3: array[8].valueC | BF3: array[8].valueD | BI3: careBuffUpTime | BJ3: mailId | BK3: mainBuffId[|] | BM3: deployFarmerForUpgradeCntMax | BN3: deployFarmerForResourceCntMax | BO3: deployFarmerEffects[1].effect | BP3: deployFarmerEffects[1].bufferId | BQ3: deployFarmerEffects[1].value
A4: 2010001 | B4: 1 | C4: 201 | D4: 城镇中心 | E4: 1 | F4: 城镇中心1 | I4: 0 | J4: 25 | K4: 2500 | L4: 2500 | M4: 0 | N4: 0 | S4: 1 | T4: 0 | U4: 0 | V4: 1:0 | W4: TID_Buff_BuilDetail_6001:TID_Buff_BuilDetail_1 | Z4: 10 | AA4: 6001 | AB4: 100 | AE4: 8025 | AF4: 0 | AI4: 1202 | AJ4: 2 | AM4: 1205 | AN4: 1 | AQ4: 1209 | AR4: 1 | AU4: 1210 | AV4: 0 | AY4: 1237 | AZ4: 0 | BH4: 1 | BK4: 1|2 | BL4: 0
A5: 2010002 | B5: 2 | C5: 201 | D5: 城镇中心 | E5: 2 | F5: 城镇中心2 | G5: 204:203:202:206:224 | H5: 1:1:1:1:1 | I5: 0 | J5: 180 | K5: 5000 | L5: 5000 | M5: 0 | N5: 0 | S5: 1 | T5: 0 | U5: 0 | X5: TID_CityBuilding_detailUnlockText_2010002 | Y5: 治疗房舍 | Z5: 30 | AA5: 6001 | AB5: 200 | AE5: 8025 | AF5: 0 | AI5: 1202 | AJ5: 3 | AM5: 1205 | AN5: 1 | AQ5: 1209 | AR5: 1 | AU5: 1210 | AV5: 0 | AY5: 1237 | AZ5: 0 | BH5: 1 | BL5: 480
A6: 2010003 | B6: 3 | C6: 201 | D6: 城镇中心 | E6: 3 | F6: 城镇中心3 | G6: 204:203:202:206:224:222 | H6: 2:2:2:2:2:2 | I6: 0 | J6: 360 | K6: 10000 | L6: 10000 | M6: 0 | N6: 0 | S6: 1 | T6: 0 | U6: 0 | Z6: 70 | AA6: 6001 | AB6: 300 | AE6: 8025 | AF6: 0 | AI6: 1202 | AJ6: 4 | AM6: 1205 | AN6: 2 | AQ6: 1209 | AR6: 2 | AU6: 1210 | AV6: 0 | AY6: 1237 | AZ6: 0 | BH6: 1 | BL6: 2000
A7: 2010004 | B7: 4 | C7: 201 | D7: 城镇中心 | E7: 4 | F7: 城镇中心4 | G7: 204:203:202:206:224:222:215 | H7: 3:3:3:3:3:3:3 | I7: 0 | J7: 720 | K7: 20000 | L7: 20000 | M7: 0 | N7: 0 | S7: 1 | T7: 0 | U7: 0 | X7: TID_CityBuilding_detailUnlockText_2010004 | Y7: 仓库 | Z7: 150 | AA7: 6001 | AB7: 400 | AE7: 8025 | AF7: 0 | AI7: 1202 | AJ7: 4 | AM7: 1205 | AN7: 2 | AQ7: 1209 | AR7: 2 | AU7: 1210 | AV7: 1 | AY7: 1237 | AZ7: 0 | BH7: 1 | BL7: 3300
A8: 2010005 | B8: 5 | C8: 201 | D8: 城镇中心 | E8: 5 | F8: 城镇中心5 | G8: 205:204:203:202:222:206:224:212:215 | H8: 4:4:4:4:4:4:4:4:4 | I8: 1 | J8: 1500 | K8: 26000 | L8: 26000 | M8: 26000 | N8: 0 | Q8: 215;222 | R8: 4;4 | S8: 2 | T8: 0 | U8: 0 | X8: TID_CityBuilding_detailUnlockText_2010005 | Y8: 防御塔 | Z8: 304 | AA8: 6001 | AB8: 700 | AE8: 8025 | AF8: 0 | AI8: 1202 | AJ8: 4 | AM8: 1205 | AN8: 2 | AQ8: 1209 | AR8: 2 | AU8: 1210 | AV8: 1 | AY8: 1237 | AZ8: 0 | BH8: 1 | BJ8: 20001 | BL8: 6000
A9: 2010006 | B9: 6 | C9: 201 | D9: 城镇中心 | E9: 6 | F9: 城镇中心6 | G9: 204:205:203:202:222:206:224:232:209:212:215 | H9: 5:5:5:5:5:5:5:5:5:5:5 | I9: 1 | J9: 2700 | K9: 48000 | L9: 48000 | M9: 48000 | N9: 0 | Q9: 215;226 | R9: 5;5 | S9: 2 | T9: 0 | U9: 0 | X9: TID_CityBuilding_detailUnlockText_2010006 | Y9: 市集 | Z9: 591 | AA9: 6001 | AB9: 1000 | AE9: 8025 | AF9: 0 | AI9: 1202 | AJ9: 4 | AM9: 1205 | AN9: 2 | AQ9: 1209 | AR9: 2 | AU9: 1210 | AV9: 1 | AY9: 1237 | AZ9: 0 | BH9: 1 | BJ9: 20002 | BL9: 9000
A10: 2010007 | B10: 7 | C10: 201 | D10: 城镇中心 | E10: 7 | F10: 城镇中心7 | G10: 204:205:203:202:206:222:224:232:209:212:215 | H10: 6:6:6:6:6:6:6:6:6:6:6 | I10: 1 | J10: 4500 | K10: 86000 | L10: 86000 | M10: 86000 | N10: 0 | Q10: 215;231 | R10: 6;6 | S10: 2 | T10: 0 | U10: 0 | X10: TID_CityBuilding_detailUnlockText_2010007 | Y10: 码头 | Z10: 1105 | AA10: 6001 | AB10: 1500 | AE10: 8025 | AF10: 0 | AI10: 1202 | AJ10: 4 | AM10: 1205 | AN10: 2 | AQ10: 1209 | AR10: 2 | AU10: 1210 | AV10: 1 | AY10: 1237 | AZ10: 0 | BH10: 1 | BJ10: 20003 | BL10: 12000
A11: 2010008 | B11: 8 | C11: 201 | D11: 城镇中心 | E11: 8 | F11: 城镇中心8 | G11: 204:205:203:202:206:222:224:232:209:212:215 | H11: 7:7:7:7:7:7:7:7:7:7:7 | I11: 1 | J11: 7200 | K11: 150000 | L11: 150000 | M11: 150000 | N11: 0 | Q11: 215;206 | R11: 7;7 | S11: 2 | T11: 0 | U11: 0 | X11: TID_CityBuilding_detailUnlockText_2010008 | Y11: 大使馆 | Z11: 1989 | AA11: 6001 | AB11: 2000 | AE11: 8025 | AF11: 0 | AI11: 1202 | AJ11: 4 | AM11: 1205 | AN11: 2 | AQ11: 1209 | AR11: 2 | AU11: 1210 | AV11: 1 | AY11: 1237 | AZ11: 0 | BH11: 1 | BJ11: 20004 | BL11: 15000
A12: 2010009 | B12: 9 | C12: 201 | D12: 城镇中心 | E12: 9 | F12: 城镇中心9 | G12: 204:205:203:202:212:222:206:224:232:209:215:230 | H12: 8:8:8:8:8:8:8:8:8:8:8:8 | I12: 1 | J12: 14400 | K12: 240000 | L12: 240000 | M12: 240000 | N12: 0 | Q12: 215;230 | R12: 8;8 | S12: 2 | T12: 0 | U12: 0 | X12: TID_CityBuilding_detailUnlockText_2010009 | Y12: 第[%d1]个石矿场 | Z12: 3448 | AA12: 6001 | AB12: 2500 | AE12: 8025 | AF12: 0 | AI12: 1202 | AJ12: 4 | AM12: 1205 | AN12: 2 | AQ12: 1209 | AR12: 2 | AU12: 1210 | AV12: 2 | AY12: 1237 | AZ12: 0 | BH12: 1 | BJ12: 20005 | BL12: 20000
A13: 2010010 | B13: 10 | C13: 201 | D13: 城镇中心 | E13: 10 | F13: 城镇中心10 | G13: 204:205:203:202:212:222:206:224:232:209:215:230 | H13: 9:9:9:9:9:9:9:9:9:9:9:9 | I13: 1 | J13: 21600 | K13: 290000 | L13: 290000 | M13: 290000 | N13: 290000 | Q13: 215;211 | R13: 9;9 | S13: 2 | T13: 0 | U13: 0 | Z13: 5753 | AA13: 6001 | AB13: 3000 | AE13: 8025 | AF13: 0 | AI13: 1202 | AJ13: 4 | AM13: 1205 | AN13: 2 | AQ13: 1209 | AR13: 2 | AU13: 1210 | AV13: 2 | AY13: 1237 | AZ13: 1 | BH13: 1 | BJ13: 20006 | BL13: 27000
A14: 2010011 | B14: 11 | C14: 201 | D14: 城镇中心 | E14: 11 | F14: 城镇中心11 | G14: 234:204:205:203:202:206:224:222:212:232:209:215:230 | H14: 10:10:10:10:10:10:10:10:10:10:10:10:10 | I14: 1 | J14: 32400 | K14: 440000 | L14: 440000 | M14: 440000 | N14: 440000 | Q14: 215;222 | R14: 10;10 | S14: 3 | T14: 0 | U14: 0 | X14: TID_CityBuilding_detailUnlockText_2010011 | Y14: 第[%d1]个伐木场 | Z14: 9234 | AA14: 6001 | AB14: 4000 | AE14: 8025 | AF14: 0 | AI14: 1202 | AJ14: 4 | AM14: 1205 | AN14: 2 | AQ14: 1209 | AR14: 2 | AU14: 1210 | AV14: 2 | AY14: 1237 | AZ14: 1 | BH14: 1 | BJ14: 20007 | BL14: 35000
A15: 2010012 | B15: 12 | C15: 201 | D15: 城镇中心 | E15: 12 | F15: 城镇中心12 | G15: 204:205:234:203:202:206:224:222:212:232:209:215:226:230 | H15: 11:11:11:11:11:11:11:11:11:11:11:11:11:11 | I15: 2 | J15: 43200 | K15: 630000 | L15: 630000 | M15: 630000 | N15: 630000 | Q15: 215;231 | R15: 11;11 | S15: 3 | T15: 0 | U15: 0 | X15: TID_CityBuilding_detailUnlockText_2010012 | Y15: 战争大厅和第1个副将位 | Z15: 14246 | AA15: 6001 | AB15: 5000 | AE15: 8025 | AF15: 1 | AI15: 1202 | AJ15: 4 | AM15: 1205 | AN15: 2 | AQ15: 1209 | AR15: 3 | AU15: 1210 | AV15: 2 | AY15: 1237 | AZ15: 1 | BH15: 1 | BJ15: 20008 | BL15: 45000
A16: 2010013 | B16: 13 | C16: 201 | D16: 城镇中心 | E16: 13 | F16: 城镇中心13 | G16: 204:205:234:203:202:206:224:222:212:232:209:215:226:229:230 | H16: 12:12:12:12:12:12:12:12:12:12:12:12:12:12:12 | I16: 2 | J16: 57600 | K16: 860000 | L16: 860000 | M16: 860000 | N16: 860000 | Q16: 215;232 | R16: 12;12 | S16: 3 | T16: 0 | U16: 0 | X16: TID_CityBuilding_detailUnlockText_2010013 | Y16: 第[%d1]个磨坊 | Z16: 21113 | AA16: 6001 | AB16: 6000 | AE16: 8025 | AF16: 1 | AI16: 1202 | AJ16: 4 | AM16: 1205 | AN16: 3 | AQ16: 1209 | AR16: 3 | AU16: 1210 | AV16: 2 | AY16: 1237 | AZ16: 1 | BH16: 1 | BJ16: 20009
A17: 2010014 | B17: 14 | C17: 201 | D17: 城镇中心 | E17: 14 | F17: 城镇中心14 | G17: 204:205:234:203:202:206:224:222:212:232:209:215:226:229:230 | H17: 13:13:13:13:13:13:13:13:13:13:13:13:13:13:13 | I17: 2 | J17: 72000 | K17: 1100000 | L17: 1100000 | M17: 1100000 | N17: 1100000 | Q17: 215;230 | R17: 13;13 | S17: 3 | T17: 0 | U17: 0 | Z17: 30039 | AA17: 6001 | AB17: 7000 | AE17: 8025 | AF17: 1 | AI17: 1202 | AJ17: 4 | AM17: 1205 | AN17: 3 | AQ17: 1209 | AR17: 3 | AU17: 1210 | AV17: 2 | AY17: 1237 | AZ17: 1 | BH17: 1 | BJ17: 20010
A18: 2010015 | B18: 15 | C18: 201 | D18: 城镇中心 | E18: 15 | F18: 城镇中心15 | G18: 204:205:234:203:202:206:224:232:222:212:209:215:226:229:230 | H18: 14:14:14:14:14:14:14:14:14:14:14:14:14:14:14 | I18: 2 | J18: 86400 | K18: 1400000 | L18: 1400000 | M18: 1400000 | N18: 1400000 | Q18: 215;211 | R18: 14;14 | S18: 3 | T18: 0 | U18: 0 | X18: TID_CityBuilding_detailUnlockText_2010015 | Y18: 第[%d1]个金矿场 | Z18: 41465 | AA18: 6001 | AB18: 8000 | AE18: 8025 | AF18: 1 | AI18: 1202 | AJ18: 4 | AM18: 1205 | AN18: 3 | AQ18: 1209 | AR18: 3 | AU18: 1210 | AV18: 2 | AY18: 1237 | AZ18: 2 | BH18: 1 | BJ18: 20011
A19: 2010016 | B19: 16 | C19: 201 | D19: 城镇中心 | E19: 16 | F19: 城镇中心16 | G19: 204:205:234:203:202:206:224:232:222:212:209:215:226:229:230 | H19: 15:15:15:15:15:15:15:15:15:15:15:15:15:15:15 | I19: 2 | J19: 108000 | K19: 1800000 | L19: 1800000 | M19: 1800000 | N19: 1800000 | Q19: 215;222 | R19: 15;15 | S19: 4 | T19: 0 | U19: 0 | X19: TID_CityBuilding_detailUnlockText_2010016 | Y19: 第[%d1]个石矿场 | Z19: 56091 | AA19: 6001 | AB19: 9500 | AE19: 8025 | AF19: 1 | AI19: 1202 | AJ19: 4 | AM19: 1205 | AN19: 3 | AQ19: 1209 | AR19: 3 | AU19: 1210 | AV19: 3 | AY19: 1237 | AZ19: 2 | BH19: 1 | BJ19: 20012
A20: 2010017 | B20: 17 | C20: 201 | D20: 城镇中心 | E20: 17 | F20: 城镇中心17 | G20: 204:205:234:203:202:206:224:232:222:212:209:215:226:229:230 | H20: 16:16:16:16:16:16:16:16:16:16:16:16:16:16:16 | I20: 2 | J20: 144000 | K20: 2300000 | L20: 2300000 | M20: 2300000 | N20: 2300000 | Q20: 215;231 | R20: 16;16 | S20: 4 | T20: 0 | U20: 0 | X20: TID_CityBuilding_detailUnlockText_2010017 | Y20: 第[%d1]个伐木场和第2个副将位 | Z20: 74811 | AA20: 6001 | AB20: 11000 | AE20: 8025 | AF20: 2 | AI20: 1202 | AJ20: 4 | AM20: 1205 | AN20: 3 | AQ20: 1209 | AR20: 4 | AU20: 1210 | AV20: 3 | AY20: 1237 | AZ20: 2 | BH20: 1 | BJ20: 20013
A21: 2010018 | B21: 18 | C21: 201 | D21: 城镇中心 | E21: 18 | F21: 城镇中心18 | G21: 204:205:234:203:202:206:232:209:224:222:212:215:226:229:230 | H21: 17:17:17:17:17:17:17:17:17:17:17:17:17:17:17 | I21: 2 | J21: 187200 | K21: 3000000 | L21: 3000000 | M21: 3000000 | N21: 3000000 | Q21: 215;209 | R21: 17;17 | S21: 4 | T21: 0 | U21: 0 | X21: TID_CityBuilding_detailUnlockText_2010018 | Y21: 第[%d1]个磨坊 | Z21: 98773 | AA21: 6001 | AB21: 12500 | AE21: 8025 | AF21: 2 | AI21: 1202 | AJ21: 4 | AM21: 1205 | AN21: 4 | AQ21: 1209 | AR21: 4 | AU21: 1210 | AV21: 3 | AY21: 1237 | AZ21: 2 | BH21: 1 | BJ21: 20014
A22: 2010019 | B22: 19 | C22: 201 | D22: 城镇中心 | E22: 19 | F22: 城镇中心19 | G22: 204:205:234:203:202:206:232:209:224:222:212:215:226:229:230 | H22: 18:18:18:18:18:18:18:18:18:18:18:18:18:18:18 | I22: 2 | J22: 244800 | K22: 3800000 | L22: 3800000 | M22: 3800000 | N22: 3800000 | Q22: 215;230 | R22: 18;18 | S22: 4 | T22: 0 | U22: 0 | Z22: 129445 | AA22: 6001 | AB22: 14000 | AE22: 8025 | AF22: 2 | AI22: 1202 | AJ22: 4 | AM22: 1205 | AN22: 4 | AQ22: 1209 | AR22: 4 | AU22: 1210 | AV22: 3 | AY22: 1237 | AZ22: 2 | BH22: 1 | BJ22: 20015
A23: 2010020 | B23: 20 | C23: 201 | D23: 城镇中心 | E23: 20 | F23: 城镇中心20 | G23: 204:205:234:203:202:206:232:209:224:222:212:215:226:229:230 | H23: 19:19:19:19:19:19:19:19:19:19:19:19:19:19:19 | I23: 3 | J23: 345600 | K23: 4900000 | L23: 4900000 | M23: 4900000 | N23: 4900000 | Q23: 215;211 | R23: 19;19 | S23: 4 | T23: 0 | U23: 0 | X23: TID_CityBuilding_detailUnlockText_2010020 | Y23: 第[%d1]个金矿场 | Z23: 168704 | AA23: 6001 | AB23: 16000 | AE23: 8025 | AF23: 2 | AI23: 1202 | AJ23: 4 | AM23: 1205 | AN23: 4 | AQ23: 1209 | AR23: 4 | AU23: 1210 | AV23: 3 | AY23: 1237 | AZ23: 3 | BH23: 1 | BJ23: 20016
A24: 2010021 | B24: 21 | C24: 201 | D24: 城镇中心 | E24: 21 | F24: 城镇中心21 | G24: 204:205:234:203:202:206:232:209:224:222:212:215:226:229:230 | H24: 20:20:20:20:20:20:20:20:20:20:20:20:20:20:20 | I24: 3 | J24: 460800 | K24: 6300000 | L24: 6300000 | M24: 6300000 | N24: 6300000 | Q24: 215;222 | R24: 20;20 | S24: 4 | T24: 0 | U24: 0 | X24: TID_CityBuilding_detailUnlockText_2010021 | Y24: 第[%d1]个石矿场 | Z24: 218957 | AA24: 6001 | AB24: 18000 | AE24: 8025 | AF24: 2 | AI24: 1202 | AJ24: 4 | AM24: 1205 | AN24: 4 | AQ24: 1209 | AR24: 4 | AU24: 1210 | AV24: 4 | AY24: 1237 | AZ24: 3 | BH24: 1 | BJ24: 20017
A25: 2010022 | B25: 22 | C25: 201 | D25: 城镇中心 | E25: 22 | F25: 城镇中心22 | G25: 204:205:234:203:202:206:232:209:224:222:212:215:226:229:230 | H25: 21:21:21:21:21:21:21:21:21:21:21:21:21:21:21 | I25: 3 | J25: 604800 | K25: 8000000 | L25: 8000000 | M25: 8000000 | N25: 8000000 | Q25: 215;231 | R25: 21;21 | S25: 4 | T25: 0 | U25: 0 | Z25: 283280 | AA25: 6001 | AB25: 20000 | AE25: 8025 | AF25: 2 | AI25: 1202 | AJ25: 4 | AM25: 1205 | AN25: 4 | AQ25: 1209 | AR25: 4 | AU25: 1210 | AV25: 4 | AY25: 1237 | AZ25: 3 | BH25: 1 | BJ25: 20018
A26: 2010023 | B26: 23 | C26: 201 | D26: 城镇中心 | E26: 23 | F26: 城镇中心23 | G26: 204:205:234:203:202:206:232:209:224:222:212:215:226:229:230 | H26: 22:22:22:22:22:22:22:22:22:22:22:22:22:22:22 | I26: 3 | J26: 777600 | K26: 10000000 | L26: 10000000 | M26: 10000000 | N26: 10000000 | Q26: 215;224 | R26: 22;22 | S26: 4 | T26: 0 | U26: 0 | Z26: 365613 | AA26: 6001 | AB26: 22000 | AE26: 8025 | AF26: 2 | AI26: 1202 | AJ26: 4 | AM26: 1205 | AN26: 4 | AQ26: 1209 | AR26: 4 | AU26: 1210 | AV26: 4 | AY26: 1237 | AZ26: 3 | BH26: 1 | BJ26: 20019
A27: 2010024 | B27: 24 | C27: 201 | D27: 城镇中心 | E27: 24 | F27: 城镇中心24 | G27: 204:205:234:203:202:206:232:209:224:222:212:215:226:229:230 | H27: 23:23:23:23:23:23:23:23:23:23:23:23:23:23:23 | I27: 3 | J27: 993600 | K27: 13000000 | L27: 13000000 | M27: 13000000 | N27: 13000000 | Q27: 215;230 | R27: 23;23 | S27: 4 | T27: 0 | U27: 0 | X27: TID_CityBuilding_detailUnlockText_2010024 | Y27: 第[%d1]个金矿场 | Z27: 471000 | AA27: 6001 | AB27: 24000 | AE27: 8025 | AF27: 2 | AI27: 1202 | AJ27: 4 | AM27: 1205 | AN27: 4 | AQ27: 1209 | AR27: 4 | AU27: 1210 | AV27: 4 | AY27: 1237 | AZ27: 4 | BH27: 1 | BJ27: 20020
A28: 2010025 | B28: 25 | C28: 201 | D28: 城镇中心 | E28: 25 | F28: 城镇中心25 | G28: 204:205:234:203:202:206:232:209:224:222:212:215:226:229:230 | H28: 24:24:24:24:24:24:24:24:24:24:24:24:24:24:24 | I28: 3 | J28: 1252800 | K28: 17000000 | L28: 17000000 | M28: 17000000 | N28: 17000000 | Q28: 215;211 | R28: 24;24 | S28: 4 | T28: 0 | U28: 0 | Z28: 605895 | AA28: 6001 | AB28: 26000 | AE28: 8025 | AF28: 2 | AI28: 1202 | AJ28: 4 | AM28: 1205 | AN28: 4 | AQ28: 1209 | AR28: 4 | AU28: 1210 | AV28: 4 | AY28: 1237 | AZ28: 4 | BH28: 1 | BJ28: 20021
A29: 2010026 | B29: 26 | C29: 201 | D29: 城镇中心 | E29: 26 | F29: 城镇中心26 | G29: 204:205:234:203:202:206:232:209:224:222:212:215:226:229:230 | H29: 25:25:25:25:25:25:25:25:25:25:25:25:25:25:25 | I29: 3 | J29: 1555200 | K29: 22000000 | L29: 22000000 | M29: 22000000 | N29: 22000000 | Q29: 215;226 | R29: 25;25 | S29: 4 | T29: 0 | U29: 0 | Z29: 778560 | AA29: 6001 | AB29: 28500 | AE29: 8025 | AF29: 2 | AI29: 1202 | AJ29: 4 | AM29: 1205 | AN29: 4 | AQ29: 1209 | AR29: 4 | AU29: 1210 | AV29: 4 | AY29: 1237 | AZ29: 4 | BH29: 1 | BJ29: 20022
A30: 2010027 | B30: 27 | C30: 201 | D30: 城镇中心 | E30: 27 | F30: 城镇中心27 | G30: 204:205:234:203:202:206:232:209:224:222:212:215:226:229:230 | H30: 26:26:26:26:26:26:26:26:26:26:26:26:26:26:26 | I30: 3 | J30: 1900800 | K30: 28000000 | L30: 28000000 | M30: 28000000 | N30: 28000000 | Q30: 215;231 | R30: 26;26 | S30: 4 | T30: 0 | U30: 0 | Z30: 999572 | AA30: 6001 | AB30: 31000 | AE30: 8025 | AF30: 2 | AI30: 1202 | AJ30: 4 | AM30: 1205 | AN30: 4 | AQ30: 1209 | AR30: 4 | AU30: 1210 | AV30: 4 | AY30: 1237 | AZ30: 4 | BH30: 1 | BJ30: 20023
A31: 2010028 | B31: 28 | C31: 201 | D31: 城镇中心 | E31: 28 | F31: 城镇中心28 | G31: 204:205:234:203:202:206:232:209:224:222:212:215:226:229:230 | H31: 27:27:27:27:27:27:27:27:27:27:27:27:27:27:27 | I31: 3 | J31: 2332800 | K31: 35000000 | L31: 35000000 | M31: 35000000 | N31: 35000000 | Q31: 215;222 | R31: 27;27 | S31: 4 | T31: 0 | U31: 0 | Z31: 1282467 | AA31: 6001 | AB31: 33500 | AE31: 8025 | AF31: 2 | AI31: 1202 | AJ31: 4 | AM31: 1205 | AN31: 4 | AQ31: 1209 | AR31: 4 | AU31: 1210 | AV31: 4 | AY31: 1237 | AZ31: 4 | BH31: 1 | BJ31: 20024
A32: 2010029 | B32: 29 | C32: 201 | D32: 城镇中心 | E32: 29 | F32: 城镇中心29 | G32: 204:205:234:203:202:206:232:209:224:222:212:215:226:229:230 | H32: 28:28:28:28:28:28:28:28:28:28:28:28:28:28:28 | I32: 3 | J32: 2851200 | K32: 45000000 | L32: 45000000 | M32: 45000000 | N32: 45000000 | Q32: 215;230 | R32: 28;28 | S32: 4 | T32: 0 | U32: 0 | Z32: 1644573 | AA32: 6001 | AB32: 36500 | AE32: 8025 | AF32: 2 | AI32: 1202 | AJ32: 4 | AM32: 1205 | AN32: 4 | AQ32: 1209 | AR32: 4 | AU32: 1210 | AV32: 4 | AY32: 1237 | AZ32: 4 | BH32: 1 | BJ32: 20025
A33: 2010030 | B33: 30 | C33: 201 | D33: 城镇中心 | E33: 30 | F33: 城镇中心30 | G33: 204:205:234:203:202:206:232:209:224:222:212:215:226:229:230 | H33: 29:29:29:29:29:29:29:29:29:29:29:29:29:29:29 | I33: 3 | J33: 3456000 | K33: 58000000 | L33: 58000000 | M33: 58000000 | N33: 58000000 | Q33: 215;211 | R33: 29;29 | S33: 4 | T33: 0 | U33: 0 | Z33: 2108069 | AA33: 6001 | AB33: 40000 | AE33: 8025 | AF33: 2 | AI33: 1202 | AJ33: 4 | AM33: 1205 | AN33: 4 | AQ33: 1209 | AR33: 4 | AU33: 1210 | AV33: 4 | AY33: 1237 | AZ33: 4 | BH33: 1 | BJ33: 20026
A34: 2020001 | B34: 31 | C34: 202 | D34: 居民房舍 | E34: 1 | F34: 居民房舍1 | I34: 0 | J34: 25 | K34: 250 | L34: 500 | M34: 0 | N34: 0 | Q34: 201 | R34: 1 | S34: 1 | T34: 0 | U34: 0 | V34: 1 | W34: TID_Buff_BuilDetail_1200 | Z34: 1 | AA34: 1200 | AB34: 1 | BH34: 2 | BM34: 3
A35: 2020002 | B35: 32 | C35: 202 | D35: 居民房舍 | E35: 2 | F35: 居民房舍2 | I35: 0 | J35: 27 | K35: 500 | L35: 1000 | M35: 0 | N35: 0 | Q35: 201 | R35: 2 | S35: 1 | T35: 0 | U35: 0 | Z35: 4 | AA35: 1200 | AB35: 2 | BH35: 2
A36: 2020003 | B36: 33 | C36: 202 | D36: 居民房舍 | E36: 3 | F36: 居民房舍3 | I36: 0 | J36: 54 | K36: 1000 | L36: 2000 | M36: 0 | N36: 0 | Q36: 201 | R36: 3 | S36: 1 | T36: 0 | U36: 0 | Z36: 10 | AA36: 1200 | AB36: 3 | BH36: 2
A37: 2020004 | B37: 34 | C37: 202 | D37: 居民房舍 | E37: 4 | F37: 居民房舍4 | I37: 0 | J37: 108 | K37: 2000 | L37: 4000 | M37: 0 | N37: 0 | Q37: 201 | R37: 4 | S37: 1 | T37: 0 | U37: 0 | Z37: 22 | AA37: 1200 | AB37: 4 | BH37: 2
A38: 2020005 | B38: 35 | C38: 202 | D38: 居民房舍 | E38: 5 | F38: 居民房舍5 | I38: 1 | J38: 225 | K38: 2900 | L38: 5800 | M38: 2900 | N38: 0 | Q38: 201 | R38: 5 | S38: 1 | T38: 0 | U38: 0 | Z38: 45 | AA38: 1200 | AB38: 5 | BH38: 2 | BI38: 299
A39: 2020006 | B39: 36 | C39: 202 | D39: 居民房舍 | E39: 6 | F39: 居民房舍6 | I39: 1 | J39: 405 | K39: 5400 | L39: 11000 | M39: 5400 | N39: 0 | Q39: 201 | R39: 6 | S39: 1 | T39: 0 | U39: 0 | Z39: 88 | AA39: 1200 | AB39: 6 | BH39: 2 | BI39: 299
A40: 2020007 | B40: 37 | C40: 202 | D40: 居民房舍 | E40: 7 | F40: 居民房舍7 | I40: 1 | J40: 675 | K40: 9600 | L40: 19000 | M40: 9600 | N40: 0 | Q40: 201 | R40: 7 | S40: 1 | T40: 0 | U40: 0 | Z40: 165 | AA40: 1200 | AB40: 7 | BH40: 2 | BI40: 299
A41: 2020008 | B41: 38 | C41: 202 | D41: 居民房舍 | E41: 8 | F41: 居民房舍8 | I41: 1 | J41: 1080 | K41: 17000 | L41: 33000 | M41: 17000 | N41: 0 | Q41: 201 | R41: 8 | S41: 1 | T41: 0 | U41: 0 | Z41: 298 | AA41: 1200 | AB41: 8 | BH41: 2 | BI41: 299
A42: 2020009 | B42: 39 | C42: 202 | D42: 居民房舍 | E42: 9 | F42: 居民房舍9 | I42: 1 | J42: 2160 | K42: 27000 | L42: 55000 | M42: 27000 | N42: 0 | Q42: 201 | R42: 9 | S42: 1 | T42: 0 | U42: 0 | Z42: 517 | AA42: 1200 | AB42: 9 | BH42: 2 | BI42: 299
A43: 2020010 | B43: 40 | C43: 202 | D43: 居民房舍 | E43: 10 | F43: 居民房舍10 | I43: 1 | J43: 3240 | K43: 35000 | L43: 69000 | M43: 35000 | N43: 35000 | Q43: 201 | R43: 10 | S43: 1 | T43: 0 | U43: 0 | Z43: 863 | AA43: 1200 | AB43: 10 | BH43: 2
A44: 2020011 | B44: 41 | C44: 202 | D44: 居民房舍 | E44: 11 | F44: 居民房舍11 | I44: 1 | J44: 4860 | K44: 52000 | L44: 100000 | M44: 52000 | N44: 52000 | Q44: 201 | R44: 11 | S44: 1 | T44: 0 | U44: 0 | Z44: 1385 | AA44: 1200 | AB44: 11 | BH44: 2
A45: 2020012 | B45: 42 | C45: 202 | D45: 居民房舍 | E45: 12 | F45: 居民房舍12 | I45: 2 | J45: 6480 | K45: 75000 | L45: 150000 | M45: 75000 | N45: 75000 | Q45: 201 | R45: 12 | S45: 1 | T45: 0 | U45: 0 | Z45: 2136 | AA45: 1200 | AB45: 12 | BH45: 2
A46: 2020013 | B46: 43 | C46: 202 | D46: 居民房舍 | E46: 13 | F46: 居民房舍13 | I46: 2 | J46: 8640 | K46: 100000 | L46: 210000 | M46: 100000 | N46: 100000 | Q46: 201 | R46: 13 | S46: 1 | T46: 0 | U46: 0 | Z46: 3166 | AA46: 1200 | AB46: 13 | BH46: 2
A47: 2020014 | B47: 44 | C47: 202 | D47: 居民房舍 | E47: 14 | F47: 居民房舍14 | I47: 2 | J47: 10800 | K47: 130000 | L47: 270000 | M47: 130000 | N47: 130000 | Q47: 201 | R47: 14 | S47: 1 | T47: 0 | U47: 0 | Z47: 4505 | AA47: 1200 | AB47: 14 | BH47: 2
A48: 2020015 | B48: 45 | C48: 202 | D48: 居民房舍 | E48: 15 | F48: 居民房舍15 | I48: 2 | J48: 12960 | K48: 170000 | L48: 340000 | M48: 170000 | N48: 170000 | Q48: 201 | R48: 15 | S48: 1 | T48: 0 | U48: 0 | Z48: 6219 | AA48: 1200 | AB48: 15 | BH48: 2
A49: 2020016 | B49: 46 | C49: 202 | D49: 居民房舍 | E49: 16 | F49: 居民房舍16 | I49: 2 | J49: 16200 | K49: 220000 | L49: 440000 | M49: 220000 | N49: 220000 | Q49: 201 | R49: 16 | S49: 1 | T49: 0 | U49: 0 | Z49: 8413 | AA49: 1200 | AB49: 16 | BH49: 2
A50: 2020017 | B50: 47 | C50: 202 | D50: 居民房舍 | E50: 17 | F50: 居民房舍17 | I50: 2 | J50: 21600 | K50: 280000 | L50: 560000 | M50: 280000 | N50: 280000 | Q50: 201 | R50: 17 | S50: 1 | T50: 0 | U50: 0 | Z50: 11221 | AA50: 1200 | AB50: 17 | BH50: 2
A51: 2020018 | B51: 48 | C51: 202 | D51: 居民房舍 | E51: 18 | F51: 居民房舍18 | I51: 2 | J51: 28080 | K51: 360000 | L51: 720000 | M51: 360000 | N51: 360000 | Q51: 201 | R51: 18 | S51: 1 | T51: 0 | U51: 0 | Z51: 14816 | AA51: 1200 | AB51: 18 | BH51: 2
A52: 2020019 | B52: 49 | C52: 202 | D52: 居民房舍 | E52: 19 | F52: 居民房舍19 | I52: 2 | J52: 36720 | K52: 460000 | L52: 920000 | M52: 460000 | N52: 460000 | Q52: 201 | R52: 19 | S52: 1 | T52: 0 | U52: 0 | Z52: 19416 | AA52: 1200 | AB52: 19 | BH52: 2
A53: 2020020 | B53: 50 | C53: 202 | D53: 居民房舍 | E53: 20 | F53: 居民房舍20 | I53: 3 | J53: 51840 | K53: 590000 | L53: 1200000 | M53: 590000 | N53: 590000 | Q53: 201 | R53: 20 | S53: 1 | T53: 0 | U53: 0 | Z53: 25305 | AA53: 1200 | AB53: 20 | BH53: 2
A54: 2020021 | B54: 51 | C54: 202 | D54: 居民房舍 | E54: 21 | F54: 居民房舍21 | I54: 3 | J54: 69120 | K54: 750000 | L54: 1500000 | M54: 750000 | N54: 750000 | Q54: 201 | R54: 21 | S54: 1 | T54: 0 | U54: 0 | Z54: 32843 | AA54: 1200 | AB54: 21 | BH54: 2
... A63: 2020030 | B63: 60 | C63: 202 | D63: 居民房舍 | E63: 30 | F63: 居民房舍30 | I63: 3 | J63: 518400 | K63: 7000000 | L63: 14000000 | M63: 7000000 | N63: 7000000 | Q63: 201 | R63: 30 | S63: 1 | T63: 0 | U63: 0 | Z63: 316210 | AA63: 1200 | AB63: 35 | BH63: 2
A64: 2030001 | B64: 61 | C64: 203 | D64: 磨坊 | E64: 1 | F64: 磨坊1 | I64: 0 | J64: 25 | K64: 0 | L64: 500 | M64: 0 | N64: 0 | Q64: 201 | R64: 1 | S64: 1 | T64: 0 | U64: 0 | V64: 1:2 | W64: TID_Buff_BuilDetail_1015:TID_Buff_BuilDetail_1206 | Z64: 1 | AA64: 1015 | AB64: 400 | AE64: 1206 | AF64: 1 | BH64: 5 | BM64: 3 | BN64: 3 | BO64: 提高产量 | BP64: 10003604 | BQ64: 300
A65: 2030002 | B65: 62 | C65: 203 | D65: 磨坊 | E65: 2 | F65: 磨坊2 | I65: 0 | J65: 25 | K65: 0 | L65: 1000 | M65: 0 | N65: 0 | Q65: 201 | R65: 2 | S65: 1 | T65: 0 | U65: 0 | Z65: 3 | AA65: 1015 | AB65: 600 | AE65: 1206 | AF65: 1 | BH65: 5 | BN65: 3 | BO65: 提高产量 | BP65: 10003604 | BQ65: 300
A66: 2030003 | B66: 63 | C66: 203 | D66: 磨坊 | E66: 3 | F66: 磨坊3 | I66: 0 | J66: 36 | K66: 0 | L66: 2000 | M66: 0 | N66: 0 | Q66: 201 | R66: 3 | S66: 1 | T66: 0 | U66: 0 | Z66: 7 | AA66: 1015 | AB66: 800 | AE66: 1206 | AF66: 1 | BH66: 5 | BN66: 3 | BO66: 提高产量 | BP66: 10003604 | BQ66: 300
A67: 2030004 | B67: 64 | C67: 203 | D67: 磨坊 | E67: 4 | F67: 磨坊4 | I67: 0 | J67: 72 | K67: 0 | L67: 4000 | M67: 0 | N67: 0 | Q67: 201 | R67: 4 | S67: 1 | T67: 0 | U67: 0 | Z67: 15 | AA67: 1015 | AB67: 1000 | AE67: 1206 | AF67: 1 | BH67: 5 | BN67: 3 | BO67: 提高产量 | BP67: 10003604 | BQ67: 300
A68: 2030005 | B68: 65 | C68: 203 | D68: 磨坊 | E68: 5 | F68: 磨坊5 | I68: 1 | J68: 150 | K68: 0 | L68: 3900 | M68: 3900 | N68: 0 | Q68: 201 | R68: 5 | S68: 1 | T68: 0 | U68: 0 | Z68: 30 | AA68: 1015 | AB68: 1350 | AE68: 1206 | AF68: 1 | BH68: 5 | BN68: 3 | BO68: 提高产量 | BP68: 10003604 | BQ68: 300
A69: 2030006 | B69: 66 | C69: 203 | D69: 磨坊 | E69: 6 | F69: 磨坊6 | I69: 1 | J69: 270 | K69: 0 | L69: 7200 | M69: 7200 | N69: 0 | Q69: 201 | R69: 6 | S69: 1 | T69: 0 | U69: 0 | Z69: 59 | AA69: 1015 | AB69: 1700 | AE69: 1206 | AF69: 1 | BH69: 5 | BN69: 3 | BO69: 提高产量 | BP69: 10003604 | BQ69: 300
A70: 2030007 | B70: 67 | C70: 203 | D70: 磨坊 | E70: 7 | F70: 磨坊7 | I70: 1 | J70: 450 | K70: 0 | L70: 13000 | M70: 13000 | N70: 0 | Q70: 201 | R70: 7 | S70: 1 | T70: 0 | U70: 0 | Z70: 110 | AA70: 1015 | AB70: 2050 | AE70: 1206 | AF70: 1 | BH70: 5 | BI70: 299 | BN70: 3 | BO70: 提高产量 | BP70: 10003604 | BQ70: 300
A71: 2030008 | B71: 68 | C71: 203 | D71: 磨坊 | E71: 8 | F71: 磨坊8 | I71: 1 | J71: 720 | K71: 0 | L71: 22000 | M71: 22000 | N71: 0 | Q71: 201 | R71: 8 | S71: 1 | T71: 0 | U71: 0 | Z71: 198 | AA71: 1015 | AB71: 2400 | AE71: 1206 | AF71: 2 | BH71: 5 | BI71: 299 | BN71: 3 | BO71: 提高产量 | BP71: 10003604 | BQ71: 300
A72: 2030009 | B72: 69 | C72: 203 | D72: 磨坊 | E72: 9 | F72: 磨坊9 | I72: 1 | J72: 1440 | K72: 0 | L72: 36000 | M72: 36000 | N72: 0 | Q72: 201 | R72: 9 | S72: 1 | T72: 0 | U72: 0 | Z72: 344 | AA72: 1015 | AB72: 2750 | AE72: 1206 | AF72: 2 | BH72: 5 | BI72: 299 | BN72: 3 | BO72: 提高产量 | BP72: 10003604 | BQ72: 300
A73: 2030010 | B73: 70 | C73: 203 | D73: 磨坊 | E73: 10 | F73: 磨坊10 | I73: 1 | J73: 2160 | K73: 0 | L73: 38000 | M73: 38000 | N73: 38000 | Q73: 201 | R73: 10 | S73: 1 | T73: 0 | U73: 0 | Z73: 575 | AA73: 1015 | AB73: 3100 | AE73: 1206 | AF73: 2 | BH73: 5 | BN73: 4 | BO73: 提高产量 | BP73: 10003604 | BQ73: 300
A74: 2030011 | B74: 71 | C74: 203 | D74: 磨坊 | E74: 11 | F74: 磨坊11 | I74: 1 | J74: 3240 | K74: 0 | L74: 58000 | M74: 58000 | N74: 58000 | Q74: 201 | R74: 11 | S74: 1 | T74: 0 | U74: 0 | Z74: 923 | AA74: 1015 | AB74: 3600 | AE74: 1206 | AF74: 2 | BH74: 5 | BN74: 4 | BO74: 提高产量 | BP74: 10003604 | BQ74: 300
A75: 2030012 | B75: 72 | C75: 203 | D75: 磨坊 | E75: 12 | F75: 磨坊12 | I75: 2 | J75: 4320 | K75: 0 | L75: 84000 | M75: 84000 | N75: 84000 | Q75: 201 | R75: 12 | S75: 1 | T75: 0 | U75: 0 | Z75: 1424 | AA75: 1015 | AB75: 4100 | AE75: 1206 | AF75: 2 | BH75: 5 | BN75: 4 | BO75: 提高产量 | BP75: 10003604 | BQ75: 300
A76: 2030013 | B76: 73 | C76: 203 | D76: 磨坊 | E76: 13 | F76: 磨坊13 | I76: 2 | J76: 5760 | K76: 0 | L76: 110000 | M76: 110000 | N76: 110000 | Q76: 201 | R76: 13 | S76: 1 | T76: 0 | U76: 0 | Z76: 2111 | AA76: 1015 | AB76: 4600 | AE76: 1206 | AF76: 2 | BH76: 5 | BN76: 4 | BO76: 提高产量 | BP76: 10003604 | BQ76: 300
A77: 2030014 | B77: 74 | C77: 203 | D77: 磨坊 | E77: 14 | F77: 磨坊14 | I77: 2 | J77: 7200 | K77: 0 | L77: 150000 | M77: 150000 | N77: 150000 | Q77: 201 | R77: 14 | S77: 1 | T77: 0 | U77: 0 | Z77: 3003 | AA77: 1015 | AB77: 5100 | AE77: 1206 | AF77: 2 | BH77: 5 | BN77: 4 | BO77: 提高产量 | BP77: 10003604 | BQ77: 300
A78: 2030015 | B78: 75 | C78: 203 | D78: 磨坊 | E78: 15 | F78: 磨坊15 | I78: 2 | J78: 8640 | K78: 0 | L78: 190000 | M78: 190000 | N78: 190000 | Q78: 201 | R78: 15 | S78: 1 | T78: 0 | U78: 0 | Z78: 4146 | AA78: 1015 | AB78: 5600 | AE78: 1206 | AF78: 2 | BH78: 5 | BN78: 4 | BO78: 提高产量 | BP78: 10003604 | BQ78: 300
A79: 2030016 | B79: 76 | C79: 203 | D79: 磨坊 | E79: 16 | F79: 磨坊16 | I79: 2 | J79: 10800 | K79: 0 | L79: 240000 | M79: 240000 | N79: 240000 | Q79: 201 | R79: 16 | S79: 1 | T79: 0 | U79: 0 | Z79: 5609 | AA79: 1015 | AB79: 6250 | AE79: 1206 | AF79: 3 | BH79: 5 | BN79: 4 | BO79: 提高产量 | BP79: 10003604 | BQ79: 300
A80: 2030017 | B80: 77 | C80: 203 | D80: 磨坊 | E80: 17 | F80: 磨坊17 | I80: 2 | J80: 14400 | K80: 0 | L80: 310000 | M80: 310000 | N80: 310000 | Q80: 201 | R80: 17 | S80: 1 | T80: 0 | U80: 0 | Z80: 7481 | AA80: 1015 | AB80: 6900 | AE80: 1206 | AF80: 3 | BH80: 5 | BN80: 4 | BO80: 提高产量 | BP80: 10003604 | BQ80: 300
A81: 2030018 | B81: 78 | C81: 203 | D81: 磨坊 | E81: 18 | F81: 磨坊18 | I81: 2 | J81: 18720 | K81: 0 | L81: 400000 | M81: 400000 | N81: 400000 | Q81: 201 | R81: 18 | S81: 1 | T81: 0 | U81: 0 | Z81: 9877 | AA81: 1015 | AB81: 7600 | AE81: 1206 | AF81: 3 | BH81: 5 | BN81: 4 | BO81: 提高产量 | BP81: 10003604 | BQ81: 300
A82: 2030019 | B82: 79 | C82: 203 | D82: 磨坊 | E82: 19 | F82: 磨坊19 | I82: 2 | J82: 24480 | K82: 0 | L82: 510000 | M82: 510000 | N82: 510000 | Q82: 201 | R82: 19 | S82: 1 | T82: 0 | U82: 0 | Z82: 12944 | AA82: 1015 | AB82: 8300 | AE82: 1206 | AF82: 3 | BH82: 5 | BN82: 4 | BO82: 提高产量 | BP82: 10003604 | BQ82: 300
A83: 2030020 | B83: 80 | C83: 203 | D83: 磨坊 | E83: 20 | F83: 磨坊20 | I83: 3 | J83: 34560 | K83: 0 | L83: 650000 | M83: 650000 | N83: 650000 | Q83: 201 | R83: 20 | S83: 1 | T83: 0 | U83: 0 | Z83: 16870 | AA83: 1015 | AB83: 9000 | AE83: 1206 | AF83: 3 | BH83: 5 | BN83: 5 | BO83: 提高产量 | BP83: 10003604 | BQ83: 300
A84: 2030021 | B84: 81 | C84: 203 | D84: 磨坊 | E84: 21 | F84: 磨坊21 | I84: 3 | J84: 46080 | K84: 0 | L84: 840000 | M84: 840000 | N84: 840000 | Q84: 201 | R84: 21 | S84: 1 | T84: 0 | U84: 0 | Z84: 21895 | AA84: 1015 | AB84: 9800 | AE84: 1206 | AF84: 3 | BH84: 5 | BN84: 5 | BO84: 提高产量 | BP84: 10003604 | BQ84: 300
... A93: 2030030 | B93: 90 | C93: 203 | D93: 磨坊 | E93: 30 | F93: 磨坊30 | I93: 3 | J93: 345600 | K93: 0 | L93: 7700000 | M93: 7700000 | N93: 7700000 | Q93: 201 | R93: 30 | S93: 1 | T93: 0 | U93: 0 | Z93: 210806 | AA93: 1015 | AB93: 20000 | AE93: 1206 | AF93: 4 | BH93: 5 | BN93: 5 | BO93: 提高产量 | BP93: 10003604 | BQ93: 300
A94: 2040001 | B94: 91 | C94: 204 | D94: 伐木场 | E94: 1 | F94: 伐木场1 | I94: 0 | J94: 25 | K94: 500 | L94: 0 | M94: 0 | N94: 0 | Q94: 201 | R94: 1 | S94: 1 | T94: 0 | U94: 0 | V94: 1 | W94: TID_Buff_BuilDetail_1017 | Z94: 1 | AA94: 1017 | AB94: 400 | BH94: 7 | BM94: 3 | BN94: 3 | BO94: 提高产量 | BP94: 10003601 | BQ94: 300
A95: 2040002 | B95: 92 | C95: 204 | D95: 伐木场 | E95: 2 | F95: 伐木场2 | I95: 0 | J95: 25 | K95: 1000 | L95: 0 | M95: 0 | N95: 0 | Q95: 201 | R95: 2 | S95: 1 | T95: 0 | U95: 0 | Z95: 3 | AA95: 1017 | AB95: 600 | BH95: 7 | BN95: 3 | BO95: 提高产量 | BP95: 10003601 | BQ95: 300
A96: 2040003 | B96: 93 | C96: 204 | D96: 伐木场 | E96: 3 | F96: 伐木场3 | I96: 0 | J96: 36 | K96: 2000 | L96: 0 | M96: 0 | N96: 0 | Q96: 201 | R96: 3 | S96: 1 | T96: 0 | U96: 0 | Z96: 7 | AA96: 1017 | AB96: 800 | BH96: 7 | BN96: 3 | BO96: 提高产量 | BP96: 10003601 | BQ96: 300
A97: 2040004 | B97: 94 | C97: 204 | D97: 伐木场 | E97: 4 | F97: 伐木场4 | I97: 0 | J97: 72 | K97: 4000 | L97: 0 | M97: 0 | N97: 0 | Q97: 201 | R97: 4 | S97: 1 | T97: 0 | U97: 0 | Z97: 15 | AA97: 1017 | AB97: 1000 | BH97: 7 | BN97: 3 | BO97: 提高产量 | BP97: 10003601 | BQ97: 300
A98: 2040005 | B98: 95 | C98: 204 | D98: 伐木场 | E98: 5 | F98: 伐木场5 | I98: 1 | J98: 150 | K98: 3900 | L98: 0 | M98: 3900 | N98: 0 | Q98: 201 | R98: 5 | S98: 1 | T98: 0 | U98: 0 | Z98: 30 | AA98: 1017 | AB98: 1350 | BH98: 7 | BN98: 3 | BO98: 提高产量 | BP98: 10003601 | BQ98: 300
A99: 2040006 | B99: 96 | C99: 204 | D99: 伐木场 | E99: 6 | F99: 伐木场6 | I99: 1 | J99: 270 | K99: 7200 | L99: 0 | M99: 7200 | N99: 0 | Q99: 201 | R99: 6 | S99: 1 | T99: 0 | U99: 0 | Z99: 59 | AA99: 1017 | AB99: 1700 | BH99: 7 | BN99: 3 | BO99: 提高产量 | BP99: 10003601 | BQ99: 300
A100: 2040007 | B100: 97 | C100: 204 | D100: 伐木场 | E100: 7 | F100: 伐木场7 | I100: 1 | J100: 450 | K100: 13000 | L100: 0 | M100: 13000 | N100: 0 | Q100: 201 | R100: 7 | S100: 1 | T100: 0 | U100: 0 | Z100: 110 | AA100: 1017 | AB100: 2050 | BH100: 7 | BI100: 299 | BN100: 3 | BO100: 提高产量 | BP100: 10003601 | BQ100: 300
A101: 2040008 | B101: 98 | C101: 204 | D101: 伐木场 | E101: 8 | F101: 伐木场8 | I101: 1 | J101: 720 | K101: 22000 | L101: 0 | M101: 22000 | N101: 0 | Q101: 201 | R101: 8 | S101: 1 | T101: 0 | U101: 0 | Z101: 198 | AA101: 1017 | AB101: 2400 | BH101: 7 | BI101: 299 | BN101: 3 | BO101: 提高产量 | BP101: 10003601 | BQ101: 300
A102: 2040009 | B102: 99 | C102: 204 | D102: 伐木场 | E102: 9 | F102: 伐木场9 | I102: 1 | J102: 1440 | K102: 36000 | L102: 0 | M102: 36000 | N102: 0 | Q102: 201 | R102: 9 | S102: 1 | T102: 0 | U102: 0 | Z102: 344 | AA102: 1017 | AB102: 2750 | BH102: 7 | BI102: 299 | BN102: 3 | BO102: 提高产量 | BP102: 10003601 | BQ102: 300
A103: 2040010 | B103: 100 | C103: 204 | D103: 伐木场 | E103: 10 | F103: 伐木场10 | I103: 1 | J103: 2160 | K103: 38000 | L103: 0 | M103: 38000 | N103: 38000 | Q103: 201 | R103: 10 | S103: 1 | T103: 0 | U103: 0 | Z103: 575 | AA103: 1017 | AB103: 3100 | BH103: 7 | BN103: 4 | BO103: 提高产量 | BP103: 10003601 | BQ103: 300
A104: 2040011 | B104: 101 | C104: 204 | D104: 伐木场 | E104: 11 | F104: 伐木场11 | I104: 1 | J104: 3240 | K104: 58000 | L104: 0 | M104: 58000 | N104: 58000 | Q104: 201 | R104: 11 | S104: 1 | T104: 0 | U104: 0 | Z104: 923 | AA104: 1017 | AB104: 3600 | BH104: 7 | BN104: 4 | BO104: 提高产量 | BP104: 10003601 | BQ104: 300
A105: 2040012 | B105: 102 | C105: 204 | D105: 伐木场 | E105: 12 | F105: 伐木场12 | I105: 2 | J105: 4320 | K105: 84000 | L105: 0 | M105: 84000 | N105: 84000 | Q105: 201 | R105: 12 | S105: 1 | T105: 0 | U105: 0 | Z105: 1424 | AA105: 1017 | AB105: 4100 | BH105: 7 | BN105: 4 | BO105: 提高产量 | BP105: 10003601 | BQ105: 300
A106: 2040013 | B106: 103 | C106: 204 | D106: 伐木场 | E106: 13 | F106: 伐木场13 | I106: 2 | J106: 5760 | K106: 110000 | L106: 0 | M106: 110000 | N106: 110000 | Q106: 201 | R106: 13 | S106: 1 | T106: 0 | U106: 0 | Z106: 2111 | AA106: 1017 | AB106: 4600 | BH106: 7 | BN106: 4 | BO106: 提高产量 | BP106: 10003601 | BQ106: 300
A107: 2040014 | B107: 104 | C107: 204 | D107: 伐木场 | E107: 14 | F107: 伐木场14 | I107: 2 | J107: 7200 | K107: 150000 | L107: 0 | M107: 150000 | N107: 150000 | Q107: 201 | R107: 14 | S107: 1 | T107: 0 | U107: 0 | Z107: 3003 | AA107: 1017 | AB107: 5100 | BH107: 7 | BN107: 4 | BO107: 提高产量 | BP107: 10003601 | BQ107: 300
A108: 2040015 | B108: 105 | C108: 204 | D108: 伐木场 | E108: 15 | F108: 伐木场15 | I108: 2 | J108: 8640 | K108: 190000 | L108: 0 | M108: 190000 | N108: 190000 | Q108: 201 | R108: 15 | S108: 1 | T108: 0 | U108: 0 | Z108: 4146 | AA108: 1017 | AB108: 5600 | BH108: 7 | BN108: 4 | BO108: 提高产量 | BP108: 10003601 | BQ108: 300
A109: 2040016 | B109: 106 | C109: 204 | D109: 伐木场 | E109: 16 | F109: 伐木场16 | I109: 2 | J109: 10800 | K109: 240000 | L109: 0 | M109: 240000 | N109: 240000 | Q109: 201 | R109: 16 | S109: 1 | T109: 0 | U109: 0 | Z109: 5609 | AA109: 1017 | AB109: 6250 | BH109: 7 | BN109: 4 | BO109: 提高产量 | BP109: 10003601 | BQ109: 300
A110: 2040017 | B110: 107 | C110: 204 | D110: 伐木场 | E110: 17 | F110: 伐木场17 | I110: 2 | J110: 14400 | K110: 310000 | L110: 0 | M110: 310000 | N110: 310000 | Q110: 201 | R110: 17 | S110: 1 | T110: 0 | U110: 0 | Z110: 7481 | AA110: 1017 | AB110: 6900 | BH110: 7 | BN110: 4 | BO110: 提高产量 | BP110: 10003601 | BQ110: 300
A111: 2040018 | B111: 108 | C111: 204 | D111: 伐木场 | E111: 18 | F111: 伐木场18 | I111: 2 | J111: 18720 | K111: 400000 | L111: 0 | M111: 400000 | N111: 400000 | Q111: 201 | R111: 18 | S111: 1 | T111: 0 | U111: 0 | Z111: 9877 | AA111: 1017 | AB111: 7600 | BH111: 7 | BN111: 4 | BO111: 提高产量 | BP111: 10003601 | BQ111: 300
A112: 2040019 | B112: 109 | C112: 204 | D112: 伐木场 | E112: 19 | F112: 伐木场19 | I112: 2 | J112: 24480 | K112: 510000 | L112: 0 | M112: 510000 | N112: 510000 | Q112: 201 | R112: 19 | S112: 1 | T112: 0 | U112: 0 | Z112: 12944 | AA112: 1017 | AB112: 8300 | BH112: 7 | BN112: 4 | BO112: 提高产量 | BP112: 10003601 | BQ112: 300
A113: 2040020 | B113: 110 | C113: 204 | D113: 伐木场 | E113: 20 | F113: 伐木场20 | I113: 3 | J113: 34560 | K113: 650000 | L113: 0 | M113: 650000 | N113: 650000 | Q113: 201 | R113: 20 | S113: 1 | T113: 0 | U113: 0 | Z113: 16870 | AA113: 1017 | AB113: 9000 | BH113: 7 | BN113: 5 | BO113: 提高产量 | BP113: 10003601 | BQ113: 300
A114: 2040021 | B114: 111 | C114: 204 | D114: 伐木场 | E114: 21 | F114: 伐木场21 | I114: 3 | J114: 46080 | K114: 840000 | L114: 0 | M114: 840000 | N114: 840000 | Q114: 201 | R114: 21 | S114: 1 | T114: 0 | U114: 0 | Z114: 21895 | AA114: 1017 | AB114: 9800 | BH114: 7 | BN114: 5 | BO114: 提高产量 | BP114: 10003601 | BQ114: 300
... A123: 2040030 | B123: 120 | C123: 204 | D123: 伐木场 | E123: 30 | F123: 伐木场30 | I123: 3 | J123: 345600 | K123: 7700000 | L123: 0 | M123: 7700000 | N123: 7700000 | Q123: 201 | R123: 30 | S123: 1 | T123: 0 | U123: 0 | Z123: 210806 | AA123: 1017 | AB123: 20000 | BH123: 7 | BN123: 5 | BO123: 提高产量 | BP123: 10003601 | BQ123: 300
A124: 2050001 | B124: 121 | C124: 205 | D124: 石矿场 | E124: 1 | F124: 石矿场1 | I124: 0 | J124: 25 | K124: 250 | L124: 250 | M124: 0 | N124: 0 | Q124: 201 | R124: 4 | S124: 2 | T124: 0 | U124: 0 | V124: 1 | W124: TID_Buff_BuilDetail_1018 | Z124: 1 | AA124: 1018 | AB124: 400 | BH124: 8 | BM124: 3 | BN124: 3 | BO124: 提高产量 | BP124: 10003602 | BQ124: 300
...

Sheet 建筑升级表
A1: convert(ResCity.proto,table_CityBuildingLevelUpConfData, CityBuildingLevelUpConfData.pbin)
A2: 主键ID | B2: 排序辅助 | C2: 建筑类型ID | D2: 备注 | E2: 建筑等级 | G2: 推荐建筑 | H2: 推荐等级 | I2: 建筑形象 | J2: 升级消耗时间 | K2: 升级消耗食物 | L2: 升级消耗木材 | M2: 升级消耗石料 | N2: 升级消耗黄金 | O2: 升级消耗道具ID | P2: 升级消耗道具数量 | Q2: 升级需求建筑 | R2: 升级需求建筑等级 | S2: 升级时代需求 | T2: 升级繁荣度需求 | U2: 获得君主经验 | V2: 详情表格列 | W2: 详情表格标题 | X2: 效果 | Y2: 效果文本 | Z2: 效果文本功能解锁 | AA2: 战力累计值 | AB2: 建筑属性1ID | AC2: 建筑属性1B值 | AD2: 建筑属性1C值 | AE2: 建筑属性1D值 | AF2: 建筑属性2ID | AG2: 建筑属性2B值 | AH2: 建筑属性2C值 | AI2: 建筑属性2D值 | AJ2: 建筑属性3ID | AK2: 建筑属性3B值 | AL2: 建筑属性3C值 | AM2: 建筑属性3D值 | AN2: 建筑属性4ID | AO2: 建筑属性4B值 | AP2: 建筑属性4C值 | AQ2: 建筑属性4D值 | AR2: 建筑属性5ID | AS2: 建筑属性5B值 | AT2: 建筑属性5C值 | AU2: 建筑属性5D值 | AV2: 建筑属性6ID | AW2: 建筑属性6B值 | AX2: 建筑属性6C值 | AY2: 建筑属性6D值 | AZ2: 建筑属性7ID | BA2: 建筑属性7B值 | BB2: 建筑属性7C值 | BC2: 建筑属性7D值 | BD2: 建筑属性8ID | BE2: 建筑属性8B值 | BF2: 建筑属性8C值 | BG2: 建筑属性8D值 | BH2: 是否唯一 | BI2: 数值表顺序（不读） | BJ2: 新手关怀buff作用升级时间 | BK2: 奖励邮件ID | BL2: 主要显示属性 | BN2: 建造/升级时最大可派遣农民数 | BO2: 资源最大可派遣农民数 | BP2: 派遣农民效果1 | BQ2: 农民派遣buffid1 | BR2: 农民派遣buff值1
A3: id | C3: buildingType | E3: level | G3: recommendBuildIds | H3: recommendLevels | I3: image | J3: costSec | K3: costFood | L3: costWood | M3: costStone | N3: costGold | O3: costItemIDs | P3: costItemNums | Q3: needBuildingTypes[;] | R3: needBuildingLevels[;] | S3: needAge | T3: needBuildingPower | U3: lordExp | V3: detailRowControl | W3: detailRowTitles[:] | X3: detailUnlockText | Z3: detailUnlockEnum | AA3: fightPower | AB3: array[1].buffID | AC3: array[1].valueB | AD3: array[1].valueC | AE3: array[1].valueD | AF3: array[2].buffID | AG3: array[2].valueB | AH3: array[2].valueC | AI3: array[2].valueD | AJ3: array[3].buffID | AK3: array[3].valueB | AL3: array[3].valueC | AM3: array[3].valueD | AN3: array[4].buffID | AO3: array[4].valueB | AP3: array[4].valueC | AQ3: array[4].valueD | AR3: array[5].buffID | AS3: array[5].valueB | AT3: array[5].valueC | AU3: array[5].valueD | AV3: array[6].buffID | AW3: array[6].valueB | AX3: array[6].valueC | AY3: array[6].valueD | AZ3: array[7].buffID | BA3: array[7].valueB | BB3: array[7].valueC | BC3: array[7].valueD | BD3: array[8].buffID | BE3: array[8].valueB | BF3: array[8].valueC | BG3: array[8].valueD | BJ3: careBuffUpTime | BK3: mailId | BL3: mainBuffId[|] | BN3: deployFarmerForUpgradeCntMax | BO3: deployFarmerForResourceCntMax | BP3: deployFarmerEffects[1].effect | BQ3: deployFarmerEffects[1].bufferId | BR3: deployFarmerEffects[1].value
A4: 2010001 | B4: 1 | C4: 201 | D4: 城镇中心 | E4: 1 | F4: =D4&E4 -> 城镇中心1 | I4: 0 | J4: =INDEX('#建筑消耗和buff配置索引'!AH:AH,MATCH($F4,'#建筑消耗和buff配置索引'!$M:$M,0)) -> 25 | K4: =INDEX('#建筑消耗和buff配置索引'!AA:AA,MATCH($F4,'#建筑消耗和buff配置索引'!$M:$M,0)) -> 2500 | L4: =INDEX('#建筑消耗和buff配置索引'!AB:AB,MATCH($F4,'#建筑消耗和buff配置索引'!$M:$M,0)) -> 2500 | M4: =INDEX('#建筑消耗和buff配置索引'!AC:AC,MATCH($F4,'#建筑消耗和buff配置索引'!$M:$M,0)) -> 0 | N4: =INDEX('#建筑消耗和buff配置索引'!AD:AD,MATCH($F4,'#建筑消耗和buff配置索引'!$M:$M,0)) -> 0 | O4: =IF(INDEX('#建筑消耗和buff配置索引'!T:T,MATCH($F4,'#建筑消耗和buff配置索引'!$M:$M,0))=0,"",INDEX('#建筑消耗和buff配置索引'!T:T,MATCH($F4,'#建筑消耗和buff配置索引'!$M:$M,0))) | P4: =IF(INDEX('#建筑消耗和buff配置索引'!U:U,MATCH($F4,'#建筑消耗和buff配置索引'!$M:$M,0))=0,"",INDEX('#建筑消耗和buff配置索引'!U:U,MATCH($F4,'#建筑消耗和buff配置索引'!$M:$M,0))) | Q4: =IF(INDEX('#建筑消耗和buff配置索引'!K:K,MATCH($F4,'#建筑消耗和buff配置索引'!$M:$M,0))=0,"",INDEX('#建筑消耗和buff配置索引'!K:K,MATCH($F4,'#建筑消耗和buff配置索引'!$M:$M,0))) | R4: =IF(INDEX('#建筑消耗和buff配置索引'!L:L,MATCH($F4,'#建筑消耗和buff配置索引'!$M:$M,0))=0,"",INDEX('#建筑消耗和buff配置索引'!L:L,MATCH($F4,'#建筑消耗和buff配置索引'!$M:$M,0))) | S4: =IF(INDEX('#建筑消耗和buff配置索引'!C:C,MATCH(F4,'#建筑消耗和buff配置索引'!M:M,0))=0,1,INDEX('#建筑消耗和buff配置索引'!C:C,MATCH(F4,'#建筑消耗和buff配置索引'!M:M,0))) -> 1 | T4: 0 | U4: 0 | V4: =IF(E4=1,IF(INDEX('#建筑消耗和buff配置索引'!BY:BY,MATCH(D4,'#建筑消耗和buff配置索引'!A:A,0))=0,"",INDEX('#建筑消耗和buff配置索引'!BY:BY,MATCH(D4,'#建筑消耗和buff配置索引'!A:A,0))),"") -> 1:0 | W4: =IF(E4=1,IF(INDEX('#建筑消耗和buff配置索引'!BZ:BZ,MATCH(D4,'#建筑消耗和buff配置索引'!A:A,0))=0,"",INDEX('#建筑消耗和buff配置索引'!BZ:BZ,MATCH(D4,'#建筑消耗和buff配置索引'!A:A,0))),"") -> TID_Buff_BuilDetail_6001:TID_Buff_BuilDetail_1:TID_Buff_BuilDetail_8025 | AA4: =INDEX('#建筑消耗和buff配置索引'!AO:AO,MATCH($F4,'#建筑消耗和buff配置索引'!$M:$M,0)) -> 10 | AB4: =IF(INDEX('#建筑消耗和buff配置索引'!AR:AR,MATCH($F4,'#建筑消耗和buff配置索引'!$M:$M,0))=0,"",INDEX('#建筑消耗和buff配置索引'!AR:AR,MATCH($F4,'#建筑消耗和buff配置索引'!$M:$M,0))) -> 6001 | AC4: =IF(AB4="","",INDEX('#建筑消耗和buff配置索引'!AS:AS,MATCH($F4,'#建筑消耗和buff配置索引'!$M:$M,0))) -> 100 | AF4: =IF(INDEX('#建筑消耗和buff配置索引'!AW:AW,MATCH($F4,'#建筑消耗和buff配置索引'!$M:$M,0))=0,"",INDEX('#建筑消耗和buff配置索引'!AW:AW,MATCH($F4,'#建筑消耗和buff配置索引'!$M:$M,0))) -> 8025 | AG4: =IF(AF4="","",INDEX('#建筑消耗和buff配置索引'!AX:AX,MATCH($F4,'#建筑消耗和buff配置索引'!$M:$M,0))) -> 0 | AJ4: =IF(INDEX('#建筑消耗和buff配置索引'!BB:BB,MATCH($F4,'#建筑消耗和buff配置索引'!$M:$M,0))=0,"",INDEX('#建筑消耗和buff配置索引'!BB:BB,MATCH($F4,'#建筑消耗和buff配置索引'!$M:$M,0))) -> 1202 | AK4: =IF(AJ4="","",INDEX('#建筑消耗和buff配置索引'!BC:BC,MATCH($F4,'#建筑消耗和buff配置索引'!$M:$M,0))) -> 2 | AN4: =IF(INDEX('#建筑消耗和buff配置索引'!BG:BG,MATCH($F4,'#建筑消耗和buff配置索引'!$M:$M,0))=0,"",INDEX('#建筑消耗和buff配置索引'!BG:BG,MATCH($F4,'#建筑消耗和buff配置索引'!$M:$M,0))) -> 1205 | AO4: =IF(AN4="","",INDEX('#建筑消耗和buff配置索引'!BH:BH,MATCH($F4,'#建筑消耗和buff配置索引'!$M:$M,0))) -> 1 | AR4: =IF(INDEX('#建筑消耗和buff配置索引'!BK:BK,MATCH($F4,'#建筑消耗和buff配置索引'!$M:$M,0))=0,"",INDEX('#建筑消耗和buff配置索引'!BK:BK,MATCH($F4,'#建筑消耗和buff配置索引'!$M:$M,0))) -> 1209 | AS4: =IF(AR4="","",INDEX('#建筑消耗和buff配置索引'!BL:BL,MATCH($F4,'#建筑消耗和buff配置索引'!$M:$M,0))) -> 1 | AV4: =IF(INDEX('#建筑消耗和buff配置索引'!BO:BO,MATCH($F4,'#建筑消耗和buff配置索引'!$M:$M,0))=0,"",INDEX('#建筑消耗和buff配置索引'!BO:BO,MATCH($F4,'#建筑消耗和buff配置索引'!$M:$M,0))) -> 1210 | AW4: =IF(AV4="","",INDEX('#建筑消耗和buff配置索引'!BP:BP,MATCH($F4,'#建筑消耗和buff配置索引'!$M:$M,0))) -> 0 | AZ4: =IF(INDEX('#建筑消耗和buff配置索引'!BS:BS,MATCH($F4,'#建筑消耗和buff配置索引'!$M:$M,0))=0,"",INDEX('#建筑消耗和buff配置索引'!BS:BS,MATCH($F4,'#建筑消耗和buff配置索引'!$M:$M,0))) -> 1237 | BA4: =IF(AZ4="","",INDEX('#建筑消耗和buff配置索引'!BT:BT,MATCH($F4,'#建筑消耗和buff配置索引'!$M:$M,0))) -> 0 | BD4: =IF(INDEX('#建筑消耗和buff配置索引'!BW:BW,MATCH($F4,'#建筑消耗和buff配置索引'!$M:$M,0))=0,"",INDEX('#建筑消耗和buff配置索引'!BW:BW,MATCH($F4,'#建筑消耗和buff配置索引'!$M:$M,0))) | BE4: =IF(BD4="","",INDEX('#建筑消耗和buff配置索引'!BX:BX,MATCH($F4,'#建筑消耗和buff配置索引'!$M:$M,0))) | BI4: 1 | BL4: 1|2 | BM4: 0
A5: 2010002 | B5: 2 | C5: 201 | D5: 城镇中心 | E5: 2 | F5: =D5&E5 -> 城镇中心2 | G5: 204:203:202:206:224 | H5: 1:1:1:1:1 | I5: 0 | J5: =INDEX('#建筑消耗和buff配置索引'!AH:AH,MATCH($F5,'#建筑消耗和buff配置索引'!$M:$M,0)) -> 180 | K5: =INDEX('#建筑消耗和buff配置索引'!AA:AA,MATCH($F5,'#建筑消耗和buff配置索引'!$M:$M,0)) -> 5000 | L5: =INDEX('#建筑消耗和buff配置索引'!AB:AB,MATCH($F5,'#建筑消耗和buff配置索引'!$M:$M,0)) -> 5000 | M5: =INDEX('#建筑消耗和buff配置索引'!AC:AC,MATCH($F5,'#建筑消耗和buff配置索引'!$M:$M,0)) -> 0 | N5: =INDEX('#建筑消耗和buff配置索引'!AD:AD,MATCH($F5,'#建筑消耗和buff配置索引'!$M:$M,0)) -> 0 | O5: =IF(INDEX('#建筑消耗和buff配置索引'!T:T,MATCH($F5,'#建筑消耗和buff配置索引'!$M:$M,0))=0,"",INDEX('#建筑消耗和buff配置索引'!T:T,MATCH($F5,'#建筑消耗和buff配置索引'!$M:$M,0))) | P5: =IF(INDEX('#建筑消耗和buff配置索引'!U:U,MATCH($F5,'#建筑消耗和buff配置索引'!$M:$M,0))=0,"",INDEX('#建筑消耗和buff配置索引'!U:U,MATCH($F5,'#建筑消耗和buff配置索引'!$M:$M,0))) | Q5: =IF(INDEX('#建筑消耗和buff配置索引'!K:K,MATCH($F5,'#建筑消耗和buff配置索引'!$M:$M,0))=0,"",INDEX('#建筑消耗和buff配置索引'!K:K,MATCH($F5,'#建筑消耗和buff配置索引'!$M:$M,0))) | R5: =IF(INDEX('#建筑消耗和buff配置索引'!L:L,MATCH($F5,'#建筑消耗和buff配置索引'!$M:$M,0))=0,"",INDEX('#建筑消耗和buff配置索引'!L:L,MATCH($F5,'#建筑消耗和buff配置索引'!$M:$M,0))) | S5: =IF(INDEX('#建筑消耗和buff配置索引'!C:C,MATCH(F5,'#建筑消耗和buff配置索引'!M:M,0))=0,1,INDEX('#建筑消耗和buff配置索引'!C:C,MATCH(F5,'#建筑消耗和buff配置索引'!M:M,0))) -> 1 | T5: 0 | U5: 0 | V5: =IF(E5=1,IF(INDEX('#建筑消耗和buff配置索引'!BY:BY,MATCH(D5,'#建筑消耗和buff配置索引'!A:A,0))=0,"",INDEX('#建筑消耗和buff配置索引'!BY:BY,MATCH(D5,'#建筑消耗和buff配置索引'!A:A,0))),"") | W5: =IF(E5=1,IF(INDEX('#建筑消耗和buff配置索引'!BZ:BZ,MATCH(D5,'#建筑消耗和buff配置索引'!A:A,0))=0,"",INDEX('#建筑消耗和buff配置索引'!BZ:BZ,MATCH(D5,'#建筑消耗和buff配置索引'!A:A,0))),"") | X5: ="TID_CityBuilding_detailUnlockText_"&A5 -> TID_CityBuilding_detailUnlockText_2010002 | Y5: 治疗房舍 | AA5: =INDEX('#建筑消耗和buff配置索引'!AO:AO,MATCH($F5,'#建筑消耗和buff配置索引'!$M:$M,0)) -> 30 | AB5: =IF(INDEX('#建筑消耗和buff配置索引'!AR:AR,MATCH($F5,'#建筑消耗和buff配置索引'!$M:$M,0))=0,"",INDEX('#建筑消耗和buff配置索引'!AR:AR,MATCH($F5,'#建筑消耗和buff配置索引'!$M:$M,0))) -> 6001 | AC5: =IF(AB5="","",INDEX('#建筑消耗和buff配置索引'!AS:AS,MATCH($F5,'#建筑消耗和buff配置索引'!$M:$M,0))) -> 200 | AF5: =IF(INDEX('#建筑消耗和buff配置索引'!AW:AW,MATCH($F5,'#建筑消耗和buff配置索引'!$M:$M,0))=0,"",INDEX('#建筑消耗和buff配置索引'!AW:AW,MATCH($F5,'#建筑消耗和buff配置索引'!$M:$M,0))) -> 8025 | AG5: =IF(AF5="","",INDEX('#建筑消耗和buff配置索引'!AX:AX,MATCH($F5,'#建筑消耗和buff配置索引'!$M:$M,0))) -> 0 | AJ5: =IF(INDEX('#建筑消耗和buff配置索引'!BB:BB,MATCH($F5,'#建筑消耗和buff配置索引'!$M:$M,0))=0,"",INDEX('#建筑消耗和buff配置索引'!BB:BB,MATCH($F5,'#建筑消耗和buff配置索引'!$M:$M,0))) -> 1202 | AK5: =IF(AJ5="","",INDEX('#建筑消耗和buff配置索引'!BC:BC,MATCH($F5,'#建筑消耗和buff配置索引'!$M:$M,0))) -> 2 | AN5: =IF(INDEX('#建筑消耗和buff配置索引'!BG:BG,MATCH($F5,'#建筑消耗和buff配置索引'!$M:$M,0))=0,"",INDEX('#建筑消耗和buff配置索引'!BG:BG,MATCH($F5,'#建筑消耗和buff配置索引'!$M:$M,0))) -> 1205 | AO5: =IF(AN5="","",INDEX('#建筑消耗和buff配置索引'!BH:BH,MATCH($F5,'#建筑消耗和buff配置索引'!$M:$M,0))) -> 1 | AR5: =IF(INDEX('#建筑消耗和buff配置索引'!BK:BK,MATCH($F5,'#建筑消耗和buff配置索引'!$M:$M,0))=0,"",INDEX('#建筑消耗和buff配置索引'!BK:BK,MATCH($F5,'#建筑消耗和buff配置索引'!$M:$M,0))) -> 1209 | AS5: =IF(AR5="","",INDEX('#建筑消耗和buff配置索引'!BL:BL,MATCH($F5,'#建筑消耗和buff配置索引'!$M:$M,0))) -> 1 | AV5: =IF(INDEX('#建筑消耗和buff配置索引'!BO:BO,MATCH($F5,'#建筑消耗和buff配置索引'!$M:$M,0))=0,"",INDEX('#建筑消耗和buff配置索引'!BO:BO,MATCH($F5,'#建筑消耗和buff配置索引'!$M:$M,0))) -> 1210 | AW5: =IF(AV5="","",INDEX('#建筑消耗和buff配置索引'!BP:BP,MATCH($F5,'#建筑消耗和buff配置索引'!$M:$M,0))) -> 0 | AZ5: =IF(INDEX('#建筑消耗和buff配置索引'!BS:BS,MATCH($F5,'#建筑消耗和buff配置索引'!$M:$M,0))=0,"",INDEX('#建筑消耗和buff配置索引'!BS:BS,MATCH($F5,'#建筑消耗和buff配置索引'!$M:$M,0))) -> 1237 | BA5: =IF(AZ5="","",INDEX('#建筑消耗和buff配置索引'!BT:BT,MATCH($F5,'#建筑消耗和buff配置索引'!$M:$M,0))) -> 0 | BD5: =IF(INDEX('#建筑消耗和buff配置索引'!BW:BW,MATCH($F5,'#建筑消耗和buff配置索引'!$M:$M,0))=0,"",INDEX('#建筑消耗和buff配置索引'!BW:BW,MATCH($F5,'#建筑消耗和buff配置索引'!$M:$M,0))) | BE5: =IF(BD5="","",INDEX('#建筑消耗和buff配置索引'!BX:BX,MATCH($F5,'#建筑消耗和buff配置索引'!$M:$M,0))) | BI5: 1 | BM5: 480
A6: 2010003 | B6: 3 | C6: 201 | D6: 城镇中心 | E6: 3 | F6: =D6&E6 -> 城镇中心3 | G6: 204:203:202:206:224:222 | H6: 2:2:2:2:2:2 | I6: 0 | J6: =INDEX('#建筑消耗和buff配置索引'!AH:AH,MATCH($F6,'#建筑消耗和buff配置索引'!$M:$M,0)) -> 360 | K6: =INDEX('#建筑消耗和buff配置索引'!AA:AA,MATCH($F6,'#建筑消耗和buff配置索引'!$M:$M,0)) -> 10000 | L6: =INDEX('#建筑消耗和buff配置索引'!AB:AB,MATCH($F6,'#建筑消耗和buff配置索引'!$M:$M,0)) -> 10000 | M6: =INDEX('#建筑消耗和buff配置索引'!AC:AC,MATCH($F6,'#建筑消耗和buff配置索引'!$M:$M,0)) -> 0 | N6: =INDEX('#建筑消耗和buff配置索引'!AD:AD,MATCH($F6,'#建筑消耗和buff配置索引'!$M:$M,0)) -> 0 | O6: =IF(INDEX('#建筑消耗和buff配置索引'!T:T,MATCH($F6,'#建筑消耗和buff配置索引'!$M:$M,0))=0,"",INDEX('#建筑消耗和buff配置索引'!T:T,MATCH($F6,'#建筑消耗和buff配置索引'!$M:$M,0))) | P6: =IF(INDEX('#建筑消耗和buff配置索引'!U:U,MATCH($F6,'#建筑消耗和buff配置索引'!$M:$M,0))=0,"",INDEX('#建筑消耗和buff配置索引'!U:U,MATCH($F6,'#建筑消耗和buff配置索引'!$M:$M,0))) | Q6: =IF(INDEX('#建筑消耗和buff配置索引'!K:K,MATCH($F6,'#建筑消耗和buff配置索引'!$M:$M,0))=0,"",INDEX('#建筑消耗和buff配置索引'!K:K,MATCH($F6,'#建筑消耗和buff配置索引'!$M:$M,0))) | R6: =IF(INDEX('#建筑消耗和buff配置索引'!L:L,MATCH($F6,'#建筑消耗和buff配置索引'!$M:$M,0))=0,"",INDEX('#建筑消耗和buff配置索引'!L:L,MATCH($F6,'#建筑消耗和buff配置索引'!$M:$M,0))) | S6: =IF(INDEX('#建筑消耗和buff配置索引'!C:C,MATCH(F6,'#建筑消耗和buff配置索引'!M:M,0))=0,1,INDEX('#建筑消耗和buff配置索引'!C:C,MATCH(F6,'#建筑消耗和buff配置索引'!M:M,0))) -> 1 | T6: 0 | U6: 0 | V6: =IF(E6=1,IF(INDEX('#建筑消耗和buff配置索引'!BY:BY,MATCH(D6,'#建筑消耗和buff配置索引'!A:A,0))=0,"",INDEX('#建筑消耗和buff配置索引'!BY:BY,MATCH(D6,'#建筑消耗和buff配置索引'!A:A,0))),"") | W6: =IF(E6=1,IF(INDEX('#建筑消耗和buff配置索引'!BZ:BZ,MATCH(D6,'#建筑消耗和buff配置索引'!A:A,0))=0,"",INDEX('#建筑消耗和buff配置索引'!BZ:BZ,MATCH(D6,'#建筑消耗和buff配置索引'!A:A,0))),"") | AA6: =INDEX('#建筑消耗和buff配置索引'!AO:AO,MATCH($F6,'#建筑消耗和buff配置索引'!$M:$M,0)) -> 70 | AB6: =IF(INDEX('#建筑消耗和buff配置索引'!AR:AR,MATCH($F6,'#建筑消耗和buff配置索引'!$M:$M,0))=0,"",INDEX('#建筑消耗和buff配置索引'!AR:AR,MATCH($F6,'#建筑消耗和buff配置索引'!$M:$M,0))) -> 6001 | AC6: =IF(AB6="","",INDEX('#建筑消耗和buff配置索引'!AS:AS,MATCH($F6,'#建筑消耗和buff配置索引'!$M:$M,0))) -> 300 | AF6: =IF(INDEX('#建筑消耗和buff配置索引'!AW:AW,MATCH($F6,'#建筑消耗和buff配置索引'!$M:$M,0))=0,"",INDEX('#建筑消耗和buff配置索引'!AW:AW,MATCH($F6,'#建筑消耗和buff配置索引'!$M:$M,0))) -> 8025 | AG6: =IF(AF6="","",INDEX('#建筑消耗和buff配置索引'!AX:AX,MATCH($F6,'#建筑消耗和buff配置索引'!$M:$M,0))) -> 0 | AJ6: =IF(INDEX('#建筑消耗和buff配置索引'!BB:BB,MATCH($F6,'#建筑消耗和buff配置索引'!$M:$M,0))=0,"",INDEX('#建筑消耗和buff配置索引'!BB:BB,MATCH($F6,'#建筑消耗和buff配置索引'!$M:$M,0))) -> 1202 | AK6: =IF(AJ6="","",INDEX('#建筑消耗和buff配置索引'!BC:BC,MATCH($F6,'#建筑消耗和buff配置索引'!$M:$M,0))) -> 2 | AN6: =IF(INDEX('#建筑消耗和buff配置索引'!BG:BG,MATCH($F6,'#建筑消耗和buff配置索引'!$M:$M,0))=0,"",INDEX('#建筑消耗和buff配置索引'!BG:BG,MATCH($F6,'#建筑消耗和buff配置索引'!$M:$M,0))) -> 1205 | AO6: =IF(AN6="","",INDEX('#建筑消耗和buff配置索引'!BH:BH,MATCH($F6,'#建筑消耗和buff配置索引'!$M:$M,0))) -> 2 | AR6: =IF(INDEX('#建筑消耗和buff配置索引'!BK:BK,MATCH($F6,'#建筑消耗和buff配置索引'!$M:$M,0))=0,"",INDEX('#建筑消耗和buff配置索引'!BK:BK,MATCH($F6,'#建筑消耗和buff配置索引'!$M:$M,0))) -> 1209 | AS6: =IF(AR6="","",INDEX('#建筑消耗和buff配置索引'!BL:BL,MATCH($F6,'#建筑消耗和buff配置索引'!$M:$M,0))) -> 2 | AV6: =IF(INDEX('#建筑消耗和buff配置索引'!BO:BO,MATCH($F6,'#建筑消耗和buff配置索引'!$M:$M,0))=0,"",INDEX('#建筑消耗和buff配置索引'!BO:BO,MATCH($F6,'#建筑消耗和buff配置索引'!$M:$M,0))) -> 1210 | AW6: =IF(AV6="","",INDEX('#建筑消耗和buff配置索引'!BP:BP,MATCH($F6,'#建筑消耗和buff配置索引'!$M:$M,0))) -> 0 | AZ6: =IF(INDEX('#建筑消耗和buff配置索引'!BS:BS,MATCH($F6,'#建筑消耗和buff配置索引'!$M:$M,0))=0,"",INDEX('#建筑消耗和buff配置索引'!BS:BS,MATCH($F6,'#建筑消耗和buff配置索引'!$M:$M,0))) -> 1237 | BA6: =IF(AZ6="","",INDEX('#建筑消耗和buff配置索引'!BT:BT,MATCH($F6,'#建筑消耗和buff配置索引'!$M:$M,0))) -> 0 | BD6: =IF(INDEX('#建筑消耗和buff配置索引'!BW:BW,MATCH($F6,'#建筑消耗和buff配置索引'!$M:$M,0))=0,"",INDEX('#建筑消耗和buff配置索引'!BW:BW,MATCH($F6,'#建筑消耗和buff配置索引'!$M:$M,0))) | BE6: =IF(BD6="","",INDEX('#建筑消耗和buff配置索引'!BX:BX,MATCH($F6,'#建筑消耗和buff配置索引'!$M:$M,0))) | BI6: 1 | BM6: 2000
A7: 2010004 | B7: 4 | C7: 201 | D7: 城镇中心 | E7: 4 | F7: =D7&E7 -> 城镇中心4 | G7: 204:203:202:206:224:222:215 | H7: 3:3:3:3:3:3:3 | I7: 0 | J7: =INDEX('#建筑消耗和buff配置索引'!AH:AH,MATCH($F7,'#建筑消耗和buff配置索引'!$M:$M,0)) -> 720 | K7: =INDEX('#建筑消耗和buff配置索引'!AA:AA,MATCH($F7,'#建筑消耗和buff配置索引'!$M:$M,0)) -> 20000 | L7: =INDEX('#建筑消耗和buff配置索引'!AB:AB,MATCH($F7,'#建筑消耗和buff配置索引'!$M:$M,0)) -> 20000 | M7: =INDEX('#建筑消耗和buff配置索引'!AC:AC,MATCH($F7,'#建筑消耗和buff配置索引'!$M:$M,0)) -> 0 | N7: =INDEX('#建筑消耗和buff配置索引'!AD:AD,MATCH($F7,'#建筑消耗和buff配置索引'!$M:$M,0)) -> 0 | O7: =IF(INDEX('#建筑消耗和buff配置索引'!T:T,MATCH($F7,'#建筑消耗和buff配置索引'!$M:$M,0))=0,"",INDEX('#建筑消耗和buff配置索引'!T:T,MATCH($F7,'#建筑消耗和buff配置索引'!$M:$M,0))) | P7: =IF(INDEX('#建筑消耗和buff配置索引'!U:U,MATCH($F7,'#建筑消耗和buff配置索引'!$M:$M,0))=0,"",INDEX('#建筑消耗和buff配置索引'!U:U,MATCH($F7,'#建筑消耗和buff配置索引'!$M:$M,0))) | Q7: =IF(INDEX('#建筑消耗和buff配置索引'!K:K,MATCH($F7,'#建筑消耗和buff配置索引'!$M:$M,0))=0,"",INDEX('#建筑消耗和buff配置索引'!K:K,MATCH($F7,'#建筑消耗和buff配置索引'!$M:$M,0))) | R7: =IF(INDEX('#建筑消耗和buff配置索引'!L:L,MATCH($F7,'#建筑消耗和buff配置索引'!$M:$M,0))=0,"",INDEX('#建筑消耗和buff配置索引'!L:L,MATCH($F7,'#建筑消耗和buff配置索引'!$M:$M,0))) | S7: =IF(INDEX('#建筑消耗和buff配置索引'!C:C,MATCH(F7,'#建筑消耗和buff配置索引'!M:M,0))=0,1,INDEX('#建筑消耗和buff配置索引'!C:C,MATCH(F7,'#建筑消耗和buff配置索引'!M:M,0))) -> 1 | T7: 0 | U7: 0 | V7: =IF(E7=1,IF(INDEX('#建筑消耗和buff配置索引'!BY:BY,MATCH(D7,'#建筑消耗和buff配置索引'!A:A,0))=0,"",INDEX('#建筑消耗和buff配置索引'!BY:BY,MATCH(D7,'#建筑消耗和buff配置索引'!A:A,0))),"") | W7: =IF(E7=1,IF(INDEX('#建筑消耗和buff配置索引'!BZ:BZ,MATCH(D7,'#建筑消耗和buff配置索引'!A:A,0))=0,"",INDEX('#建筑消耗和buff配置索引'!BZ:BZ,MATCH(D7,'#建筑消耗和buff配置索引'!A:A,0))),"") | X7: ="TID_CityBuilding_detailUnlockText_"&A7 -> TID_CityBuilding_detailUnlockText_2010004 | Y7: 仓库 | AA7: =INDEX('#建筑消耗和buff配置索引'!AO:AO,MATCH($F7,'#建筑消耗和buff配置索引'!$M:$M,0)) -> 150 | AB7: =IF(INDEX('#建筑消耗和buff配置索引'!AR:AR,MATCH($F7,'#建筑消耗和buff配置索引'!$M:$M,0))=0,"",INDEX('#建筑消耗和buff配置索引'!AR:AR,MATCH($F7,'#建筑消耗和buff配置索引'!$M:$M,0))) -> 6001 | AC7: =IF(AB7="","",INDEX('#建筑消耗和buff配置索引'!AS:AS,MATCH($F7,'#建筑消耗和buff配置索引'!$M:$M,0))) -> 400 | AF7: =IF(INDEX('#建筑消耗和buff配置索引'!AW:AW,MATCH($F7,'#建筑消耗和buff配置索引'!$M:$M,0))=0,"",INDEX('#建筑消耗和buff配置索引'!AW:AW,MATCH($F7,'#建筑消耗和buff配置索引'!$M:$M,0))) -> 8025 | AG7: =IF(AF7="","",INDEX('#建筑消耗和buff配置索引'!AX:AX,MATCH($F7,'#建筑消耗和buff配置索引'!$M:$M,0))) -> 0 | AJ7: =IF(INDEX('#建筑消耗和buff配置索引'!BB:BB,MATCH($F7,'#建筑消耗和buff配置索引'!$M:$M,0))=0,"",INDEX('#建筑消耗和buff配置索引'!BB:BB,MATCH($F7,'#建筑消耗和buff配置索引'!$M:$M,0))) -> 1202 | AK7: =IF(AJ7="","",INDEX('#建筑消耗和buff配置索引'!BC:BC,MATCH($F7,'#建筑消耗和buff配置索引'!$M:$M,0))) -> 2 | AN7: =IF(INDEX('#建筑消耗和buff配置索引'!BG:BG,MATCH($F7,'#建筑消耗和buff配置索引'!$M:$M,0))=0,"",INDEX('#建筑消耗和buff配置索引'!BG:BG,MATCH($F7,'#建筑消耗和buff配置索引'!$M:$M,0))) -> 1205 | AO7: =IF(AN7="","",INDEX('#建筑消耗和buff配置索引'!BH:BH,MATCH($F7,'#建筑消耗和buff配置索引'!$M:$M,0))) -> 2 | AR7: =IF(INDEX('#建筑消耗和buff配置索引'!BK:BK,MATCH($F7,'#建筑消耗和buff配置索引'!$M:$M,0))=0,"",INDEX('#建筑消耗和buff配置索引'!BK:BK,MATCH($F7,'#建筑消耗和buff配置索引'!$M:$M,0))) -> 1209 | AS7: =IF(AR7="","",INDEX('#建筑消耗和buff配置索引'!BL:BL,MATCH($F7,'#建筑消耗和buff配置索引'!$M:$M,0))) -> 2 | AV7: =IF(INDEX('#建筑消耗和buff配置索引'!BO:BO,MATCH($F7,'#建筑消耗和buff配置索引'!$M:$M,0))=0,"",INDEX('#建筑消耗和buff配置索引'!BO:BO,MATCH($F7,'#建筑消耗和buff配置索引'!$M:$M,0))) -> 1210 | AW7: =IF(AV7="","",INDEX('#建筑消耗和buff配置索引'!BP:BP,MATCH($F7,'#建筑消耗和buff配置索引'!$M:$M,0))) -> 1 | AZ7: =IF(INDEX('#建筑消耗和buff配置索引'!BS:BS,MATCH($F7,'#建筑消耗和buff配置索引'!$M:$M,0))=0,"",INDEX('#建筑消耗和buff配置索引'!BS:BS,MATCH($F7,'#建筑消耗和buff配置索引'!$M:$M,0))) -> 1237 | BA7: =IF(AZ7="","",INDEX('#建筑消耗和buff配置索引'!BT:BT,MATCH($F7,'#建筑消耗和buff配置索引'!$M:$M,0))) -> 0 | BD7: =IF(INDEX('#建筑消耗和buff配置索引'!BW:BW,MATCH($F7,'#建筑消耗和buff配置索引'!$M:$M,0))=0,"",INDEX('#建筑消耗和buff配置索引'!BW:BW,MATCH($F7,'#建筑消耗和buff配置索引'!$M:$M,0))) | BE7: =IF(BD7="","",INDEX('#建筑消耗和buff配置索引'!BX:BX,MATCH($F7,'#建筑消耗和buff配置索引'!$M:$M,0))) | BI7: 1 | BM7: 3300
A8: 2010005 | B8: 5 | C8: 201 | D8: 城镇中心 | E8: 5 | F8: =D8&E8 -> 城镇中心5 | G8: 205:204:203:202:222:206:224:212:215 | H8: 4:4:4:4:4:4:4:4:4 | I8: 1 | J8: =INDEX('#建筑消耗和buff配置索引'!AH:AH,MATCH($F8,'#建筑消耗和buff配置索引'!$M:$M,0)) -> 1500 | K8: =INDEX('#建筑消耗和buff配置索引'!AA:AA,MATCH($F8,'#建筑消耗和buff配置索引'!$M:$M,0)) -> 26000 | L8: =INDEX('#建筑消耗和buff配置索引'!AB:AB,MATCH($F8,'#建筑消耗和buff配置索引'!$M:$M,0)) -> 26000 | M8: =INDEX('#建筑消耗和buff配置索引'!AC:AC,MATCH($F8,'#建筑消耗和buff配置索引'!$M:$M,0)) -> 26000 | N8: =INDEX('#建筑消耗和buff配置索引'!AD:AD,MATCH($F8,'#建筑消耗和buff配置索引'!$M:$M,0)) -> 0 | O8: =IF(INDEX('#建筑消耗和buff配置索引'!T:T,MATCH($F8,'#建筑消耗和buff配置索引'!$M:$M,0))=0,"",INDEX('#建筑消耗和buff配置索引'!T:T,MATCH($F8,'#建筑消耗和buff配置索引'!$M:$M,0))) | P8: =IF(INDEX('#建筑消耗和buff配置索引'!U:U,MATCH($F8,'#建筑消耗和buff配置索引'!$M:$M,0))=0,"",INDEX('#建筑消耗和buff配置索引'!U:U,MATCH($F8,'#建筑消耗和buff配置索引'!$M:$M,0))) | Q8: =IF(INDEX('#建筑消耗和buff配置索引'!K:K,MATCH($F8,'#建筑消耗和buff配置索引'!$M:$M,0))=0,"",INDEX('#建筑消耗和buff配置索引'!K:K,MATCH($F8,'#建筑消耗和buff配置索引'!$M:$M,0))) -> 215;222 | R8: =IF(INDEX('#建筑消耗和buff配置索引'!L:L,MATCH($F8,'#建筑消耗和buff配置索引'!$M:$M,0))=0,"",INDEX('#建筑消耗和buff配置索引'!L:L,MATCH($F8,'#建筑消耗和buff配置索引'!$M:$M,0))) -> 4;4 | S8: =IF(INDEX('#建筑消耗和buff配置索引'!C:C,MATCH(F8,'#建筑消耗和buff配置索引'!M:M,0))=0,1,INDEX('#建筑消耗和buff配置索引'!C:C,MATCH(F8,'#建筑消耗和buff配置索引'!M:M,0))) -> 2 | T8: 0 | U8: 0 | V8: =IF(E8=1,IF(INDEX('#建筑消耗和buff配置索引'!BY:BY,MATCH(D8,'#建筑消耗和buff配置索引'!A:A,0))=0,"",INDEX('#建筑消耗和buff配置索引'!BY:BY,MATCH(D8,'#建筑消耗和buff配置索引'!A:A,0))),"") | W8: =IF(E8=1,IF(INDEX('#建筑消耗和buff配置索引'!BZ:BZ,MATCH(D8,'#建筑消耗和buff配置索引'!A:A,0))=0,"",INDEX('#建筑消耗和buff配置索引'!BZ:BZ,MATCH(D8,'#建筑消耗和buff配置索引'!A:A,0))),"") | X8: ="TID_CityBuilding_detailUnlockText_"&A8 -> TID_CityBuilding_detailUnlockText_2010005 | Y8: 防御塔 | AA8: =INDEX('#建筑消耗和buff配置索引'!AO:AO,MATCH($F8,'#建筑消耗和buff配置索引'!$M:$M,0)) -> 304 | AB8: =IF(INDEX('#建筑消耗和buff配置索引'!AR:AR,MATCH($F8,'#建筑消耗和buff配置索引'!$M:$M,0))=0,"",INDEX('#建筑消耗和buff配置索引'!AR:AR,MATCH($F8,'#建筑消耗和buff配置索引'!$M:$M,0))) -> 6001 | AC8: =IF(AB8="","",INDEX('#建筑消耗和buff配置索引'!AS:AS,MATCH($F8,'#建筑消耗和buff配置索引'!$M:$M,0))) -> 700 | AF8: =IF(INDEX('#建筑消耗和buff配置索引'!AW:AW,MATCH($F8,'#建筑消耗和buff配置索引'!$M:$M,0))=0,"",INDEX('#建筑消耗和buff配置索引'!AW:AW,MATCH($F8,'#建筑消耗和buff配置索引'!$M:$M,0))) -> 8025 | AG8: =IF(AF8="","",INDEX('#建筑消耗和buff配置索引'!AX:AX,MATCH($F8,'#建筑消耗和buff配置索引'!$M:$M,0))) -> 0 | AJ8: =IF(INDEX('#建筑消耗和buff配置索引'!BB:BB,MATCH($F8,'#建筑消耗和buff配置索引'!$M:$M,0))=0,"",INDEX('#建筑消耗和buff配置索引'!BB:BB,MATCH($F8,'#建筑消耗和buff配置索引'!$M:$M,0))) -> 1202 | AK8: =IF(AJ8="","",INDEX('#建筑消耗和buff配置索引'!BC:BC,MATCH($F8,'#建筑消耗和buff配置索引'!$M:$M,0))) -> 3 | AN8: =IF(INDEX('#建筑消耗和buff配置索引'!BG:BG,MATCH($F8,'#建筑消耗和buff配置索引'!$M:$M,0))=0,"",INDEX('#建筑消耗和buff配置索引'!BG:BG,MATCH($F8,'#建筑消耗和buff配置索引'!$M:$M,0))) -> 1205 | AO8: =IF(AN8="","",INDEX('#建筑消耗和buff配置索引'!BH:BH,MATCH($F8,'#建筑消耗和buff配置索引'!$M:$M,0))) -> 2 | AR8: =IF(INDEX('#建筑消耗和buff配置索引'!BK:BK,MATCH($F8,'#建筑消耗和buff配置索引'!$M:$M,0))=0,"",INDEX('#建筑消耗和buff配置索引'!BK:BK,MATCH($F8,'#建筑消耗和buff配置索引'!$M:$M,0))) -> 1209 | AS8: =IF(AR8="","",INDEX('#建筑消耗和buff配置索引'!BL:BL,MATCH($F8,'#建筑消耗和buff配置索引'!$M:$M,0))) -> 2 | AV8: =IF(INDEX('#建筑消耗和buff配置索引'!BO:BO,MATCH($F8,'#建筑消耗和buff配置索引'!$M:$M,0))=0,"",INDEX('#建筑消耗和buff配置索引'!BO:BO,MATCH($F8,'#建筑消耗和buff配置索引'!$M:$M,0))) -> 1210 | AW8: =IF(AV8="","",INDEX('#建筑消耗和buff配置索引'!BP:BP,MATCH($F8,'#建筑消耗和buff配置索引'!$M:$M,0))) -> 1 | AZ8: =IF(INDEX('#建筑消耗和buff配置索引'!BS:BS,MATCH($F8,'#建筑消耗和buff配置索引'!$M:$M,0))=0,"",INDEX('#建筑消耗和buff配置索引'!BS:BS,MATCH($F8,'#建筑消耗和buff配置索引'!$M:$M,0))) -> 1237 | BA8: =IF(AZ8="","",INDEX('#建筑消耗和buff配置索引'!BT:BT,MATCH($F8,'#建筑消耗和buff配置索引'!$M:$M,0))) -> 0 | BD8: =IF(INDEX('#建筑消耗和buff配置索引'!BW:BW,MATCH($F8,'#建筑消耗和buff配置索引'!$M:$M,0))=0,"",INDEX('#建筑消耗和buff配置索引'!BW:BW,MATCH($F8,'#建筑消耗和buff配置索引'!$M:$M,0))) | BE8: =IF(BD8="","",INDEX('#建筑消耗和buff配置索引'!BX:BX,MATCH($F8,'#建筑消耗和buff配置索引'!$M:$M,0))) | BI8: 1 | BK8: 20001 | BM8: 6000
A9: 2010006 | B9: 6 | C9: 201 | D9: 城镇中心 | E9: 6 | F9: =D9&E9 -> 城镇中心6 | G9: 204:205:203:202:222:206:224:232:209:212:215 | H9: 5:5:5:5:5:5:5:5:5:5:5 | I9: 1 | J9: =INDEX('#建筑消耗和buff配置索引'!AH:AH,MATCH($F9,'#建筑消耗和buff配置索引'!$M:$M,0)) -> 2700 | K9: =INDEX('#建筑消耗和buff配置索引'!AA:AA,MATCH($F9,'#建筑消耗和buff配置索引'!$M:$M,0)) -> 48000 | L9: =INDEX('#建筑消耗和buff配置索引'!AB:AB,MATCH($F9,'#建筑消耗和buff配置索引'!$M:$M,0)) -> 48000 | M9: =INDEX('#建筑消耗和buff配置索引'!AC:AC,MATCH($F9,'#建筑消耗和buff配置索引'!$M:$M,0)) -> 48000 | N9: =INDEX('#建筑消耗和buff配置索引'!AD:AD,MATCH($F9,'#建筑消耗和buff配置索引'!$M:$M,0)) -> 0 | O9: =IF(INDEX('#建筑消耗和buff配置索引'!T:T,MATCH($F9,'#建筑消耗和buff配置索引'!$M:$M,0))=0,"",INDEX('#建筑消耗和buff配置索引'!T:T,MATCH($F9,'#建筑消耗和buff配置索引'!$M:$M,0))) | P9: =IF(INDEX('#建筑消耗和buff配置索引'!U:U,MATCH($F9,'#建筑消耗和buff配置索引'!$M:$M,0))=0,"",INDEX('#建筑消耗和buff配置索引'!U:U,MATCH($F9,'#建筑消耗和buff配置索引'!$M:$M,0))) | Q9: =IF(INDEX('#建筑消耗和buff配置索引'!K:K,MATCH($F9,'#建筑消耗和buff配置索引'!$M:$M,0))=0,"",INDEX('#建筑消耗和buff配置索引'!K:K,MATCH($F9,'#建筑消耗和buff配置索引'!$M:$M,0))) -> 215;226 | R9: =IF(INDEX('#建筑消耗和buff配置索引'!L:L,MATCH($F9,'#建筑消耗和buff配置索引'!$M:$M,0))=0,"",INDEX('#建筑消耗和buff配置索引'!L:L,MATCH($F9,'#建筑消耗和buff配置索引'!$M:$M,0))) -> 5;5 | S9: =IF(INDEX('#建筑消耗和buff配置索引'!C:C,MATCH(F9,'#建筑消耗和buff配置索引'!M:M,0))=0,1,INDEX('#建筑消耗和buff配置索引'!C:C,MATCH(F9,'#建筑消耗和buff配置索引'!M:M,0))) -> 2 | T9: 0 | U9: 0 | V9: =IF(E9=1,IF(INDEX('#建筑消耗和buff配置索引'!BY:BY,MATCH(D9,'#建筑消耗和buff配置索引'!A:A,0))=0,"",INDEX('#建筑消耗和buff配置索引'!BY:BY,MATCH(D9,'#建筑消耗和buff配置索引'!A:A,0))),"") | W9: =IF(E9=1,IF(INDEX('#建筑消耗和buff配置索引'!BZ:BZ,MATCH(D9,'#建筑消耗和buff配置索引'!A:A,0))=0,"",INDEX('#建筑消耗和buff配置索引'!BZ:BZ,MATCH(D9,'#建筑消耗和buff配置索引'!A:A,0))),"") | X9: ="TID_CityBuilding_detailUnlockText_"&A9 -> TID_CityBuilding_detailUnlockText_2010006 | Y9: 市集 | AA9: =INDEX('#建筑消耗和buff配置索引'!AO:AO,MATCH($F9,'#建筑消耗和buff配置索引'!$M:$M,0)) -> 591 | AB9: =IF(INDEX('#建筑消耗和buff配置索引'!AR:AR,MATCH($F9,'#建筑消耗和buff配置索引'!$M:$M,0))=0,"",INDEX('#建筑消耗和buff配置索引'!AR:AR,MATCH($F9,'#建筑消耗和buff配置索引'!$M:$M,0))) -> 6001 | AC9: =IF(AB9="","",INDEX('#建筑消耗和buff配置索引'!AS:AS,MATCH($F9,'#建筑消耗和buff配置索引'!$M:$M,0))) -> 1000 | AF9: =IF(INDEX('#建筑消耗和buff配置索引'!AW:AW,MATCH($F9,'#建筑消耗和buff配置索引'!$M:$M,0))=0,"",INDEX('#建筑消耗和buff配置索引'!AW:AW,MATCH($F9,'#建筑消耗和buff配置索引'!$M:$M,0))) -> 8025 | AG9: =IF(AF9="","",INDEX('#建筑消耗和buff配置索引'!AX:AX,MATCH($F9,'#建筑消耗和buff配置索引'!$M:$M,0))) -> 0 | AJ9: =IF(INDEX('#建筑消耗和buff配置索引'!BB:BB,MATCH($F9,'#建筑消耗和buff配置索引'!$M:$M,0))=0,"",INDEX('#建筑消耗和buff配置索引'!BB:BB,MATCH($F9,'#建筑消耗和buff配置索引'!$M:$M,0))) -> 1202 | AK9: =IF(AJ9="","",INDEX('#建筑消耗和buff配置索引'!BC:BC,MATCH($F9,'#建筑消耗和buff配置索引'!$M:$M,0))) -> 3 | AN9: =IF(INDEX('#建筑消耗和buff配置索引'!BG:BG,MATCH($F9,'#建筑消耗和buff配置索引'!$M:$M,0))=0,"",INDEX('#建筑消耗和buff配置索引'!BG:BG,MATCH($F9,'#建筑消耗和buff配置索引'!$M:$M,0))) -> 1205 | AO9: =IF(AN9="","",INDEX('#建筑消耗和buff配置索引'!BH:BH,MATCH($F9,'#建筑消耗和buff配置索引'!$M:$M,0))) -> 2 | AR9: =IF(INDEX('#建筑消耗和buff配置索引'!BK:BK,MATCH($F9,'#建筑消耗和buff配置索引'!$M:$M,0))=0,"",INDEX('#建筑消耗和buff配置索引'!BK:BK,MATCH($F9,'#建筑消耗和buff配置索引'!$M:$M,0))) -> 1209 | AS9: =IF(AR9="","",INDEX('#建筑消耗和buff配置索引'!BL:BL,MATCH($F9,'#建筑消耗和buff配置索引'!$M:$M,0))) -> 2 | AV9: =IF(INDEX('#建筑消耗和buff配置索引'!BO:BO,MATCH($F9,'#建筑消耗和buff配置索引'!$M:$M,0))=0,"",INDEX('#建筑消耗和buff配置索引'!BO:BO,MATCH($F9,'#建筑消耗和buff配置索引'!$M:$M,0))) -> 1210 | AW9: =IF(AV9="","",INDEX('#建筑消耗和buff配置索引'!BP:BP,MATCH($F9,'#建筑消耗和buff配置索引'!$M:$M,0))) -> 1 | AZ9: =IF(INDEX('#建筑消耗和buff配置索引'!BS:BS,MATCH($F9,'#建筑消耗和buff配置索引'!$M:$M,0))=0,"",INDEX('#建筑消耗和buff配置索引'!BS:BS,MATCH($F9,'#建筑消耗和buff配置索引'!$M:$M,0))) -> 1237 | BA9: =IF(AZ9="","",INDEX('#建筑消耗和buff配置索引'!BT:BT,MATCH($F9,'#建筑消耗和buff配置索引'!$M:$M,0))) -> 0 | BD9: =IF(INDEX('#建筑消耗和buff配置索引'!BW:BW,MATCH($F9,'#建筑消耗和buff配置索引'!$M:$M,0))=0,"",INDEX('#建筑消耗和buff配置索引'!BW:BW,MATCH($F9,'#建筑消耗和buff配置索引'!$M:$M,0))) | BE9: =IF(BD9="","",INDEX('#建筑消耗和buff配置索引'!BX:BX,MATCH($F9,'#建筑消耗和buff配置索引'!$M:$M,0))) | BI9: 1 | BK9: 20002 | BM9: 9000
A10: 2010007 | B10: 7 | C10: 201 | D10: 城镇中心 | E10: 7 | F10: =D10&E10 -> 城镇中心7 | G10: 204:205:203:202:206:222:224:232:209:212:215 | H10: 6:6:6:6:6:6:6:6:6:6:6 | I10: 1 | J10: =INDEX('#建筑消耗和buff配置索引'!AH:AH,MATCH($F10,'#建筑消耗和buff配置索引'!$M:$M,0)) -> 4500 | K10: =INDEX('#建筑消耗和buff配置索引'!AA:AA,MATCH($F10,'#建筑消耗和buff配置索引'!$M:$M,0)) -> 86000 | L10: =INDEX('#建筑消耗和buff配置索引'!AB:AB,MATCH($F10,'#建筑消耗和buff配置索引'!$M:$M,0)) -> 86000 | M10: =INDEX('#建筑消耗和buff配置索引'!AC:AC,MATCH($F10,'#建筑消耗和buff配置索引'!$M:$M,0)) -> 86000 | N10: =INDEX('#建筑消耗和buff配置索引'!AD:AD,MATCH($F10,'#建筑消耗和buff配置索引'!$M:$M,0)) -> 0 | O10: =IF(INDEX('#建筑消耗和buff配置索引'!T:T,MATCH($F10,'#建筑消耗和buff配置索引'!$M:$M,0))=0,"",INDEX('#建筑消耗和buff配置索引'!T:T,MATCH($F10,'#建筑消耗和buff配置索引'!$M:$M,0))) | P10: =IF(INDEX('#建筑消耗和buff配置索引'!U:U,MATCH($F10,'#建筑消耗和buff配置索引'!$M:$M,0))=0,"",INDEX('#建筑消耗和buff配置索引'!U:U,MATCH($F10,'#建筑消耗和buff配置索引'!$M:$M,0))) | Q10: =IF(INDEX('#建筑消耗和buff配置索引'!K:K,MATCH($F10,'#建筑消耗和buff配置索引'!$M:$M,0))=0,"",INDEX('#建筑消耗和buff配置索引'!K:K,MATCH($F10,'#建筑消耗和buff配置索引'!$M:$M,0))) -> 215;231 | R10: =IF(INDEX('#建筑消耗和buff配置索引'!L:L,MATCH($F10,'#建筑消耗和buff配置索引'!$M:$M,0))=0,"",INDEX('#建筑消耗和buff配置索引'!L:L,MATCH($F10,'#建筑消耗和buff配置索引'!$M:$M,0))) -> 6;6 | S10: =IF(INDEX('#建筑消耗和buff配置索引'!C:C,MATCH(F10,'#建筑消耗和buff配置索引'!M:M,0))=0,1,INDEX('#建筑消耗和buff配置索引'!C:C,MATCH(F10,'#建筑消耗和buff配置索引'!M:M,0))) -> 2 | T10: 0 | U10: 0 | V10: =IF(E10=1,IF(INDEX('#建筑消耗和buff配置索引'!BY:BY,MATCH(D10,'#建筑消耗和buff配置索引'!A:A,0))=0,"",INDEX('#建筑消耗和buff配置索引'!BY:BY,MATCH(D10,'#建筑消耗和buff配置索引'!A:A,0))),"") | W10: =IF(E10=1,IF(INDEX('#建筑消耗和buff配置索引'!BZ:BZ,MATCH(D10,'#建筑消耗和buff配置索引'!A:A,0))=0,"",INDEX('#建筑消耗和buff配置索引'!BZ:BZ,MATCH(D10,'#建筑消耗和buff配置索引'!A:A,0))),"") | X10: ="TID_CityBuilding_detailUnlockText_"&A10 -> TID_CityBuilding_detailUnlockText_2010007 | Y10: 码头 | AA10: =INDEX('#建筑消耗和buff配置索引'!AO:AO,MATCH($F10,'#建筑消耗和buff配置索引'!$M:$M,0)) -> 1105 | AB10: =IF(INDEX('#建筑消耗和buff配置索引'!AR:AR,MATCH($F10,'#建筑消耗和buff配置索引'!$M:$M,0))=0,"",INDEX('#建筑消耗和buff配置索引'!AR:AR,MATCH($F10,'#建筑消耗和buff配置索引'!$M:$M,0))) -> 6001 | AC10: =IF(AB10="","",INDEX('#建筑消耗和buff配置索引'!AS:AS,MATCH($F10,'#建筑消耗和buff配置索引'!$M:$M,0))) -> 1500 | AF10: =IF(INDEX('#建筑消耗和buff配置索引'!AW:AW,MATCH($F10,'#建筑消耗和buff配置索引'!$M:$M,0))=0,"",INDEX('#建筑消耗和buff配置索引'!AW:AW,MATCH($F10,'#建筑消耗和buff配置索引'!$M:$M,0))) -> 8025 | AG10: =IF(AF10="","",INDEX('#建筑消耗和buff配置索引'!AX:AX,MATCH($F10,'#建筑消耗和buff配置索引'!$M:$M,0))) -> 0 | AJ10: =IF(INDEX('#建筑消耗和buff配置索引'!BB:BB,MATCH($F10,'#建筑消耗和buff配置索引'!$M:$M,0))=0,"",INDEX('#建筑消耗和buff配置索引'!BB:BB,MATCH($F10,'#建筑消耗和buff配置索引'!$M:$M,0))) -> 1202 | AK10: =IF(AJ10="","",INDEX('#建筑消耗和buff配置索引'!BC:BC,MATCH($F10,'#建筑消耗和buff配置索引'!$M:$M,0))) -> 4 | AN10: =IF(INDEX('#建筑消耗和buff配置索引'!BG:BG,MATCH($F10,'#建筑消耗和buff配置索引'!$M:$M,0))=0,"",INDEX('#建筑消耗和buff配置索引'!BG:BG,MATCH($F10,'#建筑消耗和buff配置索引'!$M:$M,0))) -> 1205 | AO10: =IF(AN10="","",INDEX('#建筑消耗和buff配置索引'!BH:BH,MATCH($F10,'#建筑消耗和buff配置索引'!$M:$M,0))) -> 2 | AR10: =IF(INDEX('#建筑消耗和buff配置索引'!BK:BK,MATCH($F10,'#建筑消耗和buff配置索引'!$M:$M,0))=0,"",INDEX('#建筑消耗和buff配置索引'!BK:BK,MATCH($F10,'#建筑消耗和buff配置索引'!$M:$M,0))) -> 1209 | AS10: =IF(AR10="","",INDEX('#建筑消耗和buff配置索引'!BL:BL,MATCH($F10,'#建筑消耗和buff配置索引'!$M:$M,0))) -> 2 | AV10: =IF(INDEX('#建筑消耗和buff配置索引'!BO:BO,MATCH($F10,'#建筑消耗和buff配置索引'!$M:$M,0))=0,"",INDEX('#建筑消耗和buff配置索引'!BO:BO,MATCH($F10,'#建筑消耗和buff配置索引'!$M:$M,0))) -> 1210 | AW10: =IF(AV10="","",INDEX('#建筑消耗和buff配置索引'!BP:BP,MATCH($F10,'#建筑消耗和buff配置索引'!$M:$M,0))) -> 1 | AZ10: =IF(INDEX('#建筑消耗和buff配置索引'!BS:BS,MATCH($F10,'#建筑消耗和buff配置索引'!$M:$M,0))=0,"",INDEX('#建筑消耗和buff配置索引'!BS:BS,MATCH($F10,'#建筑消耗和buff配置索引'!$M:$M,0))) -> 1237 | BA10: =IF(AZ10="","",INDEX('#建筑消耗和buff配置索引'!BT:BT,MATCH($F10,'#建筑消耗和buff配置索引'!$M:$M,0))) -> 0 | BD10: =IF(INDEX('#建筑消耗和buff配置索引'!BW:BW,MATCH($F10,'#建筑消耗和buff配置索引'!$M:$M,0))=0,"",INDEX('#建筑消耗和buff配置索引'!BW:BW,MATCH($F10,'#建筑消耗和buff配置索引'!$M:$M,0))) | BE10: =IF(BD10="","",INDEX('#建筑消耗和buff配置索引'!BX:BX,MATCH($F10,'#建筑消耗和buff配置索引'!$M:$M,0))) | BI10: 1 | BK10: 20003 | BM10: 12000
A11: 2010008 | B11: 8 | C11: 201 | D11: 城镇中心 | E11: 8 | F11: =D11&E11 -> 城镇中心8 | G11: 204:205:203:202:206:222:224:232:209:212:215 | H11: 7:7:7:7:7:7:7:7:7:7:7 | I11: 1 | J11: =INDEX('#建筑消耗和buff配置索引'!AH:AH,MATCH($F11,'#建筑消耗和buff配置索引'!$M:$M,0)) -> 7200 | K11: =INDEX('#建筑消耗和buff配置索引'!AA:AA,MATCH($F11,'#建筑消耗和buff配置索引'!$M:$M,0)) -> 150000 | L11: =INDEX('#建筑消耗和buff配置索引'!AB:AB,MATCH($F11,'#建筑消耗和buff配置索引'!$M:$M,0)) -> 150000 | M11: =INDEX('#建筑消耗和buff配置索引'!AC:AC,MATCH($F11,'#建筑消耗和buff配置索引'!$M:$M,0)) -> 150000 | N11: =INDEX('#建筑消耗和buff配置索引'!AD:AD,MATCH($F11,'#建筑消耗和buff配置索引'!$M:$M,0)) -> 0 | O11: =IF(INDEX('#建筑消耗和buff配置索引'!T:T,MATCH($F11,'#建筑消耗和buff配置索引'!$M:$M,0))=0,"",INDEX('#建筑消耗和buff配置索引'!T:T,MATCH($F11,'#建筑消耗和buff配置索引'!$M:$M,0))) | P11: =IF(INDEX('#建筑消耗和buff配置索引'!U:U,MATCH($F11,'#建筑消耗和buff配置索引'!$M:$M,0))=0,"",INDEX('#建筑消耗和buff配置索引'!U:U,MATCH($F11,'#建筑消耗和buff配置索引'!$M:$M,0))) | Q11: =IF(INDEX('#建筑消耗和buff配置索引'!K:K,MATCH($F11,'#建筑消耗和buff配置索引'!$M:$M,0))=0,"",INDEX('#建筑消耗和buff配置索引'!K:K,MATCH($F11,'#建筑消耗和buff配置索引'!$M:$M,0))) -> 215;206 | R11: =IF(INDEX('#建筑消耗和buff配置索引'!L:L,MATCH($F11,'#建筑消耗和buff配置索引'!$M:$M,0))=0,"",INDEX('#建筑消耗和buff配置索引'!L:L,MATCH($F11,'#建筑消耗和buff配置索引'!$M:$M,0))) -> 7;7 | S11: =IF(INDEX('#建筑消耗和buff配置索引'!C:C,MATCH(F11,'#建筑消耗和buff配置索引'!M:M,0))=0,1,INDEX('#建筑消耗和buff配置索引'!C:C,MATCH(F11,'#建筑消耗和buff配置索引'!M:M,0))) -> 2 | T11: 0 | U11: 0 | V11: =IF(E11=1,IF(INDEX('#建筑消耗和buff配置索引'!BY:BY,MATCH(D11,'#建筑消耗和buff配置索引'!A:A,0))=0,"",INDEX('#建筑消耗和buff配置索引'!BY:BY,MATCH(D11,'#建筑消耗和buff配置索引'!A:A,0))),"") | W11: =IF(E11=1,IF(INDEX('#建筑消耗和buff配置索引'!BZ:BZ,MATCH(D11,'#建筑消耗和buff配置索引'!A:A,0))=0,"",INDEX('#建筑消耗和buff配置索引'!BZ:BZ,MATCH(D11,'#建筑消耗和buff配置索引'!A:A,0))),"") | X11: ="TID_CityBuilding_detailUnlockText_"&A11 -> TID_CityBuilding_detailUnlockText_2010008 | Y11: 大使馆 | AA11: =INDEX('#建筑消耗和buff配置索引'!AO:AO,MATCH($F11,'#建筑消耗和buff配置索引'!$M:$M,0)) -> 1989 | AB11: =IF(INDEX('#建筑消耗和buff配置索引'!AR:AR,MATCH($F11,'#建筑消耗和buff配置索引'!$M:$M,0))=0,"",INDEX('#建筑消耗和buff配置索引'!AR:AR,MATCH($F11,'#建筑消耗和buff配置索引'!$M:$M,0))) -> 6001 | AC11: =IF(AB11="","",INDEX('#建筑消耗和buff配置索引'!AS:AS,MATCH($F11,'#建筑消耗和buff配置索引'!$M:$M,0))) -> 2000 | AF11: =IF(INDEX('#建筑消耗和buff配置索引'!AW:AW,MATCH($F11,'#建筑消耗和buff配置索引'!$M:$M,0))=0,"",INDEX('#建筑消耗和buff配置索引'!AW:AW,MATCH($F11,'#建筑消耗和buff配置索引'!$M:$M,0))) -> 8025 | AG11: =IF(AF11="","",INDEX('#建筑消耗和buff配置索引'!AX:AX,MATCH($F11,'#建筑消耗和buff配置索引'!$M:$M,0))) -> 1 | AJ11: =IF(INDEX('#建筑消耗和buff配置索引'!BB:BB,MATCH($F11,'#建筑消耗和buff配置索引'!$M:$M,0))=0,"",INDEX('#建筑消耗和buff配置索引'!BB:BB,MATCH($F11,'#建筑消耗和buff配置索引'!$M:$M,0))) -> 1202 | AK11: =IF(AJ11="","",INDEX('#建筑消耗和buff配置索引'!BC:BC,MATCH($F11,'#建筑消耗和buff配置索引'!$M:$M,0))) -> 4 | AN11: =IF(INDEX('#建筑消耗和buff配置索引'!BG:BG,MATCH($F11,'#建筑消耗和buff配置索引'!$M:$M,0))=0,"",INDEX('#建筑消耗和buff配置索引'!BG:BG,MATCH($F11,'#建筑消耗和buff配置索引'!$M:$M,0))) -> 1205 | AO11: =IF(AN11="","",INDEX('#建筑消耗和buff配置索引'!BH:BH,MATCH($F11,'#建筑消耗和buff配置索引'!$M:$M,0))) -> 2 | AR11: =IF(INDEX('#建筑消耗和buff配置索引'!BK:BK,MATCH($F11,'#建筑消耗和buff配置索引'!$M:$M,0))=0,"",INDEX('#建筑消耗和buff配置索引'!BK:BK,MATCH($F11,'#建筑消耗和buff配置索引'!$M:$M,0))) -> 1209 | AS11: =IF(AR11="","",INDEX('#建筑消耗和buff配置索引'!BL:BL,MATCH($F11,'#建筑消耗和buff配置索引'!$M:$M,0))) -> 2 | AV11: =IF(INDEX('#建筑消耗和buff配置索引'!BO:BO,MATCH($F11,'#建筑消耗和buff配置索引'!$M:$M,0))=0,"",INDEX('#建筑消耗和buff配置索引'!BO:BO,MATCH($F11,'#建筑消耗和buff配置索引'!$M:$M,0))) -> 1210 | AW11: =IF(AV11="","",INDEX('#建筑消耗和buff配置索引'!BP:BP,MATCH($F11,'#建筑消耗和buff配置索引'!$M:$M,0))) -> 1 | AZ11: =IF(INDEX('#建筑消耗和buff配置索引'!BS:BS,MATCH($F11,'#建筑消耗和buff配置索引'!$M:$M,0))=0,"",INDEX('#建筑消耗和buff配置索引'!BS:BS,MATCH($F11,'#建筑消耗和buff配置索引'!$M:$M,0))) -> 1237 | BA11: =IF(AZ11="","",INDEX('#建筑消耗和buff配置索引'!BT:BT,MATCH($F11,'#建筑消耗和buff配置索引'!$M:$M,0))) -> 0 | BD11: =IF(INDEX('#建筑消耗和buff配置索引'!BW:BW,MATCH($F11,'#建筑消耗和buff配置索引'!$M:$M,0))=0,"",INDEX('#建筑消耗和buff配置索引'!BW:BW,MATCH($F11,'#建筑消耗和buff配置索引'!$M:$M,0))) | BE11: =IF(BD11="","",INDEX('#建筑消耗和buff配置索引'!BX:BX,MATCH($F11,'#建筑消耗和buff配置索引'!$M:$M,0))) | BI11: 1 | BK11: 20004 | BM11: 15000
A12: 2010009 | B12: 9 | C12: 201 | D12: 城镇中心 | E12: 9 | F12: =D12&E12 -> 城镇中心9 | G12: 204:205:203:202:212:222:206:224:232:209:215:230 | H12: 8:8:8:8:8:8:8:8:8:8:8:8 | I12: 1 | J12: =INDEX('#建筑消耗和buff配置索引'!AH:AH,MATCH($F12,'#建筑消耗和buff配置索引'!$M:$M,0)) -> 14400 | K12: =INDEX('#建筑消耗和buff配置索引'!AA:AA,MATCH($F12,'#建筑消耗和buff配置索引'!$M:$M,0)) -> 240000 | L12: =INDEX('#建筑消耗和buff配置索引'!AB:AB,MATCH($F12,'#建筑消耗和buff配置索引'!$M:$M,0)) -> 240000 | M12: =INDEX('#建筑消耗和buff配置索引'!AC:AC,MATCH($F12,'#建筑消耗和buff配置索引'!$M:$M,0)) -> 240000 | N12: =INDEX('#建筑消耗和buff配置索引'!AD:AD,MATCH($F12,'#建筑消耗和buff配置索引'!$M:$M,0)) -> 0 | O12: =IF(INDEX('#建筑消耗和buff配置索引'!T:T,MATCH($F12,'#建筑消耗和buff配置索引'!$M:$M,0))=0,"",INDEX('#建筑消耗和buff配置索引'!T:T,MATCH($F12,'#建筑消耗和buff配置索引'!$M:$M,0))) | P12: =IF(INDEX('#建筑消耗和buff配置索引'!U:U,MATCH($F12,'#建筑消耗和buff配置索引'!$M:$M,0))=0,"",INDEX('#建筑消耗和buff配置索引'!U:U,MATCH($F12,'#建筑消耗和buff配置索引'!$M:$M,0))) | Q12: =IF(INDEX('#建筑消耗和buff配置索引'!K:K,MATCH($F12,'#建筑消耗和buff配置索引'!$M:$M,0))=0,"",INDEX('#建筑消耗和buff配置索引'!K:K,MATCH($F12,'#建筑消耗和buff配置索引'!$M:$M,0))) -> 215;230 | R12: =IF(INDEX('#建筑消耗和buff配置索引'!L:L,MATCH($F12,'#建筑消耗和buff配置索引'!$M:$M,0))=0,"",INDEX('#建筑消耗和buff配置索引'!L:L,MATCH($F12,'#建筑消耗和buff配置索引'!$M:$M,0))) -> 8;8 | S12: =IF(INDEX('#建筑消耗和buff配置索引'!C:C,MATCH(F12,'#建筑消耗和buff配置索引'!M:M,0))=0,1,INDEX('#建筑消耗和buff配置索引'!C:C,MATCH(F12,'#建筑消耗和buff配置索引'!M:M,0))) -> 2 | T12: 0 | U12: 0 | V12: =IF(E12=1,IF(INDEX('#建筑消耗和buff配置索引'!BY:BY,MATCH(D12,'#建筑消耗和buff配置索引'!A:A,0))=0,"",INDEX('#建筑消耗和buff配置索引'!BY:BY,MATCH(D12,'#建筑消耗和buff配置索引'!A:A,0))),"") | W12: =IF(E12=1,IF(INDEX('#建筑消耗和buff配置索引'!BZ:BZ,MATCH(D12,'#建筑消耗和buff配置索引'!A:A,0))=0,"",INDEX('#建筑消耗和buff配置索引'!BZ:BZ,MATCH(D12,'#建筑消耗和buff配置索引'!A:A,0))),"") | X12: ="TID_CityBuilding_detailUnlockText_"&A12 -> TID_CityBuilding_detailUnlockText_2010009 | Y12: 第[%d1]个石矿场 | AA12: =INDEX('#建筑消耗和buff配置索引'!AO:AO,MATCH($F12,'#建筑消耗和buff配置索引'!$M:$M,0)) -> 3448 | AB12: =IF(INDEX('#建筑消耗和buff配置索引'!AR:AR,MATCH($F12,'#建筑消耗和buff配置索引'!$M:$M,0))=0,"",INDEX('#建筑消耗和buff配置索引'!AR:AR,MATCH($F12,'#建筑消耗和buff配置索引'!$M:$M,0))) -> 6001 | AC12: =IF(AB12="","",INDEX('#建筑消耗和buff配置索引'!AS:AS,MATCH($F12,'#建筑消耗和buff配置索引'!$M:$M,0))) -> 2500 | AF12: =IF(INDEX('#建筑消耗和buff配置索引'!AW:AW,MATCH($F12,'#建筑消耗和buff配置索引'!$M:$M,0))=0,"",INDEX('#建筑消耗和buff配置索引'!AW:AW,MATCH($F12,'#建筑消耗和buff配置索引'!$M:$M,0))) -> 8025 | AG12: =IF(AF12="","",INDEX('#建筑消耗和buff配置索引'!AX:AX,MATCH($F12,'#建筑消耗和buff配置索引'!$M:$M,0))) -> 1 | AJ12: =IF(INDEX('#建筑消耗和buff配置索引'!BB:BB,MATCH($F12,'#建筑消耗和buff配置索引'!$M:$M,0))=0,"",INDEX('#建筑消耗和buff配置索引'!BB:BB,MATCH($F12,'#建筑消耗和buff配置索引'!$M:$M,0))) -> 1202 | AK12: =IF(AJ12="","",INDEX('#建筑消耗和buff配置索引'!BC:BC,MATCH($F12,'#建筑消耗和buff配置索引'!$M:$M,0))) -> 4 | AN12: =IF(INDEX('#建筑消耗和buff配置索引'!BG:BG,MATCH($F12,'#建筑消耗和buff配置索引'!$M:$M,0))=0,"",INDEX('#建筑消耗和buff配置索引'!BG:BG,MATCH($F12,'#建筑消耗和buff配置索引'!$M:$M,0))) -> 1205 | AO12: =IF(AN12="","",INDEX('#建筑消耗和buff配置索引'!BH:BH,MATCH($F12,'#建筑消耗和buff配置索引'!$M:$M,0))) -> 2 | AR12: =IF(INDEX('#建筑消耗和buff配置索引'!BK:BK,MATCH($F12,'#建筑消耗和buff配置索引'!$M:$M,0))=0,"",INDEX('#建筑消耗和buff配置索引'!BK:BK,MATCH($F12,'#建筑消耗和buff配置索引'!$M:$M,0))) -> 1209 | AS12: =IF(AR12="","",INDEX('#建筑消耗和buff配置索引'!BL:BL,MATCH($F12,'#建筑消耗和buff配置索引'!$M:$M,0))) -> 2 | AV12: =IF(INDEX('#建筑消耗和buff配置索引'!BO:BO,MATCH($F12,'#建筑消耗和buff配置索引'!$M:$M,0))=0,"",INDEX('#建筑消耗和buff配置索引'!BO:BO,MATCH($F12,'#建筑消耗和buff配置索引'!$M:$M,0))) -> 1210 | AW12: =IF(AV12="","",INDEX('#建筑消耗和buff配置索引'!BP:BP,MATCH($F12,'#建筑消耗和buff配置索引'!$M:$M,0))) -> 2 | AZ12: =IF(INDEX('#建筑消耗和buff配置索引'!BS:BS,MATCH($F12,'#建筑消耗和buff配置索引'!$M:$M,0))=0,"",INDEX('#建筑消耗和buff配置索引'!BS:BS,MATCH($F12,'#建筑消耗和buff配置索引'!$M:$M,0))) -> 1237 | BA12: =IF(AZ12="","",INDEX('#建筑消耗和buff配置索引'!BT:BT,MATCH($F12,'#建筑消耗和buff配置索引'!$M:$M,0))) -> 0 | BD12: =IF(INDEX('#建筑消耗和buff配置索引'!BW:BW,MATCH($F12,'#建筑消耗和buff配置索引'!$M:$M,0))=0,"",INDEX('#建筑消耗和buff配置索引'!BW:BW,MATCH($F12,'#建筑消耗和buff配置索引'!$M:$M,0))) | BE12: =IF(BD12="","",INDEX('#建筑消耗和buff配置索引'!BX:BX,MATCH($F12,'#建筑消耗和buff配置索引'!$M:$M,0))) | BI12: 1 | BK12: 20005 | BM12: 20000
A13: 2010010 | B13: 10 | C13: 201 | D13: 城镇中心 | E13: 10 | F13: =D13&E13 -> 城镇中心10 | G13: 204:205:203:202:212:222:206:224:232:209:215:230 | H13: 9:9:9:9:9:9:9:9:9:9:9:9 | I13: 1 | J13: =INDEX('#建筑消耗和buff配置索引'!AH:AH,MATCH($F13,'#建筑消耗和buff配置索引'!$M:$M,0)) -> 21600 | K13: =INDEX('#建筑消耗和buff配置索引'!AA:AA,MATCH($F13,'#建筑消耗和buff配置索引'!$M:$M,0)) -> 290000 | L13: =INDEX('#建筑消耗和buff配置索引'!AB:AB,MATCH($F13,'#建筑消耗和buff配置索引'!$M:$M,0)) -> 290000 | M13: =INDEX('#建筑消耗和buff配置索引'!AC:AC,MATCH($F13,'#建筑消耗和buff配置索引'!$M:$M,0)) -> 290000 | N13: =INDEX('#建筑消耗和buff配置索引'!AD:AD,MATCH($F13,'#建筑消耗和buff配置索引'!$M:$M,0)) -> 290000 | O13: =IF(INDEX('#建筑消耗和buff配置索引'!T:T,MATCH($F13,'#建筑消耗和buff配置索引'!$M:$M,0))=0,"",INDEX('#建筑消耗和buff配置索引'!T:T,MATCH($F13,'#建筑消耗和buff配置索引'!$M:$M,0))) | P13: =IF(INDEX('#建筑消耗和buff配置索引'!U:U,MATCH($F13,'#建筑消耗和buff配置索引'!$M:$M,0))=0,"",INDEX('#建筑消耗和buff配置索引'!U:U,MATCH($F13,'#建筑消耗和buff配置索引'!$M:$M,0))) | Q13: =IF(INDEX('#建筑消耗和buff配置索引'!K:K,MATCH($F13,'#建筑消耗和buff配置索引'!$M:$M,0))=0,"",INDEX('#建筑消耗和buff配置索引'!K:K,MATCH($F13,'#建筑消耗和buff配置索引'!$M:$M,0))) -> 215;211 | R13: =IF(INDEX('#建筑消耗和buff配置索引'!L:L,MATCH($F13,'#建筑消耗和buff配置索引'!$M:$M,0))=0,"",INDEX('#建筑消耗和buff配置索引'!L:L,MATCH($F13,'#建筑消耗和buff配置索引'!$M:$M,0))) -> 9;9 | S13: =IF(INDEX('#建筑消耗和buff配置索引'!C:C,MATCH(F13,'#建筑消耗和buff配置索引'!M:M,0))=0,1,INDEX('#建筑消耗和buff配置索引'!C:C,MATCH(F13,'#建筑消耗和buff配置索引'!M:M,0))) -> 2 | T13: 0 | U13: 0 | V13: =IF(E13=1,IF(INDEX('#建筑消耗和buff配置索引'!BY:BY,MATCH(D13,'#建筑消耗和buff配置索引'!A:A,0))=0,"",INDEX('#建筑消耗和buff配置索引'!BY:BY,MATCH(D13,'#建筑消耗和buff配置索引'!A:A,0))),"") | W13: =IF(E13=1,IF(INDEX('#建筑消耗和buff配置索引'!BZ:BZ,MATCH(D13,'#建筑消耗和buff配置索引'!A:A,0))=0,"",INDEX('#建筑消耗和buff配置索引'!BZ:BZ,MATCH(D13,'#建筑消耗和buff配置索引'!A:A,0))),"") | AA13: =INDEX('#建筑消耗和buff配置索引'!AO:AO,MATCH($F13,'#建筑消耗和buff配置索引'!$M:$M,0)) -> 5753 | AB13: =IF(INDEX('#建筑消耗和buff配置索引'!AR:AR,MATCH($F13,'#建筑消耗和buff配置索引'!$M:$M,0))=0,"",INDEX('#建筑消耗和buff配置索引'!AR:AR,MATCH($F13,'#建筑消耗和buff配置索引'!$M:$M,0))) -> 6001 | AC13: =IF(AB13="","",INDEX('#建筑消耗和buff配置索引'!AS:AS,MATCH($F13,'#建筑消耗和buff配置索引'!$M:$M,0))) -> 3000 | AF13: =IF(INDEX('#建筑消耗和buff配置索引'!AW:AW,MATCH($F13,'#建筑消耗和buff配置索引'!$M:$M,0))=0,"",INDEX('#建筑消耗和buff配置索引'!AW:AW,MATCH($F13,'#建筑消耗和buff配置索引'!$M:$M,0))) -> 8025 | AG13: =IF(AF13="","",INDEX('#建筑消耗和buff配置索引'!AX:AX,MATCH($F13,'#建筑消耗和buff配置索引'!$M:$M,0))) -> 1 | AJ13: =IF(INDEX('#建筑消耗和buff配置索引'!BB:BB,MATCH($F13,'#建筑消耗和buff配置索引'!$M:$M,0))=0,"",INDEX('#建筑消耗和buff配置索引'!BB:BB,MATCH($F13,'#建筑消耗和buff配置索引'!$M:$M,0))) -> 1202 | AK13: =IF(AJ13="","",INDEX('#建筑消耗和buff配置索引'!BC:BC,MATCH($F13,'#建筑消耗和buff配置索引'!$M:$M,0))) -> 4 | AN13: =IF(INDEX('#建筑消耗和buff配置索引'!BG:BG,MATCH($F13,'#建筑消耗和buff配置索引'!$M:$M,0))=0,"",INDEX('#建筑消耗和buff配置索引'!BG:BG,MATCH($F13,'#建筑消耗和buff配置索引'!$M:$M,0))) -> 1205 | AO13: =IF(AN13="","",INDEX('#建筑消耗和buff配置索引'!BH:BH,MATCH($F13,'#建筑消耗和buff配置索引'!$M:$M,0))) -> 2 | AR13: =IF(INDEX('#建筑消耗和buff配置索引'!BK:BK,MATCH($F13,'#建筑消耗和buff配置索引'!$M:$M,0))=0,"",INDEX('#建筑消耗和buff配置索引'!BK:BK,MATCH($F13,'#建筑消耗和buff配置索引'!$M:$M,0))) -> 1209 | AS13: =IF(AR13="","",INDEX('#建筑消耗和buff配置索引'!BL:BL,MATCH($F13,'#建筑消耗和buff配置索引'!$M:$M,0))) -> 2 | AV13: =IF(INDEX('#建筑消耗和buff配置索引'!BO:BO,MATCH($F13,'#建筑消耗和buff配置索引'!$M:$M,0))=0,"",INDEX('#建筑消耗和buff配置索引'!BO:BO,MATCH($F13,'#建筑消耗和buff配置索引'!$M:$M,0))) -> 1210 | AW13: =IF(AV13="","",INDEX('#建筑消耗和buff配置索引'!BP:BP,MATCH($F13,'#建筑消耗和buff配置索引'!$M:$M,0))) -> 2 | AZ13: =IF(INDEX('#建筑消耗和buff配置索引'!BS:BS,MATCH($F13,'#建筑消耗和buff配置索引'!$M:$M,0))=0,"",INDEX('#建筑消耗和buff配置索引'!BS:BS,MATCH($F13,'#建筑消耗和buff配置索引'!$M:$M,0))) -> 1237 | BA13: =IF(AZ13="","",INDEX('#建筑消耗和buff配置索引'!BT:BT,MATCH($F13,'#建筑消耗和buff配置索引'!$M:$M,0))) -> 1 | BD13: =IF(INDEX('#建筑消耗和buff配置索引'!BW:BW,MATCH($F13,'#建筑消耗和buff配置索引'!$M:$M,0))=0,"",INDEX('#建筑消耗和buff配置索引'!BW:BW,MATCH($F13,'#建筑消耗和buff配置索引'!$M:$M,0))) | BE13: =IF(BD13="","",INDEX('#建筑消耗和buff配置索引'!BX:BX,MATCH($F13,'#建筑消耗和buff配置索引'!$M:$M,0))) | BI13: 1 | BK13: 20006 | BM13: 27000
A14: 2010011 | B14: 11 | C14: 201 | D14: 城镇中心 | E14: 11 | F14: =D14&E14 -> 城镇中心11 | G14: 234:204:205:203:202:206:224:222:212:232:209:215:230 | H14: 10:10:10:10:10:10:10:10:10:10:10:10:10 | I14: 1 | J14: =INDEX('#建筑消耗和buff配置索引'!AH:AH,MATCH($F14,'#建筑消耗和buff配置索引'!$M:$M,0)) -> 32400 | K14: =INDEX('#建筑消耗和buff配置索引'!AA:AA,MATCH($F14,'#建筑消耗和buff配置索引'!$M:$M,0)) -> 440000 | L14: =INDEX('#建筑消耗和buff配置索引'!AB:AB,MATCH($F14,'#建筑消耗和buff配置索引'!$M:$M,0)) -> 440000 | M14: =INDEX('#建筑消耗和buff配置索引'!AC:AC,MATCH($F14,'#建筑消耗和buff配置索引'!$M:$M,0)) -> 440000 | N14: =INDEX('#建筑消耗和buff配置索引'!AD:AD,MATCH($F14,'#建筑消耗和buff配置索引'!$M:$M,0)) -> 440000 | O14: =IF(INDEX('#建筑消耗和buff配置索引'!T:T,MATCH($F14,'#建筑消耗和buff配置索引'!$M:$M,0))=0,"",INDEX('#建筑消耗和buff配置索引'!T:T,MATCH($F14,'#建筑消耗和buff配置索引'!$M:$M,0))) | P14: =IF(INDEX('#建筑消耗和buff配置索引'!U:U,MATCH($F14,'#建筑消耗和buff配置索引'!$M:$M,0))=0,"",INDEX('#建筑消耗和buff配置索引'!U:U,MATCH($F14,'#建筑消耗和buff配置索引'!$M:$M,0))) | Q14: =IF(INDEX('#建筑消耗和buff配置索引'!K:K,MATCH($F14,'#建筑消耗和buff配置索引'!$M:$M,0))=0,"",INDEX('#建筑消耗和buff配置索引'!K:K,MATCH($F14,'#建筑消耗和buff配置索引'!$M:$M,0))) -> 215;222 | R14: =IF(INDEX('#建筑消耗和buff配置索引'!L:L,MATCH($F14,'#建筑消耗和buff配置索引'!$M:$M,0))=0,"",INDEX('#建筑消耗和buff配置索引'!L:L,MATCH($F14,'#建筑消耗和buff配置索引'!$M:$M,0))) -> 10;10 | S14: =IF(INDEX('#建筑消耗和buff配置索引'!C:C,MATCH(F14,'#建筑消耗和buff配置索引'!M:M,0))=0,1,INDEX('#建筑消耗和buff配置索引'!C:C,MATCH(F14,'#建筑消耗和buff配置索引'!M:M,0))) -> 3 | T14: 0 | U14: 0 | V14: =IF(E14=1,IF(INDEX('#建筑消耗和buff配置索引'!BY:BY,MATCH(D14,'#建筑消耗和buff配置索引'!A:A,0))=0,"",INDEX('#建筑消耗和buff配置索引'!BY:BY,MATCH(D14,'#建筑消耗和buff配置索引'!A:A,0))),"") | W14: =IF(E14=1,IF(INDEX('#建筑消耗和buff配置索引'!BZ:BZ,MATCH(D14,'#建筑消耗和buff配置索引'!A:A,0))=0,"",INDEX('#建筑消耗和buff配置索引'!BZ:BZ,MATCH(D14,'#建筑消耗和buff配置索引'!A:A,0))),"") | AA14: =INDEX('#建筑消耗和buff配置索引'!AO:AO,MATCH($F14,'#建筑消耗和buff配置索引'!$M:$M,0)) -> 9234 | AB14: =IF(INDEX('#建筑消耗和buff配置索引'!AR:AR,MATCH($F14,'#建筑消耗和buff配置索引'!$M:$M,0))=0,"",INDEX('#建筑消耗和buff配置索引'!AR:AR,MATCH($F14,'#建筑消耗和buff配置索引'!$M:$M,0))) -> 6001 | AC14: =IF(AB14="","",INDEX('#建筑消耗和buff配置索引'!AS:AS,MATCH($F14,'#建筑消耗和buff配置索引'!$M:$M,0))) -> 4000 | AF14: =IF(INDEX('#建筑消耗和buff配置索引'!AW:AW,MATCH($F14,'#建筑消耗和buff配置索引'!$M:$M,0))=0,"",INDEX('#建筑消耗和buff配置索引'!AW:AW,MATCH($F14,'#建筑消耗和buff配置索引'!$M:$M,0))) -> 8025 | AG14: =IF(AF14="","",INDEX('#建筑消耗和buff配置索引'!AX:AX,MATCH($F14,'#建筑消耗和buff配置索引'!$M:$M,0))) -> 1 | AJ14: =IF(INDEX('#建筑消耗和buff配置索引'!BB:BB,MATCH($F14,'#建筑消耗和buff配置索引'!$M:$M,0))=0,"",INDEX('#建筑消耗和buff配置索引'!BB:BB,MATCH($F14,'#建筑消耗和buff配置索引'!$M:$M,0))) -> 1202 | AK14: =IF(AJ14="","",INDEX('#建筑消耗和buff配置索引'!BC:BC,MATCH($F14,'#建筑消耗和buff配置索引'!$M:$M,0))) -> 4 | AN14: =IF(INDEX('#建筑消耗和buff配置索引'!BG:BG,MATCH($F14,'#建筑消耗和buff配置索引'!$M:$M,0))=0,"",INDEX('#建筑消耗和buff配置索引'!BG:BG,MATCH($F14,'#建筑消耗和buff配置索引'!$M:$M,0))) -> 1205 | AO14: =IF(AN14="","",INDEX('#建筑消耗和buff配置索引'!BH:BH,MATCH($F14,'#建筑消耗和buff配置索引'!$M:$M,0))) -> 2 | AR14: =IF(INDEX('#建筑消耗和buff配置索引'!BK:BK,MATCH($F14,'#建筑消耗和buff配置索引'!$M:$M,0))=0,"",INDEX('#建筑消耗和buff配置索引'!BK:BK,MATCH($F14,'#建筑消耗和buff配置索引'!$M:$M,0))) -> 1209 | AS14: =IF(AR14="","",INDEX('#建筑消耗和buff配置索引'!BL:BL,MATCH($F14,'#建筑消耗和buff配置索引'!$M:$M,0))) -> 2 | AV14: =IF(INDEX('#建筑消耗和buff配置索引'!BO:BO,MATCH($F14,'#建筑消耗和buff配置索引'!$M:$M,0))=0,"",INDEX('#建筑消耗和buff配置索引'!BO:BO,MATCH($F14,'#建筑消耗和buff配置索引'!$M:$M,0))) -> 1210 | AW14: =IF(AV14="","",INDEX('#建筑消耗和buff配置索引'!BP:BP,MATCH($F14,'#建筑消耗和buff配置索引'!$M:$M,0))) -> 2 | AZ14: =IF(INDEX('#建筑消耗和buff配置索引'!BS:BS,MATCH($F14,'#建筑消耗和buff配置索引'!$M:$M,0))=0,"",INDEX('#建筑消耗和buff配置索引'!BS:BS,MATCH($F14,'#建筑消耗和buff配置索引'!$M:$M,0))) -> 1237 | BA14: =IF(AZ14="","",INDEX('#建筑消耗和buff配置索引'!BT:BT,MATCH($F14,'#建筑消耗和buff配置索引'!$M:$M,0))) -> 1 | BD14: =IF(INDEX('#建筑消耗和buff配置索引'!BW:BW,MATCH($F14,'#建筑消耗和buff配置索引'!$M:$M,0))=0,"",INDEX('#建筑消耗和buff配置索引'!BW:BW,MATCH($F14,'#建筑消耗和buff配置索引'!$M:$M,0))) | BE14: =IF(BD14="","",INDEX('#建筑消耗和buff配置索引'!BX:BX,MATCH($F14,'#建筑消耗和buff配置索引'!$M:$M,0))) | BI14: 1 | BK14: 20007 | BM14: 35000
A15: 2010012 | B15: 12 | C15: 201 | D15: 城镇中心 | E15: 12 | F15: =D15&E15 -> 城镇中心12 | G15: 204:205:234:203:202:206:224:222:212:232:209:215:226:230 | H15: 11:11:11:11:11:11:11:11:11:11:11:11:11:11 | I15: 2 | J15: =INDEX('#建筑消耗和buff配置索引'!AH:AH,MATCH($F15,'#建筑消耗和buff配置索引'!$M:$M,0)) -> 43200 | K15: =INDEX('#建筑消耗和buff配置索引'!AA:AA,MATCH($F15,'#建筑消耗和buff配置索引'!$M:$M,0)) -> 630000 | L15: =INDEX('#建筑消耗和buff配置索引'!AB:AB,MATCH($F15,'#建筑消耗和buff配置索引'!$M:$M,0)) -> 630000 | M15: =INDEX('#建筑消耗和buff配置索引'!AC:AC,MATCH($F15,'#建筑消耗和buff配置索引'!$M:$M,0)) -> 630000 | N15: =INDEX('#建筑消耗和buff配置索引'!AD:AD,MATCH($F15,'#建筑消耗和buff配置索引'!$M:$M,0)) -> 630000 | O15: =IF(INDEX('#建筑消耗和buff配置索引'!T:T,MATCH($F15,'#建筑消耗和buff配置索引'!$M:$M,0))=0,"",INDEX('#建筑消耗和buff配置索引'!T:T,MATCH($F15,'#建筑消耗和buff配置索引'!$M:$M,0))) | P15: =IF(INDEX('#建筑消耗和buff配置索引'!U:U,MATCH($F15,'#建筑消耗和buff配置索引'!$M:$M,0))=0,"",INDEX('#建筑消耗和buff配置索引'!U:U,MATCH($F15,'#建筑消耗和buff配置索引'!$M:$M,0))) | Q15: =IF(INDEX('#建筑消耗和buff配置索引'!K:K,MATCH($F15,'#建筑消耗和buff配置索引'!$M:$M,0))=0,"",INDEX('#建筑消耗和buff配置索引'!K:K,MATCH($F15,'#建筑消耗和buff配置索引'!$M:$M,0))) -> 215;231 | R15: =IF(INDEX('#建筑消耗和buff配置索引'!L:L,MATCH($F15,'#建筑消耗和buff配置索引'!$M:$M,0))=0,"",INDEX('#建筑消耗和buff配置索引'!L:L,MATCH($F15,'#建筑消耗和buff配置索引'!$M:$M,0))) -> 11;11 | S15: =IF(INDEX('#建筑消耗和buff配置索引'!C:C,MATCH(F15,'#建筑消耗和buff配置索引'!M:M,0))=0,1,INDEX('#建筑消耗和buff配置索引'!C:C,MATCH(F15,'#建筑消耗和buff配置索引'!M:M,0))) -> 3 | T15: 0 | U15: 0 | V15: =IF(E15=1,IF(INDEX('#建筑消耗和buff配置索引'!BY:BY,MATCH(D15,'#建筑消耗和buff配置索引'!A:A,0))=0,"",INDEX('#建筑消耗和buff配置索引'!BY:BY,MATCH(D15,'#建筑消耗和buff配置索引'!A:A,0))),"") | W15: =IF(E15=1,IF(INDEX('#建筑消耗和buff配置索引'!BZ:BZ,MATCH(D15,'#建筑消耗和buff配置索引'!A:A,0))=0,"",INDEX('#建筑消耗和buff配置索引'!BZ:BZ,MATCH(D15,'#建筑消耗和buff配置索引'!A:A,0))),"") | X15: ="TID_CityBuilding_detailUnlockText_"&A15 -> TID_CityBuilding_detailUnlockText_2010012 | Y15: 战争大厅和第1个副将位 | AA15: =INDEX('#建筑消耗和buff配置索引'!AO:AO,MATCH($F15,'#建筑消耗和buff配置索引'!$M:$M,0)) -> 14246 | AB15: =IF(INDEX('#建筑消耗和buff配置索引'!AR:AR,MATCH($F15,'#建筑消耗和buff配置索引'!$M:$M,0))=0,"",INDEX('#建筑消耗和buff配置索引'!AR:AR,MATCH($F15,'#建筑消耗和buff配置索引'!$M:$M,0))) -> 6001 | AC15: =IF(AB15="","",INDEX('#建筑消耗和buff配置索引'!AS:AS,MATCH($F15,'#建筑消耗和buff配置索引'!$M:$M,0))) -> 5000 | AF15: =IF(INDEX('#建筑消耗和buff配置索引'!AW:AW,MATCH($F15,'#建筑消耗和buff配置索引'!$M:$M,0))=0,"",INDEX('#建筑消耗和buff配置索引'!AW:AW,MATCH($F15,'#建筑消耗和buff配置索引'!$M:$M,0))) -> 8025 | AG15: =IF(AF15="","",INDEX('#建筑消耗和buff配置索引'!AX:AX,MATCH($F15,'#建筑消耗和buff配置索引'!$M:$M,0))) -> 1 | AJ15: =IF(INDEX('#建筑消耗和buff配置索引'!BB:BB,MATCH($F15,'#建筑消耗和buff配置索引'!$M:$M,0))=0,"",INDEX('#建筑消耗和buff配置索引'!BB:BB,MATCH($F15,'#建筑消耗和buff配置索引'!$M:$M,0))) -> 1202 | AK15: =IF(AJ15="","",INDEX('#建筑消耗和buff配置索引'!BC:BC,MATCH($F15,'#建筑消耗和buff配置索引'!$M:$M,0))) -> 4 | AN15: =IF(INDEX('#建筑消耗和buff配置索引'!BG:BG,MATCH($F15,'#建筑消耗和buff配置索引'!$M:$M,0))=0,"",INDEX('#建筑消耗和buff配置索引'!BG:BG,MATCH($F15,'#建筑消耗和buff配置索引'!$M:$M,0))) -> 1205 | AO15: =IF(AN15="","",INDEX('#建筑消耗和buff配置索引'!BH:BH,MATCH($F15,'#建筑消耗和buff配置索引'!$M:$M,0))) -> 2 | AR15: =IF(INDEX('#建筑消耗和buff配置索引'!BK:BK,MATCH($F15,'#建筑消耗和buff配置索引'!$M:$M,0))=0,"",INDEX('#建筑消耗和buff配置索引'!BK:BK,MATCH($F15,'#建筑消耗和buff配置索引'!$M:$M,0))) -> 1209 | AS15: =IF(AR15="","",INDEX('#建筑消耗和buff配置索引'!BL:BL,MATCH($F15,'#建筑消耗和buff配置索引'!$M:$M,0))) -> 3 | AV15: =IF(INDEX('#建筑消耗和buff配置索引'!BO:BO,MATCH($F15,'#建筑消耗和buff配置索引'!$M:$M,0))=0,"",INDEX('#建筑消耗和buff配置索引'!BO:BO,MATCH($F15,'#建筑消耗和buff配置索引'!$M:$M,0))) -> 1210 | AW15: =IF(AV15="","",INDEX('#建筑消耗和buff配置索引'!BP:BP,MATCH($F15,'#建筑消耗和buff配置索引'!$M:$M,0))) -> 2 | AZ15: =IF(INDEX('#建筑消耗和buff配置索引'!BS:BS,MATCH($F15,'#建筑消耗和buff配置索引'!$M:$M,0))=0,"",INDEX('#建筑消耗和buff配置索引'!BS:BS,MATCH($F15,'#建筑消耗和buff配置索引'!$M:$M,0))) -> 1237 | BA15: =IF(AZ15="","",INDEX('#建筑消耗和buff配置索引'!BT:BT,MATCH($F15,'#建筑消耗和buff配置索引'!$M:$M,0))) -> 1 | BD15: =IF(INDEX('#建筑消耗和buff配置索引'!BW:BW,MATCH($F15,'#建筑消耗和buff配置索引'!$M:$M,0))=0,"",INDEX('#建筑消耗和buff配置索引'!BW:BW,MATCH($F15,'#建筑消耗和buff配置索引'!$M:$M,0))) | BE15: =IF(BD15="","",INDEX('#建筑消耗和buff配置索引'!BX:BX,MATCH($F15,'#建筑消耗和buff配置索引'!$M:$M,0))) | BI15: 1 | BK15: 20008 | BM15: 45000
A16: 2010013 | B16: 13 | C16: 201 | D16: 城镇中心 | E16: 13 | F16: =D16&E16 -> 城镇中心13 | G16: 204:205:234:203:202:206:224:222:212:232:209:215:226:229:230 | H16: 12:12:12:12:12:12:12:12:12:12:12:12:12:12:12 | I16: 2 | J16: =INDEX('#建筑消耗和buff配置索引'!AH:AH,MATCH($F16,'#建筑消耗和buff配置索引'!$M:$M,0)) -> 57600 | K16: =INDEX('#建筑消耗和buff配置索引'!AA:AA,MATCH($F16,'#建筑消耗和buff配置索引'!$M:$M,0)) -> 860000 | L16: =INDEX('#建筑消耗和buff配置索引'!AB:AB,MATCH($F16,'#建筑消耗和buff配置索引'!$M:$M,0)) -> 860000 | M16: =INDEX('#建筑消耗和buff配置索引'!AC:AC,MATCH($F16,'#建筑消耗和buff配置索引'!$M:$M,0)) -> 860000 | N16: =INDEX('#建筑消耗和buff配置索引'!AD:AD,MATCH($F16,'#建筑消耗和buff配置索引'!$M:$M,0)) -> 860000 | O16: =IF(INDEX('#建筑消耗和buff配置索引'!T:T,MATCH($F16,'#建筑消耗和buff配置索引'!$M:$M,0))=0,"",INDEX('#建筑消耗和buff配置索引'!T:T,MATCH($F16,'#建筑消耗和buff配置索引'!$M:$M,0))) | P16: =IF(INDEX('#建筑消耗和buff配置索引'!U:U,MATCH($F16,'#建筑消耗和buff配置索引'!$M:$M,0))=0,"",INDEX('#建筑消耗和buff配置索引'!U:U,MATCH($F16,'#建筑消耗和buff配置索引'!$M:$M,0))) | Q16: =IF(INDEX('#建筑消耗和buff配置索引'!K:K,MATCH($F16,'#建筑消耗和buff配置索引'!$M:$M,0))=0,"",INDEX('#建筑消耗和buff配置索引'!K:K,MATCH($F16,'#建筑消耗和buff配置索引'!$M:$M,0))) -> 215;232 | R16: =IF(INDEX('#建筑消耗和buff配置索引'!L:L,MATCH($F16,'#建筑消耗和buff配置索引'!$M:$M,0))=0,"",INDEX('#建筑消耗和buff配置索引'!L:L,MATCH($F16,'#建筑消耗和buff配置索引'!$M:$M,0))) -> 12;12 | S16: =IF(INDEX('#建筑消耗和buff配置索引'!C:C,MATCH(F16,'#建筑消耗和buff配置索引'!M:M,0))=0,1,INDEX('#建筑消耗和buff配置索引'!C:C,MATCH(F16,'#建筑消耗和buff配置索引'!M:M,0))) -> 3 | T16: 0 | U16: 0 | V16: =IF(E16=1,IF(INDEX('#建筑消耗和buff配置索引'!BY:BY,MATCH(D16,'#建筑消耗和buff配置索引'!A:A,0))=0,"",INDEX('#建筑消耗和buff配置索引'!BY:BY,MATCH(D16,'#建筑消耗和buff配置索引'!A:A,0))),"") | W16: =IF(E16=1,IF(INDEX('#建筑消耗和buff配置索引'!BZ:BZ,MATCH(D16,'#建筑消耗和buff配置索引'!A:A,0))=0,"",INDEX('#建筑消耗和buff配置索引'!BZ:BZ,MATCH(D16,'#建筑消耗和buff配置索引'!A:A,0))),"") | X16: ="TID_CityBuilding_detailUnlockText_"&A16 -> TID_CityBuilding_detailUnlockText_2010013 | Y16: 第[%d1]个磨坊 | AA16: =INDEX('#建筑消耗和buff配置索引'!AO:AO,MATCH($F16,'#建筑消耗和buff配置索引'!$M:$M,0)) -> 21113 | AB16: =IF(INDEX('#建筑消耗和buff配置索引'!AR:AR,MATCH($F16,'#建筑消耗和buff配置索引'!$M:$M,0))=0,"",INDEX('#建筑消耗和buff配置索引'!AR:AR,MATCH($F16,'#建筑消耗和buff配置索引'!$M:$M,0))) -> 6001 | AC16: =IF(AB16="","",INDEX('#建筑消耗和buff配置索引'!AS:AS,MATCH($F16,'#建筑消耗和buff配置索引'!$M:$M,0))) -> 6000 | AF16: =IF(INDEX('#建筑消耗和buff配置索引'!AW:AW,MATCH($F16,'#建筑消耗和buff配置索引'!$M:$M,0))=0,"",INDEX('#建筑消耗和buff配置索引'!AW:AW,MATCH($F16,'#建筑消耗和buff配置索引'!$M:$M,0))) -> 8025 | AG16: =IF(AF16="","",INDEX('#建筑消耗和buff配置索引'!AX:AX,MATCH($F16,'#建筑消耗和buff配置索引'!$M:$M,0))) -> 1 | AJ16: =IF(INDEX('#建筑消耗和buff配置索引'!BB:BB,MATCH($F16,'#建筑消耗和buff配置索引'!$M:$M,0))=0,"",INDEX('#建筑消耗和buff配置索引'!BB:BB,MATCH($F16,'#建筑消耗和buff配置索引'!$M:$M,0))) -> 1202 | AK16: =IF(AJ16="","",INDEX('#建筑消耗和buff配置索引'!BC:BC,MATCH($F16,'#建筑消耗和buff配置索引'!$M:$M,0))) -> 4 | AN16: =IF(INDEX('#建筑消耗和buff配置索引'!BG:BG,MATCH($F16,'#建筑消耗和buff配置索引'!$M:$M,0))=0,"",INDEX('#建筑消耗和buff配置索引'!BG:BG,MATCH($F16,'#建筑消耗和buff配置索引'!$M:$M,0))) -> 1205 | AO16: =IF(AN16="","",INDEX('#建筑消耗和buff配置索引'!BH:BH,MATCH($F16,'#建筑消耗和buff配置索引'!$M:$M,0))) -> 3 | AR16: =IF(INDEX('#建筑消耗和buff配置索引'!BK:BK,MATCH($F16,'#建筑消耗和buff配置索引'!$M:$M,0))=0,"",INDEX('#建筑消耗和buff配置索引'!BK:BK,MATCH($F16,'#建筑消耗和buff配置索引'!$M:$M,0))) -> 1209 | AS16: =IF(AR16="","",INDEX('#建筑消耗和buff配置索引'!BL:BL,MATCH($F16,'#建筑消耗和buff配置索引'!$M:$M,0))) -> 3 | AV16: =IF(INDEX('#建筑消耗和buff配置索引'!BO:BO,MATCH($F16,'#建筑消耗和buff配置索引'!$M:$M,0))=0,"",INDEX('#建筑消耗和buff配置索引'!BO:BO,MATCH($F16,'#建筑消耗和buff配置索引'!$M:$M,0))) -> 1210 | AW16: =IF(AV16="","",INDEX('#建筑消耗和buff配置索引'!BP:BP,MATCH($F16,'#建筑消耗和buff配置索引'!$M:$M,0))) -> 2 | AZ16: =IF(INDEX('#建筑消耗和buff配置索引'!BS:BS,MATCH($F16,'#建筑消耗和buff配置索引'!$M:$M,0))=0,"",INDEX('#建筑消耗和buff配置索引'!BS:BS,MATCH($F16,'#建筑消耗和buff配置索引'!$M:$M,0))) -> 1237 | BA16: =IF(AZ16="","",INDEX('#建筑消耗和buff配置索引'!BT:BT,MATCH($F16,'#建筑消耗和buff配置索引'!$M:$M,0))) -> 1 | BD16: =IF(INDEX('#建筑消耗和buff配置索引'!BW:BW,MATCH($F16,'#建筑消耗和buff配置索引'!$M:$M,0))=0,"",INDEX('#建筑消耗和buff配置索引'!BW:BW,MATCH($F16,'#建筑消耗和buff配置索引'!$M:$M,0))) | BE16: =IF(BD16="","",INDEX('#建筑消耗和buff配置索引'!BX:BX,MATCH($F16,'#建筑消耗和buff配置索引'!$M:$M,0))) | BI16: 1 | BK16: 20009
A17: 2010014 | B17: 14 | C17: 201 | D17: 城镇中心 | E17: 14 | F17: =D17&E17 -> 城镇中心14 | G17: 204:205:234:203:202:206:224:222:212:232:209:215:226:229:230 | H17: 13:13:13:13:13:13:13:13:13:13:13:13:13:13:13 | I17: 2 | J17: =INDEX('#建筑消耗和buff配置索引'!AH:AH,MATCH($F17,'#建筑消耗和buff配置索引'!$M:$M,0)) -> 72000 | K17: =INDEX('#建筑消耗和buff配置索引'!AA:AA,MATCH($F17,'#建筑消耗和buff配置索引'!$M:$M,0)) -> 1100000 | L17: =INDEX('#建筑消耗和buff配置索引'!AB:AB,MATCH($F17,'#建筑消耗和buff配置索引'!$M:$M,0)) -> 1100000 | M17: =INDEX('#建筑消耗和buff配置索引'!AC:AC,MATCH($F17,'#建筑消耗和buff配置索引'!$M:$M,0)) -> 1100000 | N17: =INDEX('#建筑消耗和buff配置索引'!AD:AD,MATCH($F17,'#建筑消耗和buff配置索引'!$M:$M,0)) -> 1100000 | O17: =IF(INDEX('#建筑消耗和buff配置索引'!T:T,MATCH($F17,'#建筑消耗和buff配置索引'!$M:$M,0))=0,"",INDEX('#建筑消耗和buff配置索引'!T:T,MATCH($F17,'#建筑消耗和buff配置索引'!$M:$M,0))) | P17: =IF(INDEX('#建筑消耗和buff配置索引'!U:U,MATCH($F17,'#建筑消耗和buff配置索引'!$M:$M,0))=0,"",INDEX('#建筑消耗和buff配置索引'!U:U,MATCH($F17,'#建筑消耗和buff配置索引'!$M:$M,0))) | Q17: =IF(INDEX('#建筑消耗和buff配置索引'!K:K,MATCH($F17,'#建筑消耗和buff配置索引'!$M:$M,0))=0,"",INDEX('#建筑消耗和buff配置索引'!K:K,MATCH($F17,'#建筑消耗和buff配置索引'!$M:$M,0))) -> 215;230 | R17: =IF(INDEX('#建筑消耗和buff配置索引'!L:L,MATCH($F17,'#建筑消耗和buff配置索引'!$M:$M,0))=0,"",INDEX('#建筑消耗和buff配置索引'!L:L,MATCH($F17,'#建筑消耗和buff配置索引'!$M:$M,0))) -> 13;13 | S17: =IF(INDEX('#建筑消耗和buff配置索引'!C:C,MATCH(F17,'#建筑消耗和buff配置索引'!M:M,0))=0,1,INDEX('#建筑消耗和buff配置索引'!C:C,MATCH(F17,'#建筑消耗和buff配置索引'!M:M,0))) -> 3 | T17: 0 | U17: 0 | V17: =IF(E17=1,IF(INDEX('#建筑消耗和buff配置索引'!BY:BY,MATCH(D17,'#建筑消耗和buff配置索引'!A:A,0))=0,"",INDEX('#建筑消耗和buff配置索引'!BY:BY,MATCH(D17,'#建筑消耗和buff配置索引'!A:A,0))),"") | W17: =IF(E17=1,IF(INDEX('#建筑消耗和buff配置索引'!BZ:BZ,MATCH(D17,'#建筑消耗和buff配置索引'!A:A,0))=0,"",INDEX('#建筑消耗和buff配置索引'!BZ:BZ,MATCH(D17,'#建筑消耗和buff配置索引'!A:A,0))),"") | AA17: =INDEX('#建筑消耗和buff配置索引'!AO:AO,MATCH($F17,'#建筑消耗和buff配置索引'!$M:$M,0)) -> 30039 | AB17: =IF(INDEX('#建筑消耗和buff配置索引'!AR:AR,MATCH($F17,'#建筑消耗和buff配置索引'!$M:$M,0))=0,"",INDEX('#建筑消耗和buff配置索引'!AR:AR,MATCH($F17,'#建筑消耗和buff配置索引'!$M:$M,0))) -> 6001 | AC17: =IF(AB17="","",INDEX('#建筑消耗和buff配置索引'!AS:AS,MATCH($F17,'#建筑消耗和buff配置索引'!$M:$M,0))) -> 7000 | AF17: =IF(INDEX('#建筑消耗和buff配置索引'!AW:AW,MATCH($F17,'#建筑消耗和buff配置索引'!$M:$M,0))=0,"",INDEX('#建筑消耗和buff配置索引'!AW:AW,MATCH($F17,'#建筑消耗和buff配置索引'!$M:$M,0))) -> 8025 | AG17: =IF(AF17="","",INDEX('#建筑消耗和buff配置索引'!AX:AX,MATCH($F17,'#建筑消耗和buff配置索引'!$M:$M,0))) -> 1 | AJ17: =IF(INDEX('#建筑消耗和buff配置索引'!BB:BB,MATCH($F17,'#建筑消耗和buff配置索引'!$M:$M,0))=0,"",INDEX('#建筑消耗和buff配置索引'!BB:BB,MATCH($F17,'#建筑消耗和buff配置索引'!$M:$M,0))) -> 1202 | AK17: =IF(AJ17="","",INDEX('#建筑消耗和buff配置索引'!BC:BC,MATCH($F17,'#建筑消耗和buff配置索引'!$M:$M,0))) -> 4 | AN17: =IF(INDEX('#建筑消耗和buff配置索引'!BG:BG,MATCH($F17,'#建筑消耗和buff配置索引'!$M:$M,0))=0,"",INDEX('#建筑消耗和buff配置索引'!BG:BG,MATCH($F17,'#建筑消耗和buff配置索引'!$M:$M,0))) -> 1205 | AO17: =IF(AN17="","",INDEX('#建筑消耗和buff配置索引'!BH:BH,MATCH($F17,'#建筑消耗和buff配置索引'!$M:$M,0))) -> 3 | AR17: =IF(INDEX('#建筑消耗和buff配置索引'!BK:BK,MATCH($F17,'#建筑消耗和buff配置索引'!$M:$M,0))=0,"",INDEX('#建筑消耗和buff配置索引'!BK:BK,MATCH($F17,'#建筑消耗和buff配置索引'!$M:$M,0))) -> 1209 | AS17: =IF(AR17="","",INDEX('#建筑消耗和buff配置索引'!BL:BL,MATCH($F17,'#建筑消耗和buff配置索引'!$M:$M,0))) -> 3 | AV17: =IF(INDEX('#建筑消耗和buff配置索引'!BO:BO,MATCH($F17,'#建筑消耗和buff配置索引'!$M:$M,0))=0,"",INDEX('#建筑消耗和buff配置索引'!BO:BO,MATCH($F17,'#建筑消耗和buff配置索引'!$M:$M,0))) -> 1210 | AW17: =IF(AV17="","",INDEX('#建筑消耗和buff配置索引'!BP:BP,MATCH($F17,'#建筑消耗和buff配置索引'!$M:$M,0))) -> 2 | AZ17: =IF(INDEX('#建筑消耗和buff配置索引'!BS:BS,MATCH($F17,'#建筑消耗和buff配置索引'!$M:$M,0))=0,"",INDEX('#建筑消耗和buff配置索引'!BS:BS,MATCH($F17,'#建筑消耗和buff配置索引'!$M:$M,0))) -> 1237 | BA17: =IF(AZ17="","",INDEX('#建筑消耗和buff配置索引'!BT:BT,MATCH($F17,'#建筑消耗和buff配置索引'!$M:$M,0))) -> 1 | BD17: =IF(INDEX('#建筑消耗和buff配置索引'!BW:BW,MATCH($F17,'#建筑消耗和buff配置索引'!$M:$M,0))=0,"",INDEX('#建筑消耗和buff配置索引'!BW:BW,MATCH($F17,'#建筑消耗和buff配置索引'!$M:$M,0))) | BE17: =IF(BD17="","",INDEX('#建筑消耗和buff配置索引'!BX:BX,MATCH($F17,'#建筑消耗和buff配置索引'!$M:$M,0))) | BI17: 1 | BK17: 20010
A18: 2010015 | B18: 15 | C18: 201 | D18: 城镇中心 | E18: 15 | F18: =D18&E18 -> 城镇中心15 | G18: 204:205:234:203:202:206:224:232:222:212:209:215:226:229:230 | H18: 14:14:14:14:14:14:14:14:14:14:14:14:14:14:14 | I18: 2 | J18: =INDEX('#建筑消耗和buff配置索引'!AH:AH,MATCH($F18,'#建筑消耗和buff配置索引'!$M:$M,0)) -> 86400 | K18: =INDEX('#建筑消耗和buff配置索引'!AA:AA,MATCH($F18,'#建筑消耗和buff配置索引'!$M:$M,0)) -> 1400000 | L18: =INDEX('#建筑消耗和buff配置索引'!AB:AB,MATCH($F18,'#建筑消耗和buff配置索引'!$M:$M,0)) -> 1400000 | M18: =INDEX('#建筑消耗和buff配置索引'!AC:AC,MATCH($F18,'#建筑消耗和buff配置索引'!$M:$M,0)) -> 1400000 | N18: =INDEX('#建筑消耗和buff配置索引'!AD:AD,MATCH($F18,'#建筑消耗和buff配置索引'!$M:$M,0)) -> 1400000 | O18: =IF(INDEX('#建筑消耗和buff配置索引'!T:T,MATCH($F18,'#建筑消耗和buff配置索引'!$M:$M,0))=0,"",INDEX('#建筑消耗和buff配置索引'!T:T,MATCH($F18,'#建筑消耗和buff配置索引'!$M:$M,0))) | P18: =IF(INDEX('#建筑消耗和buff配置索引'!U:U,MATCH($F18,'#建筑消耗和buff配置索引'!$M:$M,0))=0,"",INDEX('#建筑消耗和buff配置索引'!U:U,MATCH($F18,'#建筑消耗和buff配置索引'!$M:$M,0))) | Q18: =IF(INDEX('#建筑消耗和buff配置索引'!K:K,MATCH($F18,'#建筑消耗和buff配置索引'!$M:$M,0))=0,"",INDEX('#建筑消耗和buff配置索引'!K:K,MATCH($F18,'#建筑消耗和buff配置索引'!$M:$M,0))) -> 215;211 | R18: =IF(INDEX('#建筑消耗和buff配置索引'!L:L,MATCH($F18,'#建筑消耗和buff配置索引'!$M:$M,0))=0,"",INDEX('#建筑消耗和buff配置索引'!L:L,MATCH($F18,'#建筑消耗和buff配置索引'!$M:$M,0))) -> 14;14 | S18: =IF(INDEX('#建筑消耗和buff配置索引'!C:C,MATCH(F18,'#建筑消耗和buff配置索引'!M:M,0))=0,1,INDEX('#建筑消耗和buff配置索引'!C:C,MATCH(F18,'#建筑消耗和buff配置索引'!M:M,0))) -> 3 | T18: 0 | U18: 0 | V18: =IF(E18=1,IF(INDEX('#建筑消耗和buff配置索引'!BY:BY,MATCH(D18,'#建筑消耗和buff配置索引'!A:A,0))=0,"",INDEX('#建筑消耗和buff配置索引'!BY:BY,MATCH(D18,'#建筑消耗和buff配置索引'!A:A,0))),"") | W18: =IF(E18=1,IF(INDEX('#建筑消耗和buff配置索引'!BZ:BZ,MATCH(D18,'#建筑消耗和buff配置索引'!A:A,0))=0,"",INDEX('#建筑消耗和buff配置索引'!BZ:BZ,MATCH(D18,'#建筑消耗和buff配置索引'!A:A,0))),"") | X18: ="TID_CityBuilding_detailUnlockText_"&A18 -> TID_CityBuilding_detailUnlockText_2010015 | Y18: 第[%d1]个金矿场 | AA18: =INDEX('#建筑消耗和buff配置索引'!AO:AO,MATCH($F18,'#建筑消耗和buff配置索引'!$M:$M,0)) -> 41465 | AB18: =IF(INDEX('#建筑消耗和buff配置索引'!AR:AR,MATCH($F18,'#建筑消耗和buff配置索引'!$M:$M,0))=0,"",INDEX('#建筑消耗和buff配置索引'!AR:AR,MATCH($F18,'#建筑消耗和buff配置索引'!$M:$M,0))) -> 6001 | AC18: =IF(AB18="","",INDEX('#建筑消耗和buff配置索引'!AS:AS,MATCH($F18,'#建筑消耗和buff配置索引'!$M:$M,0))) -> 8000 | AF18: =IF(INDEX('#建筑消耗和buff配置索引'!AW:AW,MATCH($F18,'#建筑消耗和buff配置索引'!$M:$M,0))=0,"",INDEX('#建筑消耗和buff配置索引'!AW:AW,MATCH($F18,'#建筑消耗和buff配置索引'!$M:$M,0))) -> 8025 | AG18: =IF(AF18="","",INDEX('#建筑消耗和buff配置索引'!AX:AX,MATCH($F18,'#建筑消耗和buff配置索引'!$M:$M,0))) -> 1 | AJ18: =IF(INDEX('#建筑消耗和buff配置索引'!BB:BB,MATCH($F18,'#建筑消耗和buff配置索引'!$M:$M,0))=0,"",INDEX('#建筑消耗和buff配置索引'!BB:BB,MATCH($F18,'#建筑消耗和buff配置索引'!$M:$M,0))) -> 1202 | AK18: =IF(AJ18="","",INDEX('#建筑消耗和buff配置索引'!BC:BC,MATCH($F18,'#建筑消耗和buff配置索引'!$M:$M,0))) -> 4 | AN18: =IF(INDEX('#建筑消耗和buff配置索引'!BG:BG,MATCH($F18,'#建筑消耗和buff配置索引'!$M:$M,0))=0,"",INDEX('#建筑消耗和buff配置索引'!BG:BG,MATCH($F18,'#建筑消耗和buff配置索引'!$M:$M,0))) -> 1205 | AO18: =IF(AN18="","",INDEX('#建筑消耗和buff配置索引'!BH:BH,MATCH($F18,'#建筑消耗和buff配置索引'!$M:$M,0))) -> 3 | AR18: =IF(INDEX('#建筑消耗和buff配置索引'!BK:BK,MATCH($F18,'#建筑消耗和buff配置索引'!$M:$M,0))=0,"",INDEX('#建筑消耗和buff配置索引'!BK:BK,MATCH($F18,'#建筑消耗和buff配置索引'!$M:$M,0))) -> 1209 | AS18: =IF(AR18="","",INDEX('#建筑消耗和buff配置索引'!BL:BL,MATCH($F18,'#建筑消耗和buff配置索引'!$M:$M,0))) -> 3 | AV18: =IF(INDEX('#建筑消耗和buff配置索引'!BO:BO,MATCH($F18,'#建筑消耗和buff配置索引'!$M:$M,0))=0,"",INDEX('#建筑消耗和buff配置索引'!BO:BO,MATCH($F18,'#建筑消耗和buff配置索引'!$M:$M,0))) -> 1210 | AW18: =IF(AV18="","",INDEX('#建筑消耗和buff配置索引'!BP:BP,MATCH($F18,'#建筑消耗和buff配置索引'!$M:$M,0))) -> 2 | AZ18: =IF(INDEX('#建筑消耗和buff配置索引'!BS:BS,MATCH($F18,'#建筑消耗和buff配置索引'!$M:$M,0))=0,"",INDEX('#建筑消耗和buff配置索引'!BS:BS,MATCH($F18,'#建筑消耗和buff配置索引'!$M:$M,0))) -> 1237 | BA18: =IF(AZ18="","",INDEX('#建筑消耗和buff配置索引'!BT:BT,MATCH($F18,'#建筑消耗和buff配置索引'!$M:$M,0))) -> 2 | BD18: =IF(INDEX('#建筑消耗和buff配置索引'!BW:BW,MATCH($F18,'#建筑消耗和buff配置索引'!$M:$M,0))=0,"",INDEX('#建筑消耗和buff配置索引'!BW:BW,MATCH($F18,'#建筑消耗和buff配置索引'!$M:$M,0))) | BE18: =IF(BD18="","",INDEX('#建筑消耗和buff配置索引'!BX:BX,MATCH($F18,'#建筑消耗和buff配置索引'!$M:$M,0))) | BI18: 1 | BK18: 20011
A19: 2010016 | B19: 16 | C19: 201 | D19: 城镇中心 | E19: 16 | F19: =D19&E19 -> 城镇中心16 | G19: 204:205:234:203:202:206:224:232:222:212:209:215:226:229:230 | H19: 15:15:15:15:15:15:15:15:15:15:15:15:15:15:15 | I19: 2 | J19: =INDEX('#建筑消耗和buff配置索引'!AH:AH,MATCH($F19,'#建筑消耗和buff配置索引'!$M:$M,0)) -> 108000 | K19: =INDEX('#建筑消耗和buff配置索引'!AA:AA,MATCH($F19,'#建筑消耗和buff配置索引'!$M:$M,0)) -> 1800000 | L19: =INDEX('#建筑消耗和buff配置索引'!AB:AB,MATCH($F19,'#建筑消耗和buff配置索引'!$M:$M,0)) -> 1800000 | M19: =INDEX('#建筑消耗和buff配置索引'!AC:AC,MATCH($F19,'#建筑消耗和buff配置索引'!$M:$M,0)) -> 1800000 | N19: =INDEX('#建筑消耗和buff配置索引'!AD:AD,MATCH($F19,'#建筑消耗和buff配置索引'!$M:$M,0)) -> 1800000 | O19: =IF(INDEX('#建筑消耗和buff配置索引'!T:T,MATCH($F19,'#建筑消耗和buff配置索引'!$M:$M,0))=0,"",INDEX('#建筑消耗和buff配置索引'!T:T,MATCH($F19,'#建筑消耗和buff配置索引'!$M:$M,0))) | P19: =IF(INDEX('#建筑消耗和buff配置索引'!U:U,MATCH($F19,'#建筑消耗和buff配置索引'!$M:$M,0))=0,"",INDEX('#建筑消耗和buff配置索引'!U:U,MATCH($F19,'#建筑消耗和buff配置索引'!$M:$M,0))) | Q19: =IF(INDEX('#建筑消耗和buff配置索引'!K:K,MATCH($F19,'#建筑消耗和buff配置索引'!$M:$M,0))=0,"",INDEX('#建筑消耗和buff配置索引'!K:K,MATCH($F19,'#建筑消耗和buff配置索引'!$M:$M,0))) -> 215;222 | R19: =IF(INDEX('#建筑消耗和buff配置索引'!L:L,MATCH($F19,'#建筑消耗和buff配置索引'!$M:$M,0))=0,"",INDEX('#建筑消耗和buff配置索引'!L:L,MATCH($F19,'#建筑消耗和buff配置索引'!$M:$M,0))) -> 15;15 | S19: =IF(INDEX('#建筑消耗和buff配置索引'!C:C,MATCH(F19,'#建筑消耗和buff配置索引'!M:M,0))=0,1,INDEX('#建筑消耗和buff配置索引'!C:C,MATCH(F19,'#建筑消耗和buff配置索引'!M:M,0))) -> 4 | T19: 0 | U19: 0 | V19: =IF(E19=1,IF(INDEX('#建筑消耗和buff配置索引'!BY:BY,MATCH(D19,'#建筑消耗和buff配置索引'!A:A,0))=0,"",INDEX('#建筑消耗和buff配置索引'!BY:BY,MATCH(D19,'#建筑消耗和buff配置索引'!A:A,0))),"") | W19: =IF(E19=1,IF(INDEX('#建筑消耗和buff配置索引'!BZ:BZ,MATCH(D19,'#建筑消耗和buff配置索引'!A:A,0))=0,"",INDEX('#建筑消耗和buff配置索引'!BZ:BZ,MATCH(D19,'#建筑消耗和buff配置索引'!A:A,0))),"") | X19: ="TID_CityBuilding_detailUnlockText_"&A19 -> TID_CityBuilding_detailUnlockText_2010016 | Y19: 第[%d1]个石矿场 | AA19: =INDEX('#建筑消耗和buff配置索引'!AO:AO,MATCH($F19,'#建筑消耗和buff配置索引'!$M:$M,0)) -> 56091 | AB19: =IF(INDEX('#建筑消耗和buff配置索引'!AR:AR,MATCH($F19,'#建筑消耗和buff配置索引'!$M:$M,0))=0,"",INDEX('#建筑消耗和buff配置索引'!AR:AR,MATCH($F19,'#建筑消耗和buff配置索引'!$M:$M,0))) -> 6001 | AC19: =IF(AB19="","",INDEX('#建筑消耗和buff配置索引'!AS:AS,MATCH($F19,'#建筑消耗和buff配置索引'!$M:$M,0))) -> 9500 | AF19: =IF(INDEX('#建筑消耗和buff配置索引'!AW:AW,MATCH($F19,'#建筑消耗和buff配置索引'!$M:$M,0))=0,"",INDEX('#建筑消耗和buff配置索引'!AW:AW,MATCH($F19,'#建筑消耗和buff配置索引'!$M:$M,0))) -> 8025 | AG19: =IF(AF19="","",INDEX('#建筑消耗和buff配置索引'!AX:AX,MATCH($F19,'#建筑消耗和buff配置索引'!$M:$M,0))) -> 1 | AJ19: =IF(INDEX('#建筑消耗和buff配置索引'!BB:BB,MATCH($F19,'#建筑消耗和buff配置索引'!$M:$M,0))=0,"",INDEX('#建筑消耗和buff配置索引'!BB:BB,MATCH($F19,'#建筑消耗和buff配置索引'!$M:$M,0))) -> 1202 | AK19: =IF(AJ19="","",INDEX('#建筑消耗和buff配置索引'!BC:BC,MATCH($F19,'#建筑消耗和buff配置索引'!$M:$M,0))) -> 4 | AN19: =IF(INDEX('#建筑消耗和buff配置索引'!BG:BG,MATCH($F19,'#建筑消耗和buff配置索引'!$M:$M,0))=0,"",INDEX('#建筑消耗和buff配置索引'!BG:BG,MATCH($F19,'#建筑消耗和buff配置索引'!$M:$M,0))) -> 1205 | AO19: =IF(AN19="","",INDEX('#建筑消耗和buff配置索引'!BH:BH,MATCH($F19,'#建筑消耗和buff配置索引'!$M:$M,0))) -> 3 | AR19: =IF(INDEX('#建筑消耗和buff配置索引'!BK:BK,MATCH($F19,'#建筑消耗和buff配置索引'!$M:$M,0))=0,"",INDEX('#建筑消耗和buff配置索引'!BK:BK,MATCH($F19,'#建筑消耗和buff配置索引'!$M:$M,0))) -> 1209 | AS19: =IF(AR19="","",INDEX('#建筑消耗和buff配置索引'!BL:BL,MATCH($F19,'#建筑消耗和buff配置索引'!$M:$M,0))) -> 3 | AV19: =IF(INDEX('#建筑消耗和buff配置索引'!BO:BO,MATCH($F19,'#建筑消耗和buff配置索引'!$M:$M,0))=0,"",INDEX('#建筑消耗和buff配置索引'!BO:BO,MATCH($F19,'#建筑消耗和buff配置索引'!$M:$M,0))) -> 1210 | AW19: =IF(AV19="","",INDEX('#建筑消耗和buff配置索引'!BP:BP,MATCH($F19,'#建筑消耗和buff配置索引'!$M:$M,0))) -> 3 | AZ19: =IF(INDEX('#建筑消耗和buff配置索引'!BS:BS,MATCH($F19,'#建筑消耗和buff配置索引'!$M:$M,0))=0,"",INDEX('#建筑消耗和buff配置索引'!BS:BS,MATCH($F19,'#建筑消耗和buff配置索引'!$M:$M,0))) -> 1237 | BA19: =IF(AZ19="","",INDEX('#建筑消耗和buff配置索引'!BT:BT,MATCH($F19,'#建筑消耗和buff配置索引'!$M:$M,0))) -> 2 | BD19: =IF(INDEX('#建筑消耗和buff配置索引'!BW:BW,MATCH($F19,'#建筑消耗和buff配置索引'!$M:$M,0))=0,"",INDEX('#建筑消耗和buff配置索引'!BW:BW,MATCH($F19,'#建筑消耗和buff配置索引'!$M:$M,0))) | BE19: =IF(BD19="","",INDEX('#建筑消耗和buff配置索引'!BX:BX,MATCH($F19,'#建筑消耗和buff配置索引'!$M:$M,0))) | BI19: 1 | BK19: 20012
A20: 2010017 | B20: 17 | C20: 201 | D20: 城镇中心 | E20: 17 | F20: =D20&E20 -> 城镇中心17 | G20: 204:205:234:203:202:206:224:232:222:212:209:215:226:229:230 | H20: 16:16:16:16:16:16:16:16:16:16:16:16:16:16:16 | I20: 2 | J20: =INDEX('#建筑消耗和buff配置索引'!AH:AH,MATCH($F20,'#建筑消耗和buff配置索引'!$M:$M,0)) -> 144000 | K20: =INDEX('#建筑消耗和buff配置索引'!AA:AA,MATCH($F20,'#建筑消耗和buff配置索引'!$M:$M,0)) -> 2300000 | L20: =INDEX('#建筑消耗和buff配置索引'!AB:AB,MATCH($F20,'#建筑消耗和buff配置索引'!$M:$M,0)) -> 2300000 | M20: =INDEX('#建筑消耗和buff配置索引'!AC:AC,MATCH($F20,'#建筑消耗和buff配置索引'!$M:$M,0)) -> 2300000 | N20: =INDEX('#建筑消耗和buff配置索引'!AD:AD,MATCH($F20,'#建筑消耗和buff配置索引'!$M:$M,0)) -> 2300000 | O20: =IF(INDEX('#建筑消耗和buff配置索引'!T:T,MATCH($F20,'#建筑消耗和buff配置索引'!$M:$M,0))=0,"",INDEX('#建筑消耗和buff配置索引'!T:T,MATCH($F20,'#建筑消耗和buff配置索引'!$M:$M,0))) | P20: =IF(INDEX('#建筑消耗和buff配置索引'!U:U,MATCH($F20,'#建筑消耗和buff配置索引'!$M:$M,0))=0,"",INDEX('#建筑消耗和buff配置索引'!U:U,MATCH($F20,'#建筑消耗和buff配置索引'!$M:$M,0))) | Q20: =IF(INDEX('#建筑消耗和buff配置索引'!K:K,MATCH($F20,'#建筑消耗和buff配置索引'!$M:$M,0))=0,"",INDEX('#建筑消耗和buff配置索引'!K:K,MATCH($F20,'#建筑消耗和buff配置索引'!$M:$M,0))) -> 215;231 | R20: =IF(INDEX('#建筑消耗和buff配置索引'!L:L,MATCH($F20,'#建筑消耗和buff配置索引'!$M:$M,0))=0,"",INDEX('#建筑消耗和buff配置索引'!L:L,MATCH($F20,'#建筑消耗和buff配置索引'!$M:$M,0))) -> 16;16 | S20: =IF(INDEX('#建筑消耗和buff配置索引'!C:C,MATCH(F20,'#建筑消耗和buff配置索引'!M:M,0))=0,1,INDEX('#建筑消耗和buff配置索引'!C:C,MATCH(F20,'#建筑消耗和buff配置索引'!M:M,0))) -> 4 | T20: 0 | U20: 0 | V20: =IF(E20=1,IF(INDEX('#建筑消耗和buff配置索引'!BY:BY,MATCH(D20,'#建筑消耗和buff配置索引'!A:A,0))=0,"",INDEX('#建筑消耗和buff配置索引'!BY:BY,MATCH(D20,'#建筑消耗和buff配置索引'!A:A,0))),"") | W20: =IF(E20=1,IF(INDEX('#建筑消耗和buff配置索引'!BZ:BZ,MATCH(D20,'#建筑消耗和buff配置索引'!A:A,0))=0,"",INDEX('#建筑消耗和buff配置索引'!BZ:BZ,MATCH(D20,'#建筑消耗和buff配置索引'!A:A,0))),"") | X20: ="TID_CityBuilding_detailUnlockText_"&A20 -> TID_CityBuilding_detailUnlockText_2010017 | Y20: 第[%d1]个伐木场和第2个副将位 | AA20: =INDEX('#建筑消耗和buff配置索引'!AO:AO,MATCH($F20,'#建筑消耗和buff配置索引'!$M:$M,0)) -> 74811 | AB20: =IF(INDEX('#建筑消耗和buff配置索引'!AR:AR,MATCH($F20,'#建筑消耗和buff配置索引'!$M:$M,0))=0,"",INDEX('#建筑消耗和buff配置索引'!AR:AR,MATCH($F20,'#建筑消耗和buff配置索引'!$M:$M,0))) -> 6001 | AC20: =IF(AB20="","",INDEX('#建筑消耗和buff配置索引'!AS:AS,MATCH($F20,'#建筑消耗和buff配置索引'!$M:$M,0))) -> 11000 | AF20: =IF(INDEX('#建筑消耗和buff配置索引'!AW:AW,MATCH($F20,'#建筑消耗和buff配置索引'!$M:$M,0))=0,"",INDEX('#建筑消耗和buff配置索引'!AW:AW,MATCH($F20,'#建筑消耗和buff配置索引'!$M:$M,0))) -> 8025 | AG20: =IF(AF20="","",INDEX('#建筑消耗和buff配置索引'!AX:AX,MATCH($F20,'#建筑消耗和buff配置索引'!$M:$M,0))) -> 2 | AJ20: =IF(INDEX('#建筑消耗和buff配置索引'!BB:BB,MATCH($F20,'#建筑消耗和buff配置索引'!$M:$M,0))=0,"",INDEX('#建筑消耗和buff配置索引'!BB:BB,MATCH($F20,'#建筑消耗和buff配置索引'!$M:$M,0))) -> 1202 | AK20: =IF(AJ20="","",INDEX('#建筑消耗和buff配置索引'!BC:BC,MATCH($F20,'#建筑消耗和buff配置索引'!$M:$M,0))) -> 4 | AN20: =IF(INDEX('#建筑消耗和buff配置索引'!BG:BG,MATCH($F20,'#建筑消耗和buff配置索引'!$M:$M,0))=0,"",INDEX('#建筑消耗和buff配置索引'!BG:BG,MATCH($F20,'#建筑消耗和buff配置索引'!$M:$M,0))) -> 1205 | AO20: =IF(AN20="","",INDEX('#建筑消耗和buff配置索引'!BH:BH,MATCH($F20,'#建筑消耗和buff配置索引'!$M:$M,0))) -> 3 | AR20: =IF(INDEX('#建筑消耗和buff配置索引'!BK:BK,MATCH($F20,'#建筑消耗和buff配置索引'!$M:$M,0))=0,"",INDEX('#建筑消耗和buff配置索引'!BK:BK,MATCH($F20,'#建筑消耗和buff配置索引'!$M:$M,0))) -> 1209 | AS20: =IF(AR20="","",INDEX('#建筑消耗和buff配置索引'!BL:BL,MATCH($F20,'#建筑消耗和buff配置索引'!$M:$M,0))) -> 4 | AV20: =IF(INDEX('#建筑消耗和buff配置索引'!BO:BO,MATCH($F20,'#建筑消耗和buff配置索引'!$M:$M,0))=0,"",INDEX('#建筑消耗和buff配置索引'!BO:BO,MATCH($F20,'#建筑消耗和buff配置索引'!$M:$M,0))) -> 1210 | AW20: =IF(AV20="","",INDEX('#建筑消耗和buff配置索引'!BP:BP,MATCH($F20,'#建筑消耗和buff配置索引'!$M:$M,0))) -> 3 | AZ20: =IF(INDEX('#建筑消耗和buff配置索引'!BS:BS,MATCH($F20,'#建筑消耗和buff配置索引'!$M:$M,0))=0,"",INDEX('#建筑消耗和buff配置索引'!BS:BS,MATCH($F20,'#建筑消耗和buff配置索引'!$M:$M,0))) -> 1237 | BA20: =IF(AZ20="","",INDEX('#建筑消耗和buff配置索引'!BT:BT,MATCH($F20,'#建筑消耗和buff配置索引'!$M:$M,0))) -> 2 | BD20: =IF(INDEX('#建筑消耗和buff配置索引'!BW:BW,MATCH($F20,'#建筑消耗和buff配置索引'!$M:$M,0))=0,"",INDEX('#建筑消耗和buff配置索引'!BW:BW,MATCH($F20,'#建筑消耗和buff配置索引'!$M:$M,0))) | BE20: =IF(BD20="","",INDEX('#建筑消耗和buff配置索引'!BX:BX,MATCH($F20,'#建筑消耗和buff配置索引'!$M:$M,0))) | BI20: 1 | BK20: 20013
