Workbook

Sheet 获取途径组
A1: convert(ResShowGet.proto, table_ShowGetGroupData,ShowGetGroupData.pbin)
A2: id | B2: 获取途径id | C2: 道具id | D2: 超值礼包Id | E2: 界面展示标题 | F2: 界面展示标题 | G2: 说明 | H2: 说明
A3: id | B3: idGroup[;] | C3: itemId | D3: valuePackageId | E3: title | G3: des | I3: 备注
A4: 1 | B4: 3 | E4: TID_ShowGetGroupData_1_des_CN_Main | F4: 获取贵族经验 | G4: TID_ShowGetGroupData_1_des_CN_Main | H4: 获取贵族经验 | I4: 贵族跳转
A5: 2 | B5: 4;5 | E5: TID_ShowGetGroupData_2_title_CN_Main | F5: 好感度礼物获取 | G5: TID_ShowGetGroupData_2_des_CN_Main | H5: 内政官好感度提升所需的礼物，可通过<color=#fff6ab>旅店寻访</color>、<color=#fff6ab>市集兑换商店</color>、等途径获取。 | I5: 内政官好感度升级材料获取
A6: 3 | B6: 6;7 | E6: TID_ShowGetGroupData_3_title_CN_Main | F6: 好感度突破材料获取 | G6: TID_ShowGetGroupData_3_des_CN_Main | H6: 内政官好感度突破所需的材料，可通过<color=#fff6ab>旅店寻访</color>、<color=#fff6ab>市集兑换商店</color>、等途径获取。 | I6: 内政官好感度突破材料获取
A7: 4 | B7: 8;21 | E7: TID_ShowGetGroupData_4_title_CN_Main | F7: 获取更多内政官传记 | G7: TID_ShowGetGroupData_4_des_CN_Main | H7: 内政官进阶需要消耗<color=#fff6ab>内政官传记</color>，通过<color=#fff6ab>旅店寻访、完成探险事件</color>等途径可以获得更多内政官传记。 | I7: 内政官碎片获取
A8: 5 | B8: 10;11 | E8: TID_ShowGetGroupData_5_des_CN_Main | F8: 英雄天赋养成道具获取 | G8: TID_ShowGetGroupData_5_des_CN_Main | H8: 英雄天赋养成道具获取 | I8: 英雄天赋养成道具获取
A9: 6 | B9: 12;13;14 | E9: TID_ShowGetGroupData_6_des_CN_Main | F9: 英雄技能养成道具获取 | G9: TID_ShowGetGroupData_6_des_CN_Main | H9: 英雄技能养成道具获取 | I9: 英雄技能养成道具获取
A10: 7 | B10: 20;15 | E10: TID_ShowGetGroupData_7_title_CN_Main | F10: 提升村民上限 | G10: TID_ShowGetGroupData_7_des_CN_Main | H10: 提升居民房舍等级可增加村民数量上限，在城镇中心可以训练村民。
A11: 8 | B11: 10 | E11: TID_ShowGetGroupData_8_title_CN_Main | F11: 英雄碎片 | G11: TID_ShowGetGroupData_8_des_CN_Main | H11: 使用英雄碎片提升星级，解锁更高的技能等级上限。
A12: 9 | B12: 17;16 | E12: TID_ShowGetGroupData_9_title_CN_Main | F12: 提升内政官属性总和 | G12: TID_ShowGetGroupData_9_des_CN_Main | H12: 探险队升级需要上阵内政官属性总和达到相应数值要求，前往<color=#fff6ab>培养内政官</color>提升内政官属性，前往<color=#fff6ab>旅店寻访</color>获得更多史诗内政官。
A13: 10 | B13: 11;55 | E13: TID_ShowGetGroupData_10_title_CN_Main | F13: 发展方略技术点数获取 | G13: TID_ShowGetGroupData_10_des_CN_Main | H13: 发展方略技术改良所需的技术点数，可以通过在城外清剿<color=#fff6ab>普通/稀有</color>蛮族部队获得。
A14: 11 | B14: 11;55 | E14: TID_ShowGetGroupData_11_title_CN_Main | F14: 发展方略文化点数获取 | G14: TID_ShowGetGroupData_11_des_CN_Main | H14: 发展方略文化发展所需的文化点数，可以通过在城外清剿<color=#fff6ab>普通/稀有</color>蛮族部队获得。
A15: 12 | B15: 16;26 | E15: TID_ShowGetGroupData_12_title_CN_Main | F15: 获取更多博学值 | G15: TID_ShowGetGroupData_12_des_CN_Main | H15: 内政官升级需要消耗<color=#fff6ab>博学值</color>，通过<color=#fff6ab>旅店寻访、完成探险事件</color>等途径可以获得更多博学值。
A16: 13 | B16: 55 | E16: TID_ShowGetGroupData_13_title_CN_Main | F16: 知识卷轴获取 | G16: TID_ShowGetGroupData_13_des_CN_Main | H16: 知识卷轴用于升级学院科技，可以通过在城外<color=#fff6ab>清剿稀有/精英蛮族部队</color>获得或者通过<color=#fff6ab>商城活动</color>获得。
A17: 14 | B17: 96;66 | E17: TID_ShowGetGroupData_14_title_CN_Main | F17: 获取更多信物 | G17: TID_ShowGetGroupData_14_des_CN_Main | H17: 招募获得<color=#fff6ab>重复【英雄或技能】</color>时会转化成信物。<color=#4fad6d>【优良信物】</color>或<color=#5f88dc>【稀有信物】</color>可以用来【分解技能点】，<color=#be78d8>【史诗信物】</color>或<color=#f1791c>【传说信物】</color>可以用来【进阶英雄】或【激活英雄天赋】。
A18: 15 | B18: 25;55 | E18: TID_ShowGetGroupData_15_title_CN_Main | F18: 提升英雄等级 | G18: TID_ShowGetGroupData_15_des_GL_Main | H18: 当前部队出征上限过低，在城外攻打【普通/稀有】蛮族，可以<color=#fff6ab>升级英雄增加带兵量</color>，提高部队出征上限。 | I18: 任意1个军团总士兵数达到XXXX名-英雄升级前期指引
A19: 16 | B19: 47;48 | E19: TID_ShowGetGroupData_16_title_CN_Main | F19: 治疗伤兵或训练士兵 | G19: TID_ShowGetGroupData_16_des_CN_Main | H19: 当前拥有士兵数量不足，治疗房舍还存在伤兵，请<color=#fff6ab>治疗或训练更多士兵</color>补充到部队中。 | I19: 任意1个军团总士兵数达到XXXX名-士兵获取指引
A20: 17 | B20: 27 | E20: TID_ShowGetGroupData_17_title_CN_Main | F20: 繁荣度获取 | G20: TID_ShowGetGroupData_17_des_CN_Main | H20: 建造或升级内城建筑可获取繁荣度
A21: 18 | B21: 33;37 | E21: TID_ShowGetGroupData_18_title_CN_Main | F21: 提升木材产量 | G21: TID_ShowGetGroupData_18_des_GL_Main | H21: 通过<color=#fff6ab>升级伐木场建筑、研究经济系科技</color>等途径，可以提升木材资源产量。 | I21: 前期提升资源产量途径
A22: 19 | B22: 32;37 | E22: TID_ShowGetGroupData_19_title_CN_Main | F22: 提升食物产量 | G22: TID_ShowGetGroupData_19_des_GL_Main | H22: 通过<color=#fff6ab>升级磨坊建筑、研究经济系科技</color>等途径，可以提升食物资源产量。 | I22: 前期提升资源产量途径
A23: 20 | B23: 34;37 | E23: TID_ShowGetGroupData_20_title_CN_Main | F23: 提升石头产量 | G23: TID_ShowGetGroupData_20_des_GL_Main | H23: 通过<color=#fff6ab>升级石矿场建筑、研究经济系科技</color>等途径，可以提升石头资源产量。 | I23: 前期提升资源产量途径
A24: 21 | B24: 35;37 | E24: TID_ShowGetGroupData_21_title_CN_Main | F24: 提升黄金产量 | G24: TID_ShowGetGroupData_21_des_GL_Main | H24: 通过<color=#fff6ab>升级金矿场建筑、研究经济系科技</color>等途径，可以提升黄金资源产量。 | I24: 前期提升资源产量途径
A25: 22 | B25: 29;33; | E25: TID_ShowGetGroupData_22_title_CN_Main | F25: 获得更多木材 | G25: TID_ShowGetGroupData_22_des_GL_Main | H25: 在城外<color=#fff6ab>攻占木材资源点</color>后，您可派遣村民前往采集木材资源，采集将会实时获得资源；\n在城内<color=#fff6ab>升级伐木场</color>，可以提升每小时的木材资源产量； | I25: 木材资源不足
A26: 23 | B26: 28;32;52;25;55 | E26: TID_ShowGetGroupData_23_title_CN_Main | F26: 获得更多食物 | G26: TID_ShowGetGroupData_23_des_GL_Main | H26: 在城外<color=#fff6ab>攻占食物资源点</color>后，您可派遣村民前往采集食物资源，采集将会实时获得资源；\n在城内<color=#fff6ab>升级磨坊和建造农田</color>，可以提升每小时的木材资源产量； | I26: 食物资源不足
A27: 24 | B27: 30;34 | E27: TID_ShowGetGroupData_24_title_CN_Main | F27: 获得更多石头 | G27: TID_ShowGetGroupData_24_des_GL_Main | H27: 在城外<color=#fff6ab>攻占石头资源点</color>后，您可派遣村民前往采集石头资源，采集将会实时获得资源；\n在城内<color=#fff6ab>升级石矿场</color>，可以提升每小时的石头资源产量； | I27: 石头资源不足
A28: 25 | B28: 31;35 | E28: TID_ShowGetGroupData_25_title_CN_Main | F28: 获得更多黄金 | G28: TID_ShowGetGroupData_25_des_GL_Main | H28: 在城外<color=#fff6ab>攻占黄金资源点</color>后，您可派遣村民前往采集黄金资源，采集将会实时获得资源；\n在城内<color=#fff6ab>升级金矿场</color>，可以提升每小时的黄金资源产量； | I28: 黄金资源不足
A29: 26 | B29: 50;51 | E29: TID_ShowGetGroupData_26_title_CN_Main | F29: 其他铜钱产量提升途径 | G29: TID_ShowGetGroupData_26_des_GL_Main | H29: 通过<color=#fff6ab>激活君主天赋、研究经济系科技</color>等途径也可增加铜钱产量。 | I29: 征税界面其他铜钱产量获得途径
A30: 27 | B30: 46 | E30: TID_ShowGetGroupData_27_title_CN_Main | F30: 上阵更多英雄 | G30: TID_ShowGetGroupData_27_des_CN_Main | H30: 当前部队还<color=#fff6ab存在>空位置可上阵英雄</color>，请前往部队编组<color=#fff6ab>上阵更多英雄</color>。 | I30: 任意1个军团总士兵数达到XXXX名-英雄上阵指引
A31: 28 | B31: 25;55 | E31: TID_ShowGetGroupData_15_title_CN_Main | F31: 提升英雄等级 | G31: TID_ShowGetGroupData_15_des_GL_Main | H31: 当前部队出征上限过低，在城外攻打【普通/稀有】蛮族，可以<color=#fff6ab>升级英雄增加带兵量</color>，提高部队出征上限。 | I31: 任意1个军团总士兵数达到XXXX名-英雄升级后期指引
A32: 29 | B32: 48 | E32: TID_ShowGetGroupData_61_title_CN_Main | F32: 训练更多士兵 | G32: TID_ShowGetGroupData_29_des_CN_Main | H32: 当前拥有士兵数量不足，请前往兵营<color=#fff6ab>训练更多士兵</color>补充到部队。 | I32: 任意1个军团总士兵数达到XXXX名-士兵获取指引
A33: 30 | B33: 33;37;36 | E33: TID_ShowGetGroupData_18_title_CN_Main | F33: 提升木材产量 | G33: TID_ShowGetGroupData_30_des_GL_Main | H33: 通过<color=#fff6ab>升级伐木场建筑、研究经济系科技、激活君主天赋</color>等途径，可以提升木材资源产量。
A34: 31 | B34: 32;37;36 | E34: TID_ShowGetGroupData_19_title_CN_Main | F34: 提升食物产量 | G34: TID_ShowGetGroupData_31_des_GL_Main | H34: 通过<color=#fff6ab>升级磨坊建筑、研究经济系科技、激活君主天赋</color>等途径，可以提升食物资源产量。
A35: 32 | B35: 34;37;36 | E35: TID_ShowGetGroupData_20_title_CN_Main | F35: 提升石头产量 | G35: TID_ShowGetGroupData_32_des_GL_Main | H35: 通过<color=#fff6ab>升级石矿场建筑、研究经济系科技、激活君主天赋</color>等途径，可以提升石头资源产量。
A36: 33 | B36: 35;37;36 | E36: TID_ShowGetGroupData_21_title_CN_Main | F36: 提升黄金产量 | G36: TID_ShowGetGroupData_33_des_GL_Main | H36: 通过<color=#fff6ab>升级金矿场建筑、研究经济系科技、激活君主天赋</color>等途径，可以提升黄金资源产量。
A37: 34 | B37: 60 | E37: TID_ShowGetGroupData_34_title_CN_Main | F37: 提升屯兵上限 | G37: TID_ShowGetGroupData_34_des_CN_Main | H37: 通过<color=#fff6ab>升级校场</color>途径可以提升士兵屯兵上限。 | I37: 提升士兵屯兵上限
A38: 35 | B38: 31;35;36;37;38 | E38: TID_ShowGetGroupData_35_des_CN_Main | F38: 时代升级 | G38: TID_ShowGetGroupData_35_des_CN_Main | H38: 时代升级 | I38: 已废弃后面把ID利用起来
A39: 36 | B39: 56;131;58 | E39: TID_ShowGetGroupData_36_title_CN_Main | F39: 提升伤兵容量 | G39: TID_ShowGetGroupData_36_des_GL_Main | H39: 通过<color=#fff6ab>升级治疗房舍、研究战争系科技、激活君主天赋</color>等途径可以提升伤兵容量。 | I39: 治疗房舍提升伤兵容量
A40: 37 | B40: 63;62;109 | E40: TID_ShowGetGroupData_37_title_CN_Main | F40: 获取士兵训练加速 | G40: TID_ShowGetGroupData_37_des_CN_Main | H40: 通过<color=#fff6ab>战功商店兑换、活动中心参加活动、联盟宝库兑换</color>等途径可以获得士兵训练加速。 | I40: 获取更多士兵训练加速
A41: 38 | B41: 59 | E41: TID_ShowGetGroupData_38_title_CN_Main | F41: 编辑探险队 | G41: TID_ShowGetGroupData_38_des_CN_Main | H41: 在进行探险之前，您需要编辑一个探险队，将内政官委任到探险队中。
A42: 39 | B42: 117;65;109;108 | E42: TID_ShowGetGroupData_39_title_CN_Main | F42: 获取科技加速 | G42: TID_ShowGetGroupData_39_des_GL_Main | H42: 通过<color=#fff6ab>完成各类任务、活动中心参加活动、联盟宝库兑换、战功商店兑换</color>等途径可以获得科技加速。 | I42: 获取更多科技加速
A43: 40 | B43: 66 | E43: TID_ShowGetGroupData_40_title_CN_Main | F43: 招募更多英雄 | G43: TID_ShowGetGroupData_40_des_CN_Main | H43: 前往<color=#fff6ab>点将台</color>可招募更多英雄，通过<color=#fff6ab>每日签到、群英荟萃</color>等活动也可以获得许多强力英雄。
A44: 41 | B44: 54 | E44: TID_ShowGetGroupData_41_title_CN_Main | F44: 铜币不足 | G44: TID_ShowGetGroupData_41_des_CN_Main | H44: 前往<color=#fff6ab>城镇中心征税</color>可以快速获得大量铜币。
A45: 42 | E45: TID_ShowGetGroupData_42_title_CN_Main | F45: 人气值提升 | G45: TID_ShowGetGroupData_42_des_CN_Main | H45: 当前旅店人气值: <color=#fff6ab>{0}</color>点，旅店人气值上限: <color=#fff6ab>{1}</color>点。 当前每小时回复<color=#fff6ab>{2}</color>点人气，完全回复还需<color=#fff6ab>{3}</color>倒计时。 前往<color=#fff6ab>升级旅店</color>可以提高人气值上限与回复速度。
A46: 43 | B46: 132 | E46: TID_ShowGetGroupData_43_title_CN_Main | F46: 英雄招募券不足 | G46: TID_ShowGetGroupData_43_des_GL_Main | H46: <color=#fff6ab>升级城镇中心相关主线任务</color>完成后奖励<color=#fff6ab>英雄招募券</color>，前往完成主线任务获取更多英雄招募券。
A47: 44 | B47: 70 | E47: TID_ShowGetGroupData_44_title_CN_Main | F47: 资源升级达到上限 | G47: TID_ShowGetGroupData_44_des_CN_Main | H47: 前往<color=#fff6ab>升级时代</color>可以增加可升级资源点的数量上限。
A48: 45 | B48: 66 | C48: 2063 | D48: 204 | E48: TID_ShowGetGroupData_45_title_CN_Main | F48: 技能点获取 | G48: TID_ShowGetGroupData_45_des_GL_Main | H48: 技能点不足，可以前往<color=#fff6ab>点将台</color>招募，获得更多技能点。
A49: 46 | B49: 74 | E49: TID_ShowGetGroupData_46_title_CN_Main | F49: 建筑等级不足 | G49: TID_ShowGetGroupData_46_des_CN_Main | H49: 建筑等级不足，请先前往升级建筑。
A50: 47 | B50: 25;55 | E50: TID_ShowGetGroupData_15_title_CN_Main | F50: 提升英雄等级 | G50: TID_ShowGetGroupData_15_des_GL_Main | H50: 当前部队出征上限过低，在城外攻打【普通/稀有】蛮族，可以<color=#fff6ab>升级英雄增加带兵量</color>，提高部队出征上限。 | I50: 提升英雄等级
A51: 48 | B51: 75;76 | E51: TID_ShowGetGroupData_48_title_CN_Main | F51: 获取更多坐骑 | G51: TID_ShowGetGroupData_48_des_CN_Main | H51: 坐骑系统功能开启：所有等级超过30级的武将可以在【英雄界面】骑乘坐骑提升作战实力。 坐骑可以通过以下方式获得： 1、前往【荣耀之路】领取 2、前往【军演商店】兑换 3、前往【霸业宝册】完成任务之后领取 4、前往【云游商人】购买
A52: 49 | B52: 77;78 | E52: TID_ShowGetGroupData_49_title_CN_Main | F52: 获取驯马手记 | G52: TID_ShowGetGroupData_49_des_CN_Main | H52: 驯马手记是提升坐骑能力的必要材料，是大部分坐骑升级、突破，装备升级的必要材料。
A53: 50 | B53: 79;80 | E53: TID_ShowGetGroupData_50_title_CN_Main | F53: 获取驯马典籍 | G53: TID_ShowGetGroupData_50_des_CN_Main | H53: 驯马典籍是坐骑突破到下一个阶段的关键材料，进入下一阶段之后坐骑可以获得新的效果词条。
A54: 51 | B54: 82 | E54: TID_ShowGetGroupData_51_title_CN_Main | F54: 获取马铠精铁 | G54: TID_ShowGetGroupData_51_des_CN_Main | H54: 一种常用于为战马打造装备的精铁，是坐骑装备升级必要材料。
A55: 52 | B55: 83;84 | E55: TID_ShowGetGroupData_52_title_CN_Main | F55: 获取战马粮草 | G55: TID_ShowGetGroupData_52_des_CN_Main | H55: 战马粮草常在训练过程中使用，是坐骑升级的必要材料。
A56: 53 | B56: 85 | E56: TID_ShowGetGroupData_53_title_CN_Main | F56: 国望获取 | G56: TID_ShowGetGroupData_53_des_CN_Main | H56: 可以通过占领更多城市和消耗国望券获得国望。 1.各级城市将会额外产出国望，占领更多高级的城市，将会获得更高的国望 2.在国望排行榜中对指定帝国使用国望券，将会增加和减少其国望 3.国望券可通过击杀稀有蛮族和蛮族头目获得
A57: 54 | B57: 86 | E57: TID_ShowGetGroupData_27_title_CN_Main | F57: 上阵更多英雄 | G57: TID_ShowGetGroupData_27_des_CN_Main | H57: 当前部队还<color=#fff6ab存在>空位置可上阵英雄</color>，请前往部队编组<color=#fff6ab>上阵更多英雄</color>。 | I57: 任意2个军团总士兵数达到XXXX名-英雄上阵指引
A58: 55 | B58: 87 | E58: TID_ShowGetGroupData_27_title_CN_Main | F58: 上阵更多英雄 | G58: TID_ShowGetGroupData_27_des_CN_Main | H58: 当前部队还<color=#fff6ab存在>空位置可上阵英雄</color>，请前往部队编组<color=#fff6ab>上阵更多英雄</color>。 | I58: 任意2个军团总士兵数达到XXXX名-英雄上阵指引-直接跳转
A59: 56 | B59: 124;55 | E59: TID_ShowGetGroupData_56_title_CN_Main | F59: 升级主队英雄 | G59: TID_ShowGetGroupData_56_des_GL_Main | H59: 当前主队士兵上限过低，在城外攻打【普通/稀有】蛮族，可<color=#fff6ab>升级英雄增加带兵量</color>，提高所在部队士兵上限。 | I59: 任意2个军团总士兵数达到XXXX名-打田升级优先
A60: 57 | B60: 125;55 | E60: TID_ShowGetGroupData_56_title_CN_Main | F60: 升级主队英雄 | G60: TID_ShowGetGroupData_56_des_GL_Main | H60: 当前主队士兵上限过低，在城外攻打【普通/稀有】蛮族，可<color=#fff6ab>升级英雄增加带兵量</color>，提高所在部队士兵上限。 | I60: 任意2个军团总士兵数达到XXXX名-打田升级优先
A61: 58 | B61: 104;55 | E61: TID_ShowGetGroupData_58_title_CN_Main | F61: 升级副队英雄 | G61: TID_ShowGetGroupData_58_des_GL_Main | H61: 当前副队士兵上限过低，在城外攻打【普通/稀有】蛮族，可<color=#fff6ab>升级英雄增加带兵量</color>，提高所在部队士兵上限。 | I61: 任意2个军团总士兵数达到XXXX名-打野升级优先
A62: 59 | B62: 105;55 | E62: TID_ShowGetGroupData_58_title_CN_Main | F62: 升级副队英雄 | G62: TID_ShowGetGroupData_58_des_GL_Main | H62: 当前副队士兵上限过低，在城外攻打【普通/稀有】蛮族，可<color=#fff6ab>升级英雄增加带兵量</color>，提高所在部队士兵上限。 | I62: 任意2个军团总士兵数达到XXXX名-打野升级优先
A63: 60 | B63: 47;48 | E63: TID_ShowGetGroupData_16_title_CN_Main | F63: 治疗伤兵或训练士兵 | G63: TID_ShowGetGroupData_60_des_CN_Main | H63: 当前拥有士兵数量不足，治疗房舍还存在伤兵，请<color=#fff6ab>治疗或训练更多士兵</color>分别补充到两支部队中。 | I63: 任意2个军团总士兵数达到XXXX名-士兵获取指引
A64: 61 | B64: 48 | E64: TID_ShowGetGroupData_61_title_CN_Main | F64: 训练更多士兵 | G64: TID_ShowGetGroupData_61_des_CN_Main | H64: 当前拥有士兵数量不足，请前往对应兵营<color=#fff6ab>训练更多士兵</color>分别补充到两支部队中。 | I64: 任意2个军团总士兵数达到XXXX名-士兵获取指引
A65: 62 | B65: 55 | E65: TID_ShowGetGroupData_62_title_CN_Main | F65: 国望券获取 | G65: TID_ShowGetGroupData_62_des_CN_Main | H65: 您可以通过击杀<color=#fff6ab>稀有蛮族</color>和<color=#fff6ab>蛮族头目</color>获得大量国望券，其中蛮族头目将于每日的18点至24点出现在帝国的各个角落。
A66: 63 | E66: TID_ShowGetGroupData_63_title_CN_Main | F66: 解锁技能槽位 | G66: TID_ShowGetGroupData_63_des_GL_Main | H66: 英雄等级达到<color=#fff6ab>10级</color>时，自动解锁<color=#fff6ab>【装配技能1】</color>；英雄等级达到<color=#fff6ab>20级</color>时，自动解锁<color=#fff6ab>【装配技能2】</color>。
A67: 64 | B67: 25 | E67: TID_ShowGetGroupData_64_title_CN_Main | F67: 英雄升级 | G67: TID_ShowGetGroupData_64_des_CN_Main | H67: 提升<color=#fff6ab>英雄等级</color>，可以获得<color=#fff6ab>属性值成长和解锁更多天赋</color>，提升英雄带队出征的实力。通过以下行为，英雄可以获得升级所需的<color=#fff6ab>经验值</color>。
A68: 65 | B68: 91 | E68: TID_ShowGetGroupData_65_title_CN_Main | F68: 训练更多剑士 | G68: TID_ShowGetGroupData_65_des_CN_Main | H68: 当前拥有剑士数量不足，推荐您前往剑士营<color=#fff6ab>训练更多剑士</color>，然后<color=#fff6ab>补充到主队或副队</color>之中。 | I68: 任意2个军团总士兵数达到XXXX名-士兵获取指引
A69: 66 | B69: 92 | E69: TID_ShowGetGroupData_66_title_CN_Main | F69: 训练更多枪兵 | G69: TID_ShowGetGroupData_66_des_CN_Main | H69: 当前拥有枪兵数量不足，推荐您前往枪兵营<color=#fff6ab>训练更多枪兵</color>，然后<color=#fff6ab>补充到主队或副队</color>之中。 | I69: 任意2个军团总士兵数达到XXXX名-士兵获取指引
A70: 67 | B70: 93 | E70: TID_ShowGetGroupData_67_title_CN_Main | F70: 训练更多骑士 | G70: TID_ShowGetGroupData_67_des_CN_Main | H70: 当前拥有骑士数量不足，推荐您前往马厩<color=#fff6ab>训练更多骑士</color>，然后<color=#fff6ab>补充到主队或副队</color>之中。 | I70: 任意2个军团总士兵数达到XXXX名-士兵获取指引
A71: 68 | B71: 94 | E71: TID_ShowGetGroupData_68_title_CN_Main | F71: 训练更多弓兵 | G71: TID_ShowGetGroupData_68_des_CN_Main | H71: 当前拥有弓兵数量不足，推荐您前往射箭场<color=#fff6ab>训练更多弓兵</color>，然后<color=#fff6ab>补充到主队或副队</color>之中。 | I71: 任意2个军团总士兵数达到XXXX名-士兵获取指引
A72: 69 | B72: 95 | E72: TID_ShowGetGroupData_69_title_GL_Main | F72: 训练更多特殊兵种 | G72: TID_ShowGetGroupData_69_des_GL_Main | H72: 当前拥有特殊兵种数量不足，请前往对应兵营<color=#fff6ab>训练更多特殊兵种</color>分别补充到两支部队中。 | I72: 任意2个军团总士兵数达到XXXX名-士兵获取指引
A73: 70 | B73: 56 | E73: TID_ShowGetGroupData_70_title_CN_Main | F73: 获得更多治疗加速 | G73: TID_ShowGetGroupData_70_des_CN_Main | H73: 当前治疗加速不足，升级治疗房舍等级可以提高治疗加速获取速度
A74: 71 | B74: 111 | E74: TID_ShowGetGroupData_71_title_CN_Main | F74: 获得更多生铁 | G74: TID_ShowGetGroupData_71_des_CN_Main | H74: 当材料不足时，可以通过帝国委托获得更多生铁
A75: 72 | B75: 111 | E75: TID_ShowGetGroupData_72_title_CN_Main | F75: 获得更多琉璃 | G75: TID_ShowGetGroupData_72_des_CN_Main | H75: 当材料不足时，可以通过帝国委托获得更多琉璃
A76: 73 | B76: 111 | E76: TID_ShowGetGroupData_73_title_CN_Main | F76: 获得更多紫铜 | G76: TID_ShowGetGroupData_73_des_CN_Main | H76: 当材料不足时，可以通过帝国委托获得更多紫铜
A77: 74 | B77: 111 | E77: TID_ShowGetGroupData_74_title_CN_Main | F77: 获得更多玉髓 | G77: TID_ShowGetGroupData_74_des_CN_Main | H77: 当材料不足时，可以通过帝国委托获得更多玉髓
A78: 75 | B78: 111 | E78: TID_ShowGetGroupData_75_title_CN_Main | F78: 获得更多赤金 | G78: TID_ShowGetGroupData_75_des_CN_Main | H78: 当材料不足时，可以通过帝国委托获得更多赤金
A79: 76 | B79: 111 | E79: TID_ShowGetGroupData_76_title_CN_Main | F79: 获得更多陨钢 | G79: TID_ShowGetGroupData_76_des_CN_Main | H79: 当材料不足时，可以通过帝国委托获得更多陨钢
A80: 77 | B80: 54 | E80: TID_ShowGetGroupData_41_title_CN_Main | F80: 铜币不足 | G80: TID_ShowGetGroupData_41_des_CN_Main | H80: 前往<color=#fff6ab>城镇中心征税</color>可以快速获得大量铜币。
A81: 78 | B81: 112 | E81: TID_ShowGetGroupData_78_title_CN_Main | F81: 凤鸣宝玉获取 | G81: TID_ShowGetGroupData_78_des_CN_Main | H81: 当前拥有凤鸣宝玉数量不足，可以前往【商城】<color=#fff6ab>凤鸣九天</color>活动获取。
A82: 79 | B82: 113 | E82: TID_ShowGetGroupData_79_title_CN_Main | F82: 联盟资源不足 | G82: TID_ShowGetGroupData_79_des_CN_Main | H82: 当前联盟资源不足，无法建造该建筑！
A83: 80 | B83: 116 | E83: TID_ShowGetGroupData_80_title_CN_Main | F83: 兑换道具不足 | G83: TID_ShowGetGroupData_80_des_CN_Main | H83: 当前可兑换道具不足，可以前往里程碑任务页面获取
A84: 81 | B84: 117 | E84: TID_ShowGetGroupData_81_title_CN_Main | F84: 解锁道具不足 | G84: TID_ShowGetGroupData_81_des_CN_Main | H84: 当前奇迹解锁道具不足，完成<color=#fff6ab>日常任务</color>解锁宝箱获取<color=#fff6ab>探索笔记</color>
A85: 82 | B85: 118 | E85: TID_ShowGetGroupData_82_title_CN_Main | F85: 获得英雄和技能 | G85: TID_ShowGetGroupData_82_des_CN_Main | H85: 前往<color=#fff6ab>点将台</color>可招募更多英雄，通过<color=#fff6ab>每日签到、群英荟萃</color>等活动也可以获得许多强力英雄和技能。
A86: 83 | E86: TID_ShowGetGroupData_83_title_CN_Main | F86: 获得更多信物 | G86: TID_ShowGetGroupData_83_des_GL_Main | H86: 通过招募或商城购买获得勋章，勋章可以用于【解锁对应英雄或技能】。
A87: 84 | B87: 13;55 | E87: TID_ShowGetGroupData_83_title_CN_Main | F87: 地图碎片获取 | G87: TID_ShowGetGroupData_84_des_CN_Main | H87: 前往攻打蛮族，获取地图碎片！
A88: 85 | B88: 120 | E88: TID_ShowGetGroupData_85_title_CN_Main | F88: 获取天启密令 | G88: TID_ShowGetGroupData_85_des_CN_Main | H88: 收集天启密令可以在活动界面提交，为联盟提供进度，捕获天启统帅！
A89: 86 | B89: 117 | E89: TID_ShowGetGroupData_81_title_CN_Main | F89: 解锁道具不足 | G89: TID_ShowGetGroupData_86_des_CN_Main | H89: 当前奇迹解锁道具不足，可以参与下列活动获取解锁道具： 1、探索笔记：完成每日任务领取宝箱 2、奇迹印象点数：参与奇迹争夺
A90: 87 | B90: 122 | E90: TID_ShowGetGroupData_14_title_CN_Main | F90: 获取更多信物 | G90: TID_ShowGetGroupData_87_des_CN_Main | H90: 获得<color=#fff6ab>重复【英雄或技能】</color>时会转化成信物。<color=#4fad6d>【优良信物】</color>或<color=#5f88dc>【稀有信物】</color>可以用来【分解技能点】，<color=#be78d8>【史诗信物】</color>或<color=#f1791c>【传说信物】</color>可以用来【进阶英雄】或【激活英雄天赋】。
A91: 88 | E91: TID_ShowGetGroupData_88_title_CN_Main | F91: 奇迹碎片不足 | G91: TID_ShowGetGroupData_88_des_CN_Main | H91: 参与<color=#fff6ab>奇迹争夺</color>获得大量奇迹碎片。
A92: 89 | B92: 126 | E92: TID_ShowGetGroupData_89_title_CN_Main | F92: 传奇英杰招募券不足 | G92: TID_ShowGetGroupData_89_des_CN_Main | H92: 在传奇殿堂界面中消耗<color=#fff6ab>传说信物</color>兑换更多招募券。
A93: 90 | B93: 1057 | C93: 4009 | E93: TID_ShowGetGroupData_90_title_CN_Main | F93: 奇迹碎片获取 | G93: TID_ShowGetGroupData_88_des_CN_Main | H93: 参与<color=#fff6ab>奇迹争夺</color>获得大量奇迹碎片。
A94: 91 | E94: TID_ShowGetGroupData_91_title_GL_Main | F94: 解锁装配技能 | G94: TID_ShowGetGroupData_63_des_GL_Main | H94: 英雄等级达到<color=#fff6ab>5级</color>时，可解锁<color=#fff6ab>【装配技能1】</color>；英雄在<color=#fff6ab>20级</color>后激活<color=#fff6ab>【天赋II-技能修行】</color>，同时<color=#fff6ab>英雄固有技能达到10级</color>，可解锁<color=#fff6ab>【装配技能2】</color>；装配技能解锁后，可以通过后天学习更换为其他技能。
A95: 92 | E95: TID_ShowGetGroupData_92_title_CN_Main | F95: 解锁战斗风格 | G95: TID_ShowGetGroupData_92_des_GL_Main | H95: 英雄在<color=#fff6ab>25级</color>后，激活<color=#fff6ab>【天赋III】</color>可解锁<color=#fff6ab>军事专精加成</color>。
A96: 93 | B96: 130 | E96: TID_ShowGetGroupData_93_title_CN_Main | F96: 获取挂饰打造图纸 | G96: TID_ShowGetGroupData_93_des_CN_Main | H96: 尚未获得挂饰打造图纸，请关注相关活动开启。
A97: 94 | B97: 130 | E97: TID_ShowGetGroupData_94_title_CN_Main | F97: 获取祈福物 | G97: TID_ShowGetGroupData_94_des_CN_Main | H97: 尚未获得祈福物，请关注相关活动开启。
A98: 95 | B98: 130 | E98: TID_ShowGetGroupData_95_title_CN_Main | F98: 获取精工图纸 | G98: TID_ShowGetGroupData_95_des_CN_Main | H98: 尚未获得精工图纸，请关注相关活动开启。
A99: 96 | B99: 21 | E99: TID_ShowGetGroupData_96_title_CN_Main | F99: 获取藏品 | G99: TID_ShowGetGroupData_96_des_CN_Main | H99: 探险队完成特定事件可以获得<color=#fff6ab>【藏宝图】</color>，通过<color=#fff6ab>【藏宝图】</color>的指引，可以定位并挖掘到珍贵的<color=#fff6ab>藏品部件</color>。收集足够的藏品部件后即可进行藏品修复，获得完整的<color=#fff6ab>藏品</color>
A100: 97 | B100: 8;21 | E100: TID_ShowGetGroupData_97_title_CN_Main | F100: 获取内政官传记 | G100: TID_ShowGetGroupData_97_des_CN_Main | H100: 通过<color=#fff6ab>旅店寻访、完成探险事件</color>等途径可以获得更多内政官传记。
...

Sheet 获取途径配置
A1: convert(ResShowGet.proto, table_ShowGetData,ShowGetData.pbin)
A2: id | B2: 描述标题 | C2: 描述标题 | D2: 描述文本 | E2: 描述文本 | F2: 界面跳转id | G2: 跳转关联文本 | H2: 跳转ID | I2: icon所属图集名 | J2: icon名称 | K2: 功能解锁 | N2: 备注（策划用）
A3: id | B3: title | D3: desc | F3: JumpToId | I3: atlasName | J3: spriteName | K3: unLockEnum | L3: bgIndex | M3: redKey
A4: 1 | B4: TID_ShowGetData_1_title_CN_Main | C4: 充值 | D4: TID_ShowGetData_1_desc_CN_Main | E4: 前往充值 | F4: 336 | H4: =IF(G4="","",VLOOKUP(G4,[1]界面跳转!$I:$J,2,FALSE)) | I4: icon_task | J4: icon_task_p3_05
A5: 2 | B5: TID_ShowGetData_2_title_CN_Main | C5: 贵族积分 | D5: TID_ShowGetData_2_desc_CN_Main | E5: 前往使用贵族积分道具 | F5: 338 | H5: =IF(G5="","",VLOOKUP(G5,[1]界面跳转!$I:$J,2,FALSE)) | I5: icon_task | J5: icon_task_p3_05
A6: 3 | B6: TID_ShowGetData_3_title_CN_Main | C6: 签到 | D6: TID_ShowGetData_3_desc_CN_Main | E6: 前往签到获取 | F6: 1008 | H6: =IF(G6="","",VLOOKUP(G6,[1]界面跳转!$I:$J,2,FALSE)) | I6: icon_task | J6: icon_task_p3_05
A7: 4 | B7: TID_ShowGetData_16_title_CN_Main | C7: 内政官寻访 | D7: TID_ShowGetData_16_desc_CN_Main | E7: 前往旅店进行<color=#fff6ab>【内政官寻访】</color> | F7: 7074 | H7: =IF(G7="","",VLOOKUP(G7,[1]界面跳转!$I:$J,2,FALSE)) | I7: icon_task | J7: icon_task_p3_05 | K7: 内城酒馆建筑
A8: 5 | B8: TID_ShowGetData_5_title_CN_Main | C8: 市集兑换 | D8: TID_ShowGetData_5_desc_CN_Main | E8: 在市集建筑查看<color=#fff6ab>【兑换商店】</color> | F8: 1011 | H8: =IF(G8="","",VLOOKUP(G8,[1]界面跳转!$I:$J,2,FALSE)) | I8: icon_task | J8: icon_task_p3_05
A9: 6 | B9: TID_ShowGetData_6_title_CN_Main | C9: 内政官寻访 | D9: TID_ShowGetData_6_desc_CN_Main | E9: 在旅店建筑进行<color=#fff6ab>【内政官寻访】</color> | F9: 7074 | H9: =IF(G9="","",VLOOKUP(G9,[1]界面跳转!$I:$J,2,FALSE)) | I9: icon_task | J9: icon_task_p3_05 | K9: 内城酒馆建筑
A10: 7 | B10: TID_ShowGetData_5_title_CN_Main | C10: 市集兑换 | D10: TID_ShowGetData_5_desc_CN_Main | E10: 在市集建筑查看<color=#fff6ab>【兑换商店】</color> | F10: 1011 | H10: =IF(G10="","",VLOOKUP(G10,[1]界面跳转!$I:$J,2,FALSE)) | I10: icon_task | J10: icon_task_p3_05
A11: 8 | B11: TID_ShowGetData_6_title_CN_Main | C11: 内政官寻访 | D11: TID_ShowGetData_6_desc_CN_Main | E11: 在旅店建筑进行<color=#fff6ab>【内政官寻访】</color> | F11: =H11 -> 7074 | G11: 跳转到旅店【内政官寻访】菜单按钮 | H11: 7074 | I11: icon_task | J11: icon_task_p3_05 | K11: 内城酒馆建筑
A12: 9 | B12: TID_ShowGetData_5_title_CN_Main | C12: 市集兑换 | D12: TID_ShowGetData_5_desc_CN_Main | E12: 在市集建筑查看<color=#fff6ab>【兑换商店】</color> | F12: =H12 -> 7060 | G12: 跳转到市集【资源兑换】菜单按钮 | H12: =IF(G12="","",VLOOKUP(G12,[1]界面跳转!$I:$J,2,FALSE)) -> 7060 | I12: icon_task | J12: icon_task_p3_05
A13: 10 | B13: TID_ShowGetData_10_title_CN_Main | C13: 点将台 | D13: TID_ShowGetData_10_desc_CN_Main | E13: 前往点将台召唤英雄 | F13: =H13 | H13: =IF(G13="","",VLOOKUP(G13,[1]界面跳转!$I:$J,2,FALSE)) | I13: icon_task | J13: icon_task_p3_05
A14: 11 | B14: TID_ShowGetData_104_title_CN_Main | C14: 普通蛮族 | D14: TID_ShowGetData_104_desc_CN_Main | E14: 城外清剿<color=#fff6ab>普通</color>【蛮族部队】 | F14: =H14 -> 7569 | G14: 跳转到城外【可打下一等级】野怪进攻按钮 | H14: =IF(G14="","",VLOOKUP(G14,[1]界面跳转!$I:$J,2,FALSE)) -> 7569 | I14: icon_task | J14: icon_task_p3_05 | K14: 主界面功能功能【出城按钮】
A15: 12 | B15: TID_ShowGetData_10_title_CN_Main | C15: 点将台 | D15: TID_ShowGetData_10_desc_CN_Main | E15: 前往点将台召唤英雄 | F15: =H15 | H15: =IF(G15="","",VLOOKUP(G15,[1]界面跳转!$I:$J,2,FALSE)) | I15: icon_task | J15: icon_task_p3_05
A16: 13 | B16: TID_ShowGetData_104_title_CN_Main | C16: 普通蛮族 | D16: TID_ShowGetData_104_desc_CN_Main | E16: 城外清剿<color=#fff6ab>普通</color>【蛮族部队】 | F16: =H16 -> 7254 | G16: 跳转到城外【可打最高级】野怪进攻按钮 | H16: =IF(G16="","",VLOOKUP(G16,[1]界面跳转!$I:$J,2,FALSE)) -> 7254 | I16: icon_task | J16: icon_task_p3_05 | K16: 主界面功能功能【出城按钮】
A17: 14 | B17: TID_ShowGetData_14_title_CN_Main | C17: 商城 | D17: TID_ShowGetData_14_desc_CN_Main | E17: 前往商城购买 | F17: =H17 | H17: =IF(G17="","",VLOOKUP(G17,[1]界面跳转!$I:$J,2,FALSE)) | I17: icon_task | J17: icon_task_p3_05
A18: 15 | B18: TID_ShowGetData_15_title_CN_Main | C18: 居民房舍 | D18: TID_ShowGetData_15_desc_CN_Main | E18: 升级居民房舍增加人口上限 | F18: =H18 -> 6202 | G18: 跳转到【居民房舍】直接打开升级界面 | H18: =IF(G18="","",VLOOKUP(G18,[1]界面跳转!$I:$J,2,FALSE)) -> 6202 | I18: icon_task | J18: icon_task_p3_05
A19: 16 | B19: TID_ShowGetData_16_title_CN_Main | C19: 内政官寻访 | D19: TID_ShowGetData_16_desc_CN_Main | E19: 前往旅店进行<color=#fff6ab>【内政官寻访】</color> | F19: =H19 -> 5041 | G19: 直接跳转-旅店-寻访界面 | H19: =IF(G19="","",VLOOKUP(G19,[1]界面跳转!$I:$J,2,FALSE)) -> 5041 | I19: icon_task | J19: icon_task_p3_05 | K19: 内城酒馆建筑
A20: 17 | B20: TID_ShowGetData_17_title_CN_Main | C20: 内政官培养 | D20: TID_ShowGetData_17_desc_CN_Main | E20: 前往<color=#fff6ab>【内政官培养】</color> | F20: 5053 | G20: 直接跳转-旅店-名人列表界面 | H20: =IF(G20="","",VLOOKUP(G20,[1]界面跳转!$I:$J,2,FALSE)) -> 5042 | I20: icon_task | J20: icon_task_p3_05 | K20: 主界面核心系统【内政官】
A21: 18 | B21: TID_ShowGetData_14_title_CN_Main | C21: 商城 | D21: TID_ShowGetData_14_desc_CN_Main | E21: 前往商城购买 | F21: =H21 | H21: =IF(G21="","",VLOOKUP(G21,[1]界面跳转!$I:$J,2,FALSE)) | I21: icon_task | J21: icon_task_p3_05
A22: 19 | B22: TID_ShowGetData_19_title_CN_Main | C22: 蛮族部队 | D22: TID_ShowGetData_19_desc_CN_Main | E22: 打败蛮族部队有概率获得 | F22: =H22 | H22: =IF(G22="","",VLOOKUP(G22,[1]界面跳转!$I:$J,2,FALSE)) | I22: icon_task | J22: icon_task_p3_05
A23: 20 | B23: TID_ShowGetData_20_title_CN_Main | C23: 训练村民 | D23: TID_ShowGetData_20_desc_CN_Main | E23: 前往城镇中心训练村民 | F23: =H23 -> 7002 | G23: 跳转到城镇中心【训练村民】菜单按钮 | H23: =IF(G23="","",VLOOKUP(G23,[1]界面跳转!$I:$J,2,FALSE)) -> 7002 | I23: icon_task | J23: icon_task_p3_05
A24: 21 | B24: TID_ShowGetData_21_title_CN_Main | C24: 内政官探险 | D24: TID_ShowGetData_21_desc_CN_Main | E24: 前往探险玩法完成<color=#fff6ab>【探险事件】</color> | F24: =H24 -> 3018 | G24: 直接跳转-冒险 | H24: =IF(G24="","",VLOOKUP(G24,[1]界面跳转!$I:$J,2,FALSE)) -> 3018 | I24: icon_task | J24: icon_task_p3_05 | K24: 主界面核心系统【探险】
A25: 22 | B25: TID_ShowGetData_22_title_CN_Main | C25: 点将台 | D25: TID_ShowGetData_22_desc_CN_Main | E25: 前往点将台招募英雄 | F25: =H25 | H25: =IF(G25="","",VLOOKUP(G25,[1]界面跳转!$I:$J,2,FALSE)) | I25: icon_task | J25: icon_task_p3_05
A26: 23 | B26: TID_ShowGetData_104_title_CN_Main | C26: 普通蛮族 | D26: TID_ShowGetData_104_desc_CN_Main | E26: 城外清剿<color=#fff6ab>普通</color>【蛮族部队】 | F26: =H26 -> 7254 | G26: 跳转到城外【可打最高级】野怪进攻按钮 | H26: =IF(G26="","",VLOOKUP(G26,[1]界面跳转!$I:$J,2,FALSE)) -> 7254 | I26: icon_task | J26: icon_task_p3_05 | K26: 主界面功能功能【出城按钮】
A27: 24 | B27: TID_ShowGetData_24_title_CN_Main | C27: 资源点 | D27: TID_ShowGetData_24_desc_CN_Main | E27: 城外攻占更多<color=#fff6ab>【资源点】</color> | F27: =H27 -> 7253 | G27: 跳转到当前可攻打最高级【任意】资源点攻占按钮 | H27: =IF(G27="","",VLOOKUP(G27,[1]界面跳转!$I:$J,2,FALSE)) -> 7253 | I27: icon_task | J27: icon_task_p3_05 | K27: 主界面功能功能【出城按钮】
A28: 25 | B28: TID_ShowGetData_104_title_CN_Main | C28: 普通蛮族 | D28: TID_ShowGetData_104_desc_CN_Main | E28: 城外清剿<color=#fff6ab>普通</color>【蛮族部队】 | F28: =H28 -> 7254 | G28: 跳转到城外【可打最高级】野怪进攻按钮 | H28: =IF(G28="","",VLOOKUP(G28,[1]界面跳转!$I:$J,2,FALSE)) -> 7254 | I28: icon_task | J28: icon_task_p3_05 | K28: 主界面功能功能【出城按钮】
A29: 26 | B29: TID_ShowGetData_21_title_CN_Main | C29: 内政官探险 | D29: TID_ShowGetData_21_desc_CN_Main | E29: 前往探险玩法完成<color=#fff6ab>【探险事件】</color> | F29: =H29 -> 3018 | G29: 直接跳转-冒险 | H29: =IF(G29="","",VLOOKUP(G29,[1]界面跳转!$I:$J,2,FALSE)) -> 3018 | I29: icon_task | J29: icon_task_p3_05 | K29: 主界面核心系统【探险】
A30: 27 | B30: TID_ShowGetData_27_title_CN_Main | C30: 繁荣度 | D30: TID_ShowGetData_27_desc_CN_Main | E30: 前往打开<color=#fff6ab>【繁荣度】</color>界面 | F30: =H30 -> 7120 | G30: 跳转到主界面【繁荣度】入口 | H30: =IF(G30="","",VLOOKUP(G30,[1]界面跳转!$I:$J,2,FALSE)) -> 7120 | I30: icon_task | J30: icon_task_p3_05
A31: 28 | B31: TID_ShowGetData_28_title_CN_Main | C31: 食物资源点 | D31: TID_ShowGetData_28_desc_CN_Main | E31: 城外采集<color=#fff6ab>【食物资源点】</color> | F31: =H31 -> 7250 | G31: 跳转到当前可攻打最高级【食物】资源点攻占按钮 | H31: =IF(G31="","",VLOOKUP(G31,[1]界面跳转!$I:$J,2,FALSE)) -> 7250 | I31: icon_task | J31: icon_task_p3_05 | K31: 主界面功能功能【出城按钮】
A32: 29 | B32: TID_ShowGetData_29_title_CN_Main | C32: 木材资源点 | D32: TID_ShowGetData_29_desc_CN_Main | E32: 城外采集<color=#fff6ab>【木材资源点】</color> | F32: =H32 -> 7249 | G32: 跳转到当前可攻打最高级【木材】资源点攻占按钮 | H32: =IF(G32="","",VLOOKUP(G32,[1]界面跳转!$I:$J,2,FALSE)) -> 7249 | I32: icon_task | J32: icon_task_p3_05 | K32: 主界面功能功能【出城按钮】
A33: 30 | B33: TID_ShowGetData_30_title_CN_Main | C33: 石头资源点 | D33: TID_ShowGetData_30_desc_CN_Main | E33: 城外采集<color=#fff6ab>【石头资源点】</color> | F33: =H33 -> 7251 | G33: 跳转到当前可攻打最高级【石材】资源点攻占按钮 | H33: =IF(G33="","",VLOOKUP(G33,[1]界面跳转!$I:$J,2,FALSE)) -> 7251 | I33: icon_task | J33: icon_task_p3_05 | K33: 主界面功能功能【出城按钮】
A34: 31 | B34: TID_ShowGetData_31_title_CN_Main | C34: 黄金资源点 | D34: TID_ShowGetData_31_desc_CN_Main | E34: 城外采集<color=#fff6ab>【黄金资源点】</color> | F34: =H34 -> 7252 | G34: 跳转到当前可攻打最高级【黄金】资源点攻占按钮 | H34: =IF(G34="","",VLOOKUP(G34,[1]界面跳转!$I:$J,2,FALSE)) -> 7252 | I34: icon_task | J34: icon_task_p3_05 | K34: 主界面功能功能【出城按钮】
A35: 32 | B35: TID_ShowGetData_32_title_CN_Main | C35: 磨坊 | D35: TID_ShowGetData_32_desc_CN_Main | E35: 城内升级资源建筑<color=#fff6ab>【磨坊】</color> | F35: =H35 -> 6203 | G35: 跳转到【磨坊】直接打开升级界面 | H35: =IF(G35="","",VLOOKUP(G35,[1]界面跳转!$I:$J,2,FALSE)) -> 6203 | I35: icon_task | J35: icon_task_p3_05
A36: 33 | B36: TID_ShowGetData_33_title_CN_Main | C36: 伐木场 | D36: TID_ShowGetData_33_desc_CN_Main | E36: 城内升级资源建筑<color=#fff6ab>【伐木场】</color> | F36: =H36 -> 6204 | G36: 跳转到【伐木场】直接打开升级界面 | H36: =IF(G36="","",VLOOKUP(G36,[1]界面跳转!$I:$J,2,FALSE)) -> 6204 | I36: icon_task | J36: icon_task_p3_05
A37: 34 | B37: TID_ShowGetData_34_title_CN_Main | C37: 石矿场 | D37: TID_ShowGetData_34_desc_CN_Main | E37: 城内升级资源建筑<color=#fff6ab>【石矿场】</color> | F37: =H37 -> 6205 | G37: 跳转到【石矿场】直接打开升级界面 | H37: =IF(G37="","",VLOOKUP(G37,[1]界面跳转!$I:$J,2,FALSE)) -> 6205 | I37: icon_task | J37: icon_task_p3_05
A38: 35 | B38: TID_ShowGetData_35_title_CN_Main | C38: 金矿场 | D38: TID_ShowGetData_35_desc_CN_Main | E38: 城内升级资源建筑<color=#fff6ab>【金矿场】</color> | F38: =H38 -> 6234 | G38: 跳转到【金矿场】直接打开升级界面 | H38: =IF(G38="","",VLOOKUP(G38,[1]界面跳转!$I:$J,2,FALSE)) -> 6234 | I38: icon_task | J38: icon_task_p3_05
A39: 36 | B39: TID_ShowGetData_36_title_GL_Main | C39: 君主天赋 | D39: TID_ShowGetData_36_desc_GL_Main | E39: 前往激活相关<color=#fff6ab>【君主天赋】</color> | F39: =H39 -> 7113 | G39: 跳转到主界面【发展战略】按钮 | H39: =IF(G39="","",VLOOKUP(G39,[1]界面跳转!$I:$J,2,FALSE)) -> 7113 | I39: icon_task | J39: icon_task_p3_05 | K39: 主界面核心系统【发展方略】
A40: 37 | B40: TID_ShowGetData_37_title_GL_Main | C40: 经济系科技 | D40: TID_ShowGetData_37_desc_GL_Main | E40: 前往城堡研究<color=#fff6ab>【经济系科技】</color> | F40: =H40 -> 7030 | G40: 跳转到学院【研究科技】菜单按钮 | H40: =IF(G40="","",VLOOKUP(G40,[1]界面跳转!$I:$J,2,FALSE)) -> 7030 | I40: icon_task | J40: icon_task_p3_05 | K40: 内城学院建筑
A41: 38 | B41: TID_ShowGetData_38_title_CN_Main | C41: 内政官委任 | D41: TID_ShowGetData_38_desc_CN_Main | E41: 前往委任<color=#fff6ab>【内政官】</color>提升产量 | F41: =H41 -> 7592 | G41: 跳转到主界面【内政官】按钮 | H41: =IF(G41="","",VLOOKUP(G41,[1]界面跳转!$I:$J,2,FALSE)) -> 7592 | I41: icon_task | J41: icon_task_p3_05 | K41: 主界面核心系统【内政官】
A42: 39 | B42: TID_ShowGetData_39_title_CN_Main | C42: 木材采集 | D42: TID_ShowGetData_39_desc_CN_Main | E42: 城外已占领木材资源点进行<color=#fff6ab>【采集】</color> | F42: =H42 -> 7144 | G42: 跳转到当前占领最高级【木材】资源点采集按钮 | H42: =IF(G42="","",VLOOKUP(G42,[1]界面跳转!$I:$J,2,FALSE)) -> 7144 | I42: icon_task | J42: icon_task_p3_05 | K42: 外城资源田按钮【采集】
A43: 40 | B43: TID_ShowGetData_40_title_CN_Main | C43: 食物采集 | D43: TID_ShowGetData_40_desc_CN_Main | E43: 城外已占领食物资源点进行<color=#fff6ab>【采集】</color> | F43: =H43 -> 7145 | G43: 跳转到当前占领最高级【食物】资源点采集按钮 | H43: =IF(G43="","",VLOOKUP(G43,[1]界面跳转!$I:$J,2,FALSE)) -> 7145 | I43: icon_task | J43: icon_task_p3_05 | K43: 外城资源田按钮【采集】
A44: 41 | B44: TID_ShowGetData_41_title_CN_Main | C44: 石矿采集 | D44: TID_ShowGetData_41_desc_CN_Main | E44: 城外已占领石矿资源点进行<color=#fff6ab>【采集】</color> | F44: =H44 -> 7146 | G44: 跳转到当前占领最高级【石材】资源点采集按钮 | H44: =IF(G44="","",VLOOKUP(G44,[1]界面跳转!$I:$J,2,FALSE)) -> 7146 | I44: icon_task | J44: icon_task_p3_05 | K44: 外城资源田按钮【采集】
A45: 42 | B45: TID_ShowGetData_42_title_CN_Main | C45: 黄金采集 | D45: TID_ShowGetData_42_desc_CN_Main | E45: 城外已占领黄金资源点进行<color=#fff6ab>【采集】</color> | F45: =H45 -> 7147 | G45: 跳转到当前占领最高级【黄金】资源点采集按钮 | H45: =IF(G45="","",VLOOKUP(G45,[1]界面跳转!$I:$J,2,FALSE)) -> 7147 | I45: icon_task | J45: icon_task_p3_05 | K45: 外城资源田按钮【采集】
A46: 43 | B46: TID_ShowGetData_43_title_CN_Main | C46: 木材兑换 | D46: TID_ShowGetData_43_desc_CN_Main | E46: 前往市集进行<color=#fff6ab>【木材资源兑换】</color> | F46: =H46 -> 7060 | G46: 跳转到市集【资源兑换】菜单按钮 | H46: =IF(G46="","",VLOOKUP(G46,[1]界面跳转!$I:$J,2,FALSE)) -> 7060 | I46: icon_task | J46: icon_task_p3_05 | K46: 内城市集建筑
A47: 44 | B47: TID_ShowGetData_44_title_CN_Main | C47: 石头兑换 | D47: TID_ShowGetData_44_desc_CN_Main | E47: 前往市集进行<color=#fff6ab>【石头资源兑换】</color> | F47: =H47 -> 7060 | G47: 跳转到市集【资源兑换】菜单按钮 | H47: =IF(G47="","",VLOOKUP(G47,[1]界面跳转!$I:$J,2,FALSE)) -> 7060 | I47: icon_task | J47: icon_task_p3_05 | K47: 内城市集建筑
A48: 45 | B48: TID_ShowGetData_45_title_CN_Main | C48: 黄金兑换 | D48: TID_ShowGetData_45_desc_CN_Main | E48: 前往市集进行<color=#fff6ab>【黄金资源兑换】</color> | F48: =H48 -> 7060 | G48: 跳转到市集【资源兑换】菜单按钮 | H48: =IF(G48="","",VLOOKUP(G48,[1]界面跳转!$I:$J,2,FALSE)) -> 7060 | I48: icon_task | J48: icon_task_p3_05 | K48: 内城市集建筑
A49: 46 | B49: TID_ShowGetData_46_title_CN_Main | C49: 上阵英雄 | D49: TID_ShowGetData_46_desc_CN_Main | E49: 前往部队编组<color=#fff6ab>【上阵英雄】</color> | F49: =H49 -> 7108 | G49: 跳转到主界面【编队】按钮 | H49: =IF(G49="","",VLOOKUP(G49,[1]界面跳转!$I:$J,2,FALSE)) -> 7108 | I49: icon_task | J49: icon_task_p3_05
A50: 47 | B50: TID_ShowGetData_47_title_CN_Main | C50: 治疗伤兵 | D50: TID_ShowGetData_47_desc_CN_Main | E50: 前往治疗房舍<color=#fff6ab>【治疗伤兵】</color> | F50: =H50 -> 7042 | G50: 跳转到治疗房舍【治疗】菜单按钮 | H50: =IF(G50="","",VLOOKUP(G50,[1]界面跳转!$I:$J,2,FALSE)) -> 7042 | I50: icon_task | J50: icon_task_p3_05 | K50: 内城治疗房舍建筑
A51: 48 | B51: TID_ShowGetData_48_title_CN_Main | C51: 训练士兵 | D51: TID_ShowGetData_48_desc_CN_Main | E51: 前往兵营建筑<color=#fff6ab>【训练更多士兵】</color> | F51: =H51 -> 7328 | G51: 跳转到当前士兵总数最多兵营建筑【训练】展开菜单 | H51: =IF(G51="","",VLOOKUP(G51,[1]界面跳转!$I:$J,2,FALSE)) -> 7328 | I51: icon_task | J51: icon_task_p3_05
A52: 49 | B52: TID_ShowGetData_49_title_CN_Main | C52: 晋升爵位 | D52: TID_ShowGetData_49_desc_CN_Main | E52: 前往剧情任务<color=#fff6ab>【晋升爵位】</color> | F52: =H52 -> 7329 | G52: 跳转到任务界面【剧情任务】 | H52: =IF(G52="","",VLOOKUP(G52,[1]界面跳转!$I:$J,2,FALSE)) -> 7329 | I52: icon_task | J52: icon_task_p3_05
A53: 50 | B53: TID_ShowGetData_50_title_CN_Main | C53: 发展方略 | D53: TID_ShowGetData_50_desc_CN_Main | E53: 前往激活<color=#fff6ab>【发展方略】</color> | F53: =H53 -> 7381 | G53: 跳转到发展方略界面文化改良【英雄理财】 | H53: =IF(G53="","",VLOOKUP(G53,[1]界面跳转!$I:$J,2,FALSE)) -> 7381 | I53: icon_task | J53: icon_task_p3_05 | K53: 主界面核心系统【发展方略】
A54: 51 | B54: TID_ShowGetData_51_title_CN_Main | C54: 研究科技 | D54: TID_ShowGetData_51_desc_CN_Main | E54: 前往学院<color=#fff6ab>【研究科技】</color> | F54: =H54 -> 5148 | G54: 跳转到科技界面【铜币生产】科技 | H54: =IF(G54="","",VLOOKUP(G54,[1]界面跳转!$I:$J,2,FALSE)) -> 5148 | I54: icon_task | J54: icon_task_p3_05 | K54: 内城学院建筑
A55: 52 | B55: TID_ShowGetData_52_title_CN_Main | C55: 捕鱼 | D55: TID_ShowGetData_52_desc_CN_Main | E55: 前往码头进行<color=#fff6ab>【捕鱼】</color> | F55: =H55 -> 7038 | G55: 跳转到码头【捕鱼】菜单按钮 | H55: =IF(G55="","",VLOOKUP(G55,[1]界面跳转!$I:$J,2,FALSE)) -> 7038 | I55: icon_task | J55: icon_task_p3_05 | K55: 内城码头建筑
A56: 53 | B56: TID_ShowGetData_53_title_CN_Main | C56: 居民房舍 | D56: TID_ShowGetData_53_desc_CN_Main | E56: 前往升级<color=#fff6ab>【居民房舍】</color> | F56: =H56 -> 6202 | G56: 跳转到【居民房舍】直接打开升级界面 | H56: =IF(G56="","",VLOOKUP(G56,[1]界面跳转!$I:$J,2,FALSE)) -> 6202 | I56: icon_task | J56: icon_task_p3_05
A57: 54 | B57: TID_ShowGetData_54_title_CN_Main | C57: 征税 | D57: TID_ShowGetData_54_desc_CN_Main | E57: 前往城镇中心<color=#fff6ab>【征税】</color> | F57: =H57 -> 7005 | G57: 跳转到城镇中心【征税】菜单按钮 | H57: =IF(G57="","",VLOOKUP(G57,[1]界面跳转!$I:$J,2,FALSE)) -> 7005 | I57: icon_task | J57: icon_task_p3_05 | K57: 内城城镇中心按钮【征税】
A58: 55 | B58: TID_ShowGetData_55_title_CN_Main | C58: 稀有蛮族 | D58: TID_ShowGetData_55_desc_CN_Main | E58: 城外清剿<color=#fff6ab>稀有</color>【蛮族部队】 | F58: =H58 -> 390 | G58: 跳转到城外搜索界面【蛮族】选项 | H58: =IF(G58="","",VLOOKUP(G58,[1]界面跳转!$I:$J,2,FALSE)) -> 390 | I58: icon_task | J58: icon_task_p3_05 | K58: 主界面功能功能【出城按钮】
A59: 56 | B59: TID_ShowGetData_56_title_CN_Main | C59: 治疗房舍 | D59: TID_ShowGetData_56_desc_CN_Main | E59: 前往升级<color=#fff6ab>【治疗房舍】</color> | F59: =H59 -> 6222 | G59: 跳转到【治疗房舍】直接打开升级界面 | H59: =IF(G59="","",VLOOKUP(G59,[1]界面跳转!$I:$J,2,FALSE)) -> 6222 | I59: icon_task | J59: icon_task_p3_05 | K59: 内城治疗房舍建筑
A60: 57 | B60: TID_ShowGetData_57_title_CN_Main | C60: 内政官委任 | D60: TID_ShowGetData_57_desc_CN_Main | E60: 前往旅店活动<color=#fff6ab>【委任内政官】</color> | F60: =H60 -> 3019 | G60: 直接跳转-官职委任 | H60: =IF(G60="","",VLOOKUP(G60,[1]界面跳转!$I:$J,2,FALSE)) -> 3019 | I60: icon_task | J60: icon_task_p3_05 | K60: 主界面核心系统【内政官】
A61: 58 | B61: TID_ShowGetData_58_title_CN_Main | C61: 发展方略 | D61: TID_ShowGetData_58_desc_CN_Main | E61: 前往激活<color=#fff6ab>【军医所】文化发展方略</color> | F61: =H61 -> 7384 | G61: 跳转到发展方略界面文化改良【军医所】 | H61: =IF(G61="","",VLOOKUP(G61,[1]界面跳转!$I:$J,2,FALSE)) -> 7384 | I61: icon_task | J61: icon_task_p3_05 | K61: 主界面核心系统【发展方略】
A62: 59 | B62: TID_ShowGetData_59_title_CN_Main | C62: 内政官探险 | D62: TID_ShowGetData_59_desc_CN_Main | E62: 前往编辑<color=#fff6ab>【探险队】</color>委任内政官 | F62: =H62 -> 7339 | G62: 跳转到探险直接打开【探险队】编辑界面 | H62: =IF(G62="","",VLOOKUP(G62,[1]界面跳转!$I:$J,2,FALSE)) -> 7339 | I62: icon_task | J62: icon_task_p3_05 | K62: 主界面核心系统【探险】
A63: 60 | B63: TID_ShowGetData_60_title_CN_Main | C63: 校场 | D63: TID_ShowGetData_60_desc_CN_Main | E63: 前往升级<color=#fff6ab>【校场】</color>建筑 | F63: =H63 -> 6212 | G63: 跳转到【校场】直接打开升级界面 | H63: =IF(G63="","",VLOOKUP(G63,[1]界面跳转!$I:$J,2,FALSE)) -> 6212 | I63: icon_task | J63: icon_task_p3_05
A64: 61 | B64: TID_ShowGetData_61_title_CN_Main | C64: 商城 | D64: TID_ShowGetData_61_desc_CN_Main | E64: 前往<color=#fff6ab>【商城】购买士兵训练加速</color> | F64: =H64 -> 7459 | G64: 跳转到商城【道具商城】 | H64: =IF(G64="","",VLOOKUP(G64,[1]界面跳转!$I:$J,2,FALSE)) -> 7459 | I64: icon_task | J64: icon_task_p3_05
A65: 62 | B65: TID_ShowGetData_62_title_CN_Main | C65: 活动中心 | D65: TID_ShowGetData_62_desc_CN_Main | E65: 前往<color=#fff6ab>【活动中心】获取士兵训练加速</color> | F65: =H65 -> 7487 | G65: 跳转到主界面【活动入口】 | H65: =IF(G65="","",VLOOKUP(G65,[1]界面跳转!$I:$J,2,FALSE)) -> 7487 | I65: icon_task | J65: icon_task_p3_05
A66: 63 | B66: TID_ShowGetData_63_title_CN_Main | C66: 战功商店 | D66: TID_ShowGetData_63_desc_CN_Main | E66: 前往<color=#fff6ab>【战功商店】兑换士兵训练加速</color> | F66: =H66 -> 5049 | G66: 直接跳转-战功商店 | H66: =IF(G66="","",VLOOKUP(G66,[1]界面跳转!$I:$J,2,FALSE)) -> 5049 | I66: icon_task | J66: icon_task_p3_05
A67: 64 | B67: TID_ShowGetData_64_title_CN_Main | C67: 商城 | D67: TID_ShowGetData_64_desc_CN_Main | E67: 前往<color=#fff6ab>【商城】购买科技加速</color> | F67: =H67 -> 7459 | G67: 跳转到商城【道具商城】 | H67: =IF(G67="","",VLOOKUP(G67,[1]界面跳转!$I:$J,2,FALSE)) -> 7459 | I67: icon_task | J67: icon_task_p3_05
A68: 65 | B68: TID_ShowGetData_65_title_CN_Main | C68: 活动中心 | D68: TID_ShowGetData_65_desc_CN_Main | E68: 前往<color=#fff6ab>【活动中心】获取科技加速</color> | F68: =H68 -> 7487 | G68: 跳转到主界面【活动入口】 | H68: =IF(G68="","",VLOOKUP(G68,[1]界面跳转!$I:$J,2,FALSE)) -> 7487 | I68: icon_task | J68: icon_task_p3_05
A69: 66 | B69: TID_ShowGetData_66_title_CN_Main | C69: 启程之光 | D69: TID_ShowGetData_66_desc_CN_Main | E69: 前往点将台<color=#fff6ab>【启程之光】</color>招募获得 | F69: =H69 -> 7688 | G69: 直接打开【启程之光】 | H69: =IF(G69="","",VLOOKUP(G69,[1]界面跳转!$I:$J,2,FALSE)) -> 7688 | I69: icon_task | J69: icon_task_p3_05
A70: 67 | B70: TID_ShowGetData_67_title_CN_Main | C70: 招募豪礼 | D70: TID_ShowGetData_67_desc_CN_Main | E70: 前往<color=#fff6ab>【招募豪礼】</color>赛季特权获得 | F70: =H70 -> 7414 | G70: 跳转到活动页面【群英荟萃】 | H70: =IF(G70="","",VLOOKUP(G70,[1]界面跳转!$I:$J,2,FALSE)) -> 7414 | I70: icon_task | J70: icon_task_p3_05
A71: 68 | B71: TID_ShowGetData_68_title_CN_Main | C71: 旅店 | D71: TID_ShowGetData_68_desc_CN_Main | E71: 前往升级<color=#fff6ab>【旅店】</color> | F71: =H71 -> 6237 | G71: 跳转到【旅店】直接打开升级界面 | H71: =IF(G71="","",VLOOKUP(G71,[1]界面跳转!$I:$J,2,FALSE)) -> 6237 | I71: icon_task | J71: icon_task_p3_05 | K71: 内城酒馆建筑
A72: 69 | B72: TID_ShowGetData_69_title_CN_Main | C72: 剧情任务 | D72: TID_ShowGetData_69_desc_CN_Main | E72: 前往完成更多<color=#fff6ab>【剧情任务】</color> | F72: =H72 -> 7329 | G72: 跳转到任务界面【剧情任务】 | H72: =IF(G72="","",VLOOKUP(G72,[1]界面跳转!$I:$J,2,FALSE)) -> 7329 | I72: icon_task | J72: icon_task_p3_05
A73: 70 | B73: TID_ShowGetData_70_title_CN_Main | C73: 升级时代 | D73: TID_ShowGetData_70_desc_CN_Main | E73: 前往城镇中心<color=#fff6ab>【升级时代】</color> | F73: =H73 -> 7003 | G73: 跳转到城镇中心【升级时代】菜单按钮 | H73: =IF(G73="","",VLOOKUP(G73,[1]界面跳转!$I:$J,2,FALSE)) -> 7003 | I73: icon_task | J73: icon_task_p3_05
A74: 71 | B74: TID_ShowGetData_71_title_CN_Main | C74: 每日签到 | D74: TID_ShowGetData_71_desc_CN_Main | E74: 前往<color=#fff6ab>【每日签到】</color>活动获得英雄 | F74: =H74 -> 7415 | G74: 跳转到活动页面【每日签到】 | H74: =IF(G74="","",VLOOKUP(G74,[1]界面跳转!$I:$J,2,FALSE)) -> 7415 | I74: icon_task | J74: icon_task_p3_05
A75: 72 | B75: TID_ShowGetData_72_title_CN_Main | C75: 商城 | D75: TID_ShowGetData_72_desc_CN_Main | E75: 前往<color=#fff6ab>【商城】购买知识卷轴</color> | F75: =H75 -> 7358 | G75: 跳转到主界面【商城】入口 | H75: =IF(G75="","",VLOOKUP(G75,[1]界面跳转!$I:$J,2,FALSE)) -> 7358 | I75: icon_task | J75: icon_task_p3_05
A76: 73 | B76: TID_ShowGetData_73_title_CN_Main | C76: 技能分解 | D76: TID_ShowGetData_73_desc_CN_Main | E76: 前往<color=#fff6ab>【技能点分解】获得更多技能点</color> | F76: =H76 -> 5050 | G76: 直接跳转-英雄技能分解 | H76: =IF(G76="","",VLOOKUP(G76,[1]界面跳转!$I:$J,2,FALSE)) -> 5050 | I76: icon_task | J76: icon_task_p3_05
A77: 74 | B77: TID_ShowGetData_74_title_CN_Main | C77: 城镇中心 | D77: TID_ShowGetData_74_desc_CN_Main | E77: 前往城镇中心<color=#fff6ab>【升级】</color> | F77: =H77 -> 7001 | G77: 跳转到城镇中心【升级】菜单按钮 | H77: =IF(G77="","",VLOOKUP(G77,[1]界面跳转!$I:$J,2,FALSE)) -> 7001 | I77: icon_task | J77: icon_task_p3_05
A78: 75 | B78: TID_ShowGetData_75_title_CN_Main | C78: 军演商店 | D78: TID_ShowGetData_75_desc_CN_Main | E78: 前往<color=#fff6ab>【军演商店】</color>兑换 | F78: =H78 -> 7677 | G78: 直接打开【军演商店界面】 | H78: =IF(G78="","",VLOOKUP(G78,[1]界面跳转!$I:$J,2,FALSE)) -> 7677 | I78: icon_task | J78: icon_task_p3_05 | K78: 战役系统子功能【帝国军演】
A79: 76 | B79: TID_ShowGetData_76_title_CN_Main | C79: 霸业宝册 | D79: TID_ShowGetData_76_desc_CN_Main | E79: 前往<color=#fff6ab>【霸业宝册】获取坐骑</color> | F79: =H79 -> 7358 | G79: 跳转到主界面【商城】入口 | H79: =IF(G79="","",VLOOKUP(G79,[1]界面跳转!$I:$J,2,FALSE)) -> 7358 | I79: icon_task | J79: icon_task_p3_05
A80: 77 | B80: TID_ShowGetData_77_title_CN_Main | C80: 商城 | D80: TID_ShowGetData_77_desc_CN_Main | E80: 前往<color=#fff6ab>【商城】购买驯马手记</color> | F80: =H80 -> 7358 | G80: 跳转到主界面【商城】入口 | H80: =IF(G80="","",VLOOKUP(G80,[1]界面跳转!$I:$J,2,FALSE)) -> 7358 | I80: icon_task | J80: icon_task_p3_05
A81: 78 | B81: TID_ShowGetData_78_title_CN_Main | C81: 稀有蛮族 | D81: TID_ShowGetData_78_desc_CN_Main | E81: 清剿<color=#fff6ab>4级以上稀有</color>【蛮族部队】获取 | F81: =H81 -> 390 | G81: 跳转到城外搜索界面【蛮族】选项 | H81: =IF(G81="","",VLOOKUP(G81,[1]界面跳转!$I:$J,2,FALSE)) -> 390 | I81: icon_task | J81: icon_task_p3_05 | K81: 主界面功能功能【出城按钮】
A82: 79 | B82: TID_ShowGetData_79_title_CN_Main | C82: 赛季结算 | D82: TID_ShowGetData_79_desc_CN_Main | E82: 达成<color=#fff6ab>赛季【问鼎/割据】获取驯马典籍</color> | F82: =H82 -> 3017 | G82: 直接跳转-天下大势 | H82: =IF(G82="","",VLOOKUP(G82,[1]界面跳转!$I:$J,2,FALSE)) -> 3017 | I82: icon_task | J82: icon_task_p3_05
A83: 80 | B83: TID_ShowGetData_80_title_CN_Main | C83: 赛季结算 | D83: TID_ShowGetData_80_desc_CN_Main | E83: 达成<color=#fff6ab>赛季【初期结算】获取驯马典籍</color> | F83: =H83 -> 3017 | G83: 直接跳转-天下大势 | H83: =IF(G83="","",VLOOKUP(G83,[1]界面跳转!$I:$J,2,FALSE)) -> 3017 | I83: icon_task | J83: icon_task_p3_05
A84: 81 | B84: TID_ShowGetData_81_title_CN_Main | C84: 商城 | D84: TID_ShowGetData_81_desc_CN_Main | E84: 前往<color=#fff6ab>【商城】购买马铠精铁</color> | F84: =H84 -> 7358 | G84: 跳转到主界面【商城】入口 | H84: =IF(G84="","",VLOOKUP(G84,[1]界面跳转!$I:$J,2,FALSE)) -> 7358 | I84: icon_task | J84: icon_task_p3_05
A85: 82 | B85: TID_ShowGetData_75_title_CN_Main | C85: 军演商店 | D85: TID_ShowGetData_75_desc_CN_Main | E85: 前往<color=#fff6ab>【军演商店】</color>兑换 | F85: =H85 -> 7677 | G85: 直接打开【军演商店界面】 | H85: =IF(G85="","",VLOOKUP(G85,[1]界面跳转!$I:$J,2,FALSE)) -> 7677 | I85: icon_task | J85: icon_task_p3_05 | K85: 战役系统子功能【帝国军演】
A86: 83 | B86: TID_ShowGetData_75_title_CN_Main | C86: 军演商店 | D86: TID_ShowGetData_75_desc_CN_Main | E86: 前往<color=#fff6ab>【军演商店】</color>兑换 | F86: =H86 -> 7677 | G86: 直接打开【军演商店界面】 | H86: =IF(G86="","",VLOOKUP(G86,[1]界面跳转!$I:$J,2,FALSE)) -> 7677 | I86: icon_task | J86: icon_task_p3_05 | K86: 战役系统子功能【帝国军演】
A87: 84 | B87: TID_ShowGetData_84_title_CN_Main | C87: 帝国军演 | D87: TID_ShowGetData_84_desc_CN_Main | E87: 前往<color=#fff6ab>【帝国军演】</color>过关获得 | F87: =H87 -> 7678 | G87: 直接打开【帝国军演界面】 | H87: =IF(G87="","",VLOOKUP(G87,[1]界面跳转!$I:$J,2,FALSE)) -> 7678 | I87: icon_task | J87: icon_task_p3_05 | K87: 战役系统子功能【帝国军演】
A88: 85 | B88: TID_ShowGetData_85_title_CN_Main | C88: 国望排行榜 | D88: TID_ShowGetData_85_desc_CN_Main | E88: 前往<color=#fff6ab>【国望排行榜】</color> | F88: =H88 -> 7458 | G88: 跳转到皇城【民心所向】 | H88: =IF(G88="","",VLOOKUP(G88,[1]界面跳转!$I:$J,2,FALSE)) -> 7458 | I88: icon_task | J88: icon_task_p3_05
A89: 86 | B89: TID_ShowGetData_46_title_CN_Main | C89: 部队编组 | D89: TID_ShowGetData_46_desc_CN_Main | E89: 前往部队编组<color=#fff6ab>【上阵英雄】</color> | F89: =H89 -> 7462 | G89: 跳转到编队自动选择【有空坑位】页面(手动点编队) | H89: =IF(G89="","",VLOOKUP(G89,[1]界面跳转!$I:$J,2,FALSE)) -> 7462 | I89: icon_task | J89: icon_task_p3_05
A90: 87 | B90: TID_ShowGetData_46_title_CN_Main | C90: 部队编组 | D90: TID_ShowGetData_46_desc_CN_Main | E90: 前往部队编组<color=#fff6ab>【上阵英雄】</color> | F90: =H90 -> 7461 | G90: 跳转到编队自动选择【有空坑位】页面(直接跳转) | H90: =IF(G90="","",VLOOKUP(G90,[1]界面跳转!$I:$J,2,FALSE)) -> 7461 | I90: icon_task | J90: icon_task_p3_05
A91: 88 | B91: TID_ShowGetData_88_title_CN_Main | C91: 占领城市 | D91: TID_ShowGetData_88_desc_CN_Main | E91: 占领<color=#fff6ab>【更多城市】</color>获取 | F91: =H91 | H91: =IF(G91="","",VLOOKUP(G91,[1]界面跳转!$I:$J,2,FALSE)) | I91: icon_task | J91: icon_task_p3_05
A92: 89 | B92: TID_ShowGetData_89_title_CN_Main | C92: 蛮族头目 | D92: TID_ShowGetData_89_desc_CN_Main | E92: 清剿<color=#fff6ab>【蛮族头目】</color> | F92: =H92 | H92: =IF(G92="","",VLOOKUP(G92,[1]界面跳转!$I:$J,2,FALSE)) | I92: icon_task | J92: icon_task_p3_05 | K92: 主界面功能功能【出城按钮】
A93: 90 | B93: TID_ShowGetData_90_title_CN_Main | C93: 商城 | D93: TID_ShowGetData_90_desc_CN_Main | E93: 前往商城购买<color=#fff6ab>【寻访令】</color> | F93: =H93 -> 7459 | G93: 跳转到商城【道具商城】 | H93: =IF(G93="","",VLOOKUP(G93,[1]界面跳转!$I:$J,2,FALSE)) -> 7459 | I93: icon_task | J93: icon_task_p3_05
A94: 91 | B94: TID_ShowGetData_91_title_CN_Main | C94: 训练剑士 | D94: TID_ShowGetData_91_desc_CN_Main | E94: 前往剑士营<color=#fff6ab>【训练更多剑士】</color> | F94: =H94 -> 7016 | G94: 跳转到剑士营【训练】菜单按钮 | H94: =IF(G94="","",VLOOKUP(G94,[1]界面跳转!$I:$J,2,FALSE)) -> 7016 | I94: icon_task | J94: icon_task_p3_05
A95: 92 | B95: TID_ShowGetData_92_title_CN_Main | C95: 训练枪兵 | D95: TID_ShowGetData_92_desc_CN_Main | E95: 前往枪兵营<color=#fff6ab>【训练更多枪兵】</color> | F95: =H95 -> 7062 | G95: 跳转到枪兵营【训练】菜单按钮 | H95: =IF(G95="","",VLOOKUP(G95,[1]界面跳转!$I:$J,2,FALSE)) -> 7062 | I95: icon_task | J95: icon_task_p3_05
A96: 93 | B96: TID_ShowGetData_93_title_CN_Main | C96: 训练骑士 | D96: TID_ShowGetData_93_desc_CN_Main | E96: 前往马厩<color=#fff6ab>【训练更多骑士】</color> | F96: =H96 -> 7026 | G96: 跳转到马厩【训练】菜单按钮 | H96: =IF(G96="","",VLOOKUP(G96,[1]界面跳转!$I:$J,2,FALSE)) -> 7026 | I96: icon_task | J96: icon_task_p3_05
A97: 94 | B97: TID_ShowGetData_94_title_CN_Main | C97: 训练弓兵 | D97: TID_ShowGetData_94_desc_CN_Main | E97: 前往射箭场<color=#fff6ab>【训练更多弓兵】</color> | F97: =H97 -> 7046 | G97: 跳转到射箭场【训练】菜单按钮 | H97: =IF(G97="","",VLOOKUP(G97,[1]界面跳转!$I:$J,2,FALSE)) -> 7046 | I97: icon_task | J97: icon_task_p3_05
A98: 95 | B98: TID_ShowGetData_95_title_CN_Main | C98: 训练特殊兵种 | D98: TID_ShowGetData_95_desc_CN_Main | E98: 前往城堡<color=#fff6ab>【训练更多特色兵种】</color> | F98: =H98 | H98: =IF(G98="","",VLOOKUP(G98,[1]界面跳转!$I:$J,2,FALSE)) | I98: icon_task | J98: icon_task_p3_05
A99: 96 | B99: TID_ShowGetData_96_title_CN_Main | C99: 精锐招募 | D99: TID_ShowGetData_96_desc_CN_Main | E99: 前往点将台<color=#fff6ab>【精锐招募】</color>招募获得 | F99: =H99 -> 7686 | G99: 直接打开【铜币招募】 | H99: =IF(G99="","",VLOOKUP(G99,[1]界面跳转!$I:$J,2,FALSE)) -> 7686 | I99: icon_task | J99: icon_task_p3_05
A100: 97 | B100: TID_ShowGetData_97_title_CN_Main | C100: 渠道活动 | D100: TID_ShowGetData_97_desc_CN_Main | E100: 参与渠道活动获取 | F100: =H100 | H100: =IF(G100="","",VLOOKUP(G100,[1]界面跳转!$I:$J,2,FALSE)) | I100: icon_task | J100: icon_task_p3_05
...

Sheet 获取方式
A1: convert(ResShowGet.proto, table_ItemFetchPortal,ItemFetchPortal.pbin)
A2: id | B2: 图集名 | C2: SpriteName | D2: 途径名称 | E2: 途径描述 | F2: 获取途径
A3: id | B3: atlasName | C3: spriteName | D3: portalName | E3: portalDesc | F3: portalId
A4: 1 | B4: icon_entityselect | C4: icon_caiji | F4: 野外采集
A5: 2 | B5: icon_entityselect | C5: icon_rare_tradinghall_icon | F5: 交易所
A6: 3 | B6: icon_entityselect | C6: icon_maoyi | F6: 名城贸易
A7: 4 | B7: icon_entityselect | C7: icon_cangku | F7: 稀有资源仓库

Sheet 获取类别
A1: convert(ResShowGet.proto, table_ItemFetchingGuide,ItemFetchingGuide.pbin)
A2: id | B2: 客户端枚举 | C2: 获取方式 | D2: 备注 | E2: 标题 | F2: 描述
A3: id | C3: FetchPortal[;] | E3: TitleKey | F3: SubtitleKey
A4: 1 | B4: FGT_Type_SpecialResource | C4: 1;3 | D4: 珍品资源仓库
A5: 2 | B5: FGT_Type_MingChengCoin | C5: 4;3 | D5: 大流克币商店

Sheet 道具获取途径
A1: convert(ResShowGet.proto,table_ItemGetGroupData,ItemGetGroupData.pbin)
A2: itemId | B2: 获取途径Id
A3: itemId | B3: getGroupId

Sheet 资源获取途径
A1: convert(ResShowGet.proto,table_ResourceGetGroupData,ResourceGetGroupData.pbin)
A2: resourceId | B2: 获取途径Id
A3: resourceId | B3: getGroupId
A4: 1 | B4: 30
A5: 2 | B5: 31
A6: 3 | B6: 32
A7: 4 | B7: 33
A8: 7 | B8: 41

Sheet 货币获取途径
A1: convert(ResShowGet.proto,table_CoinGetGroupData,CoinGetGroupData.pbin)
A2: coinId | B2: 获取途径Id
A3: coinId | B3: getGroupId

Sheet #TID_base_up
A1: 旧Key | B1: 新Key | C1: 文本
A2: ShowGetGroupData_1_des_CN_Main | B2: TID_ShowGetGroupData_1_des_CN_Main | C2: 获取贵族经验
A3: ShowGetGroupData_2_title_CN_Main | B3: TID_ShowGetGroupData_2_title_CN_Main | C3: 好感度礼物获取
A4: ShowGetGroupData_2_des_CN_Main | B4: TID_ShowGetGroupData_2_des_CN_Main | C4: 内政官好感度提升所需的礼物，可通过<color=#fff6ab>旅店寻访</color>、<color=#fff6ab>市集兑换商店</color>、等途径获取。
A5: ShowGetGroupData_3_title_CN_Main | B5: TID_ShowGetGroupData_3_title_CN_Main | C5: 好感度突破材料获取
A6: ShowGetGroupData_3_des_CN_Main | B6: TID_ShowGetGroupData_3_des_CN_Main | C6: 内政官好感度突破所需的材料，可通过<color=#fff6ab>旅店寻访</color>、<color=#fff6ab>市集兑换商店</color>、等途径获取。
A7: ShowGetGroupData_4_title_CN_Main | B7: TID_ShowGetGroupData_4_title_CN_Main | C7: 获取更多内政官传记
A8: ShowGetGroupData_4_des_CN_Main | B8: TID_ShowGetGroupData_4_des_CN_Main | C8: 内政官进阶需要消耗<color=#fff6ab>内政官传记</color>，通过<color=#fff6ab>旅店寻访、完成探险事件</color>等途径可以获得更多内政官传记。
A9: ShowGetGroupData_5_des_CN_Main | B9: TID_ShowGetGroupData_5_des_CN_Main | C9: 英雄天赋养成道具获取
A10: ShowGetGroupData_6_des_CN_Main | B10: TID_ShowGetGroupData_6_des_CN_Main | C10: 英雄技能养成道具获取
A11: ShowGetGroupData_7_title_CN_Main | B11: TID_ShowGetGroupData_7_title_CN_Main | C11: 提升村民上限
A12: ShowGetGroupData_7_des_CN_Main | B12: TID_ShowGetGroupData_7_des_CN_Main | C12: 提升居民房舍等级可增加村民数量上限，在城镇中心可以训练村民。
... A333: ShowGetData_132_title_GL_Main | B333: TID_ShowGetData_132_title_GL_Main | C333: 前往完成更多<color=#fff6ab>【主线任务】</color>
