Workbook

Sheet 奖励配置表
A1: convert(ResReward.proto, table_RewardConfData, RewardConfData_11.pbin) | G1: 相对随机配置
A2: 奖励ID | B2: 策划描述 | C2: 重复检查 | D2: 道具id | E2: 道具名称 | F2: 道具数量 | G2: 相对权重最小个数 | H2: 相对权重最大个数 | I2: 数量权重 | J2: 相对权重（整数） | K2: 绝对概率[0,1] | L2: 过期时间 | M2: 自定义顺序 | N2: 可选数量
A3: id | D3: item.id | F3: item.num | G3: minNum | H3: maxNum | I3: numWeight[;] | J3: item.relativeWeight | K3: item.absoluteProbability | L3: item.expire | M3: customizedOrder | N3: chooseNum
A4: 6600101 | B4: =MOD(A4,100)&"级城全盟奖励" -> 1级城全盟奖励 | C4: =IF(A4="","",IF((COUNTIFS(A:A,A4))>1,"ID重复","")) | D4: 501 | E4: =INDEX([1]道具配置表!$D:$D,MATCH(D4,[1]道具配置表!$A:$A,0)) -> 1千资源自选宝箱 | F4: 100 | K4: 1 | M4: TRUE
C5: =IF(A5="","",IF((COUNTIFS(A:A,A5))>1,"ID重复","")) | D5: 6120 | E5: =INDEX([1]道具配置表!$D:$D,MATCH(D5,[1]道具配置表!$A:$A,0)) -> 1分钟建造加速 | F5: 50 | K5: 1 | M5: TRUE
C6: =IF(A6="","",IF((COUNTIFS(A:A,A6))>1,"ID重复","")) | D6: 6140 | E6: =INDEX([1]道具配置表!$D:$D,MATCH(D6,[1]道具配置表!$A:$A,0)) -> 1分钟科技加速 | F6: 50 | K6: 1 | M6: TRUE
A7: =A4+1 -> 6600102 | B7: =MOD(A7,100)&"级城全盟奖励" -> 2级城全盟奖励 | C7: =IF(A7="","",IF((COUNTIFS(A:A,A7))>1,"ID重复","")) | D7: 501 | E7: =INDEX([1]道具配置表!$D:$D,MATCH(D7,[1]道具配置表!$A:$A,0)) -> 1千资源自选宝箱 | F7: =F4+20 -> 120 | K7: 1 | M7: TRUE
C8: =IF(A8="","",IF((COUNTIFS(A:A,A8))>1,"ID重复","")) | D8: 6120 | E8: =INDEX([1]道具配置表!$D:$D,MATCH(D8,[1]道具配置表!$A:$A,0)) -> 1分钟建造加速 | F8: =F5+10 -> 60 | K8: 1 | M8: TRUE
C9: =IF(A9="","",IF((COUNTIFS(A:A,A9))>1,"ID重复","")) | D9: 6140 | E9: =INDEX([1]道具配置表!$D:$D,MATCH(D9,[1]道具配置表!$A:$A,0)) -> 1分钟科技加速 | F9: =F6+10 -> 60 | K9: 1 | M9: TRUE
A10: =A7+1 -> 6600103 | B10: =MOD(A10,100)&"级城全盟奖励" -> 3级城全盟奖励 | C10: =IF(A10="","",IF((COUNTIFS(A:A,A10))>1,"ID重复","")) | D10: 501 | E10: =INDEX([1]道具配置表!$D:$D,MATCH(D10,[1]道具配置表!$A:$A,0)) -> 1千资源自选宝箱 | F10: =F7+20 -> 140 | K10: 1 | M10: TRUE
C11: =IF(A11="","",IF((COUNTIFS(A:A,A11))>1,"ID重复","")) | D11: 6120 | E11: =INDEX([1]道具配置表!$D:$D,MATCH(D11,[1]道具配置表!$A:$A,0)) -> 1分钟建造加速 | F11: =F8+10 -> 70 | K11: 1 | M11: TRUE
C12: =IF(A12="","",IF((COUNTIFS(A:A,A12))>1,"ID重复","")) | D12: 6140 | E12: =INDEX([1]道具配置表!$D:$D,MATCH(D12,[1]道具配置表!$A:$A,0)) -> 1分钟科技加速 | F12: =F9+10 -> 70 | K12: 1 | M12: TRUE
A13: =A10+1 -> 6600104 | B13: =MOD(A13,100)&"级城全盟奖励" -> 4级城全盟奖励 | C13: =IF(A13="","",IF((COUNTIFS(A:A,A13))>1,"ID重复","")) | D13: 501 | E13: =INDEX([1]道具配置表!$D:$D,MATCH(D13,[1]道具配置表!$A:$A,0)) -> 1千资源自选宝箱 | F13: =F10+20 -> 160 | K13: 1 | M13: TRUE
C14: =IF(A14="","",IF((COUNTIFS(A:A,A14))>1,"ID重复","")) | D14: 6120 | E14: =INDEX([1]道具配置表!$D:$D,MATCH(D14,[1]道具配置表!$A:$A,0)) -> 1分钟建造加速 | F14: =F11+10 -> 80 | K14: 1 | M14: TRUE
C15: =IF(A15="","",IF((COUNTIFS(A:A,A15))>1,"ID重复","")) | D15: 6140 | E15: =INDEX([1]道具配置表!$D:$D,MATCH(D15,[1]道具配置表!$A:$A,0)) -> 1分钟科技加速 | F15: =F12+10 -> 80 | K15: 1 | M15: TRUE
A16: =A13+1 -> 6600105 | B16: =MOD(A16,100)&"级城全盟奖励" -> 5级城全盟奖励 | C16: =IF(A16="","",IF((COUNTIFS(A:A,A16))>1,"ID重复","")) | D16: 501 | E16: =INDEX([1]道具配置表!$D:$D,MATCH(D16,[1]道具配置表!$A:$A,0)) -> 1千资源自选宝箱 | F16: =F13+20 -> 180 | K16: 1 | M16: TRUE
C17: =IF(A17="","",IF((COUNTIFS(A:A,A17))>1,"ID重复","")) | D17: 6120 | E17: =INDEX([1]道具配置表!$D:$D,MATCH(D17,[1]道具配置表!$A:$A,0)) -> 1分钟建造加速 | F17: =F14+10 -> 90 | K17: 1 | M17: TRUE
C18: =IF(A18="","",IF((COUNTIFS(A:A,A18))>1,"ID重复","")) | D18: 6140 | E18: =INDEX([1]道具配置表!$D:$D,MATCH(D18,[1]道具配置表!$A:$A,0)) -> 1分钟科技加速 | F18: =F15+10 -> 90 | K18: 1 | M18: TRUE
A19: =A16+1 -> 6600106 | B19: =MOD(A19,100)&"级城全盟奖励" -> 6级城全盟奖励 | C19: =IF(A19="","",IF((COUNTIFS(A:A,A19))>1,"ID重复","")) | D19: 501 | E19: =INDEX([1]道具配置表!$D:$D,MATCH(D19,[1]道具配置表!$A:$A,0)) -> 1千资源自选宝箱 | F19: =F16+20 -> 200 | K19: 1 | M19: TRUE
C20: =IF(A20="","",IF((COUNTIFS(A:A,A20))>1,"ID重复","")) | D20: 6120 | E20: =INDEX([1]道具配置表!$D:$D,MATCH(D20,[1]道具配置表!$A:$A,0)) -> 1分钟建造加速 | F20: =F17+10 -> 100 | K20: 1 | M20: TRUE
C21: =IF(A21="","",IF((COUNTIFS(A:A,A21))>1,"ID重复","")) | D21: 6140 | E21: =INDEX([1]道具配置表!$D:$D,MATCH(D21,[1]道具配置表!$A:$A,0)) -> 1分钟科技加速 | F21: =F18+10 -> 100 | K21: 1 | M21: TRUE
A22: =A19+1 -> 6600107 | B22: =MOD(A22,100)&"级城全盟奖励" -> 7级城全盟奖励 | C22: =IF(A22="","",IF((COUNTIFS(A:A,A22))>1,"ID重复","")) | D22: 501 | E22: =INDEX([1]道具配置表!$D:$D,MATCH(D22,[1]道具配置表!$A:$A,0)) -> 1千资源自选宝箱 | F22: =F19+20 -> 220 | K22: 1 | M22: TRUE
C23: =IF(A23="","",IF((COUNTIFS(A:A,A23))>1,"ID重复","")) | D23: 6120 | E23: =INDEX([1]道具配置表!$D:$D,MATCH(D23,[1]道具配置表!$A:$A,0)) -> 1分钟建造加速 | F23: =F20+10 -> 110 | K23: 1 | M23: TRUE
C24: =IF(A24="","",IF((COUNTIFS(A:A,A24))>1,"ID重复","")) | D24: 6140 | E24: =INDEX([1]道具配置表!$D:$D,MATCH(D24,[1]道具配置表!$A:$A,0)) -> 1分钟科技加速 | F24: =F21+10 -> 110 | K24: 1 | M24: TRUE
A25: =A22+1 -> 6600108 | B25: =MOD(A25,100)&"级城全盟奖励" -> 8级城全盟奖励 | C25: =IF(A25="","",IF((COUNTIFS(A:A,A25))>1,"ID重复","")) | D25: 501 | E25: =INDEX([1]道具配置表!$D:$D,MATCH(D25,[1]道具配置表!$A:$A,0)) -> 1千资源自选宝箱 | F25: =F22+20 -> 240 | K25: 1 | M25: TRUE
C26: =IF(A26="","",IF((COUNTIFS(A:A,A26))>1,"ID重复","")) | D26: 6120 | E26: =INDEX([1]道具配置表!$D:$D,MATCH(D26,[1]道具配置表!$A:$A,0)) -> 1分钟建造加速 | F26: =F23+10 -> 120 | K26: 1 | M26: TRUE
C27: =IF(A27="","",IF((COUNTIFS(A:A,A27))>1,"ID重复","")) | D27: 6140 | E27: =INDEX([1]道具配置表!$D:$D,MATCH(D27,[1]道具配置表!$A:$A,0)) -> 1分钟科技加速 | F27: =F24+10 -> 120 | K27: 1 | M27: TRUE
A28: =A25+1 -> 6600109 | B28: =MOD(A28,100)&"级城全盟奖励" -> 9级城全盟奖励 | C28: =IF(A28="","",IF((COUNTIFS(A:A,A28))>1,"ID重复","")) | D28: 501 | E28: =INDEX([1]道具配置表!$D:$D,MATCH(D28,[1]道具配置表!$A:$A,0)) -> 1千资源自选宝箱 | F28: =F25+20 -> 260 | K28: 1 | M28: TRUE
C29: =IF(A29="","",IF((COUNTIFS(A:A,A29))>1,"ID重复","")) | D29: 6120 | E29: =INDEX([1]道具配置表!$D:$D,MATCH(D29,[1]道具配置表!$A:$A,0)) -> 1分钟建造加速 | F29: =F26+10 -> 130 | K29: 1 | M29: TRUE
C30: =IF(A30="","",IF((COUNTIFS(A:A,A30))>1,"ID重复","")) | D30: 6140 | E30: =INDEX([1]道具配置表!$D:$D,MATCH(D30,[1]道具配置表!$A:$A,0)) -> 1分钟科技加速 | F30: =F27+10 -> 130 | K30: 1 | M30: TRUE
A31: =A28+1 -> 6600110 | B31: =MOD(A31,100)&"级城全盟奖励" -> 10级城全盟奖励 | C31: =IF(A31="","",IF((COUNTIFS(A:A,A31))>1,"ID重复","")) | D31: 501 | E31: =INDEX([1]道具配置表!$D:$D,MATCH(D31,[1]道具配置表!$A:$A,0)) -> 1千资源自选宝箱 | F31: =F28+20 -> 280 | K31: 1 | M31: TRUE
C32: =IF(A32="","",IF((COUNTIFS(A:A,A32))>1,"ID重复","")) | D32: 6120 | E32: =INDEX([1]道具配置表!$D:$D,MATCH(D32,[1]道具配置表!$A:$A,0)) -> 1分钟建造加速 | F32: =F29+10 -> 140 | K32: 1 | M32: TRUE
C33: =IF(A33="","",IF((COUNTIFS(A:A,A33))>1,"ID重复","")) | D33: 6140 | E33: =INDEX([1]道具配置表!$D:$D,MATCH(D33,[1]道具配置表!$A:$A,0)) -> 1分钟科技加速 | F33: =F30+10 -> 140 | K33: 1 | M33: TRUE
A34: 6600201 | B34: =MOD(A34,100)&"级城参与奖励" -> 1级城参与奖励 | C34: =IF(A34="","",IF((COUNTIFS(A:A,A34))>1,"ID重复","")) | D34: 7003 | E34: =INDEX([1]道具配置表!$D:$D,MATCH(D34,[1]道具配置表!$A:$A,0)) -> 1银币（立即使用，不进背包） | F34: 300 | K34: 1 | M34: TRUE
C35: =IF(A35="","",IF((COUNTIFS(A:A,A35))>1,"ID重复","")) | D35: 6160 | E35: =INDEX([1]道具配置表!$D:$D,MATCH(D35,[1]道具配置表!$A:$A,0)) -> 1分钟训练加速 | F35: 100 | K35: 1 | M35: TRUE
C36: =IF(A36="","",IF((COUNTIFS(A:A,A36))>1,"ID重复","")) | D36: 6180 | E36: =INDEX([1]道具配置表!$D:$D,MATCH(D36,[1]道具配置表!$A:$A,0)) -> 1分钟治疗加速 | F36: 50 | K36: 1 | M36: TRUE
A37: =A34+1 -> 6600202 | B37: =MOD(A37,100)&"级城参与奖励" -> 2级城参与奖励 | C37: =IF(A37="","",IF((COUNTIFS(A:A,A37))>1,"ID重复","")) | D37: 7003 | E37: =INDEX([1]道具配置表!$D:$D,MATCH(D37,[1]道具配置表!$A:$A,0)) -> 1银币（立即使用，不进背包） | F37: =F34+60 -> 360 | K37: 1 | M37: TRUE
C38: =IF(A38="","",IF((COUNTIFS(A:A,A38))>1,"ID重复","")) | D38: 6160 | E38: =INDEX([1]道具配置表!$D:$D,MATCH(D38,[1]道具配置表!$A:$A,0)) -> 1分钟训练加速 | F38: =F35+20 -> 120 | K38: 1 | M38: TRUE
C39: =IF(A39="","",IF((COUNTIFS(A:A,A39))>1,"ID重复","")) | D39: 6180 | E39: =INDEX([1]道具配置表!$D:$D,MATCH(D39,[1]道具配置表!$A:$A,0)) -> 1分钟治疗加速 | F39: =F36+10 -> 60 | K39: 1 | M39: TRUE
A40: =A37+1 -> 6600203 | B40: =MOD(A40,100)&"级城参与奖励" -> 3级城参与奖励 | C40: =IF(A40="","",IF((COUNTIFS(A:A,A40))>1,"ID重复","")) | D40: 7003 | E40: =INDEX([1]道具配置表!$D:$D,MATCH(D40,[1]道具配置表!$A:$A,0)) -> 1银币（立即使用，不进背包） | F40: =F37+60 -> 420 | K40: 1 | M40: TRUE
C41: =IF(A41="","",IF((COUNTIFS(A:A,A41))>1,"ID重复","")) | D41: 6160 | E41: =INDEX([1]道具配置表!$D:$D,MATCH(D41,[1]道具配置表!$A:$A,0)) -> 1分钟训练加速 | F41: =F38+20 -> 140 | K41: 1 | M41: TRUE
C42: =IF(A42="","",IF((COUNTIFS(A:A,A42))>1,"ID重复","")) | D42: 6180 | E42: =INDEX([1]道具配置表!$D:$D,MATCH(D42,[1]道具配置表!$A:$A,0)) -> 1分钟治疗加速 | F42: =F39+10 -> 70 | K42: 1 | M42: TRUE
A43: =A40+1 -> 6600204 | B43: =MOD(A43,100)&"级城参与奖励" -> 4级城参与奖励 | C43: =IF(A43="","",IF((COUNTIFS(A:A,A43))>1,"ID重复","")) | D43: 7003 | E43: =INDEX([1]道具配置表!$D:$D,MATCH(D43,[1]道具配置表!$A:$A,0)) -> 1银币（立即使用，不进背包） | F43: =F40+60 -> 480 | K43: 1 | M43: TRUE
C44: =IF(A44="","",IF((COUNTIFS(A:A,A44))>1,"ID重复","")) | D44: 6160 | E44: =INDEX([1]道具配置表!$D:$D,MATCH(D44,[1]道具配置表!$A:$A,0)) -> 1分钟训练加速 | F44: =F41+20 -> 160 | K44: 1 | M44: TRUE
C45: =IF(A45="","",IF((COUNTIFS(A:A,A45))>1,"ID重复","")) | D45: 6180 | E45: =INDEX([1]道具配置表!$D:$D,MATCH(D45,[1]道具配置表!$A:$A,0)) -> 1分钟治疗加速 | F45: =F42+10 -> 80 | K45: 1 | M45: TRUE
A46: =A43+1 -> 6600205 | B46: =MOD(A46,100)&"级城参与奖励" -> 5级城参与奖励 | C46: =IF(A46="","",IF((COUNTIFS(A:A,A46))>1,"ID重复","")) | D46: 7003 | E46: =INDEX([1]道具配置表!$D:$D,MATCH(D46,[1]道具配置表!$A:$A,0)) -> 1银币（立即使用，不进背包） | F46: =F43+60 -> 540 | K46: 1 | M46: TRUE
C47: =IF(A47="","",IF((COUNTIFS(A:A,A47))>1,"ID重复","")) | D47: 6160 | E47: =INDEX([1]道具配置表!$D:$D,MATCH(D47,[1]道具配置表!$A:$A,0)) -> 1分钟训练加速 | F47: =F44+20 -> 180 | K47: 1 | M47: TRUE
C48: =IF(A48="","",IF((COUNTIFS(A:A,A48))>1,"ID重复","")) | D48: 6180 | E48: =INDEX([1]道具配置表!$D:$D,MATCH(D48,[1]道具配置表!$A:$A,0)) -> 1分钟治疗加速 | F48: =F45+10 -> 90 | K48: 1 | M48: TRUE
A49: =A46+1 -> 6600206 | B49: =MOD(A49,100)&"级城参与奖励" -> 6级城参与奖励 | C49: =IF(A49="","",IF((COUNTIFS(A:A,A49))>1,"ID重复","")) | D49: 7003 | E49: =INDEX([1]道具配置表!$D:$D,MATCH(D49,[1]道具配置表!$A:$A,0)) -> 1银币（立即使用，不进背包） | F49: =F46+60 -> 600 | K49: 1 | M49: TRUE
C50: =IF(A50="","",IF((COUNTIFS(A:A,A50))>1,"ID重复","")) | D50: 6160 | E50: =INDEX([1]道具配置表!$D:$D,MATCH(D50,[1]道具配置表!$A:$A,0)) -> 1分钟训练加速 | F50: =F47+20 -> 200 | K50: 1 | M50: TRUE
C51: =IF(A51="","",IF((COUNTIFS(A:A,A51))>1,"ID重复","")) | D51: 6180 | E51: =INDEX([1]道具配置表!$D:$D,MATCH(D51,[1]道具配置表!$A:$A,0)) -> 1分钟治疗加速 | F51: =F48+10 -> 100 | K51: 1 | M51: TRUE
A52: =A49+1 -> 6600207 | B52: =MOD(A52,100)&"级城参与奖励" -> 7级城参与奖励 | C52: =IF(A52="","",IF((COUNTIFS(A:A,A52))>1,"ID重复","")) | D52: 7003 | E52: =INDEX([1]道具配置表!$D:$D,MATCH(D52,[1]道具配置表!$A:$A,0)) -> 1银币（立即使用，不进背包） | F52: =F49+60 -> 660 | K52: 1 | M52: TRUE
C53: =IF(A53="","",IF((COUNTIFS(A:A,A53))>1,"ID重复","")) | D53: 6160 | E53: =INDEX([1]道具配置表!$D:$D,MATCH(D53,[1]道具配置表!$A:$A,0)) -> 1分钟训练加速 | F53: =F50+20 -> 220 | K53: 1 | M53: TRUE
C54: =IF(A54="","",IF((COUNTIFS(A:A,A54))>1,"ID重复","")) | D54: 6180 | E54: =INDEX([1]道具配置表!$D:$D,MATCH(D54,[1]道具配置表!$A:$A,0)) -> 1分钟治疗加速 | F54: =F51+10 -> 110 | K54: 1 | M54: TRUE
A55: =A52+1 -> 6600208 | B55: =MOD(A55,100)&"级城参与奖励" -> 8级城参与奖励 | C55: =IF(A55="","",IF((COUNTIFS(A:A,A55))>1,"ID重复","")) | D55: 7003 | E55: =INDEX([1]道具配置表!$D:$D,MATCH(D55,[1]道具配置表!$A:$A,0)) -> 1银币（立即使用，不进背包） | F55: =F52+60 -> 720 | K55: 1 | M55: TRUE
C56: =IF(A56="","",IF((COUNTIFS(A:A,A56))>1,"ID重复","")) | D56: 6160 | E56: =INDEX([1]道具配置表!$D:$D,MATCH(D56,[1]道具配置表!$A:$A,0)) -> 1分钟训练加速 | F56: =F53+20 -> 240 | K56: 1 | M56: TRUE
C57: =IF(A57="","",IF((COUNTIFS(A:A,A57))>1,"ID重复","")) | D57: 6180 | E57: =INDEX([1]道具配置表!$D:$D,MATCH(D57,[1]道具配置表!$A:$A,0)) -> 1分钟治疗加速 | F57: =F54+10 -> 120 | K57: 1 | M57: TRUE
A58: =A55+1 -> 6600209 | B58: =MOD(A58,100)&"级城参与奖励" -> 9级城参与奖励 | C58: =IF(A58="","",IF((COUNTIFS(A:A,A58))>1,"ID重复","")) | D58: 7003 | E58: =INDEX([1]道具配置表!$D:$D,MATCH(D58,[1]道具配置表!$A:$A,0)) -> 1银币（立即使用，不进背包） | F58: =F55+60 -> 780 | K58: 1 | M58: TRUE
C59: =IF(A59="","",IF((COUNTIFS(A:A,A59))>1,"ID重复","")) | D59: 6160 | E59: =INDEX([1]道具配置表!$D:$D,MATCH(D59,[1]道具配置表!$A:$A,0)) -> 1分钟训练加速 | F59: =F56+20 -> 260 | K59: 1 | M59: TRUE
C60: =IF(A60="","",IF((COUNTIFS(A:A,A60))>1,"ID重复","")) | D60: 6180 | E60: =INDEX([1]道具配置表!$D:$D,MATCH(D60,[1]道具配置表!$A:$A,0)) -> 1分钟治疗加速 | F60: =F57+10 -> 130 | K60: 1 | M60: TRUE
A61: =A58+1 -> 6600210 | B61: =MOD(A61,100)&"级城参与奖励" -> 10级城参与奖励 | C61: =IF(A61="","",IF((COUNTIFS(A:A,A61))>1,"ID重复","")) | D61: 7003 | E61: =INDEX([1]道具配置表!$D:$D,MATCH(D61,[1]道具配置表!$A:$A,0)) -> 1银币（立即使用，不进背包） | F61: =F58+60 -> 840 | K61: 1 | M61: TRUE
C62: =IF(A62="","",IF((COUNTIFS(A:A,A62))>1,"ID重复","")) | D62: 6160 | E62: =INDEX([1]道具配置表!$D:$D,MATCH(D62,[1]道具配置表!$A:$A,0)) -> 1分钟训练加速 | F62: =F59+20 -> 280 | K62: 1 | M62: TRUE
C63: =IF(A63="","",IF((COUNTIFS(A:A,A63))>1,"ID重复","")) | D63: 6180 | E63: =INDEX([1]道具配置表!$D:$D,MATCH(D63,[1]道具配置表!$A:$A,0)) -> 1分钟治疗加速 | F63: =F60+10 -> 140 | K63: 1 | M63: TRUE
A64: 6600301 | B64: =MOD(A64,100)&"级城每日奖励" -> 1级城每日奖励 | C64: =IF(A64="","",IF((COUNTIFS(A:A,A64))>1,"ID重复","")) | D64: 102 | E64: =INDEX([1]道具配置表!$D:$D,MATCH(D64,[1]道具配置表!$A:$A,0)) -> 1食物 | F64: 9000 | K64: 1 | M64: TRUE
C65: =IF(A65="","",IF((COUNTIFS(A:A,A65))>1,"ID重复","")) | D65: 101 | E65: =INDEX([1]道具配置表!$D:$D,MATCH(D65,[1]道具配置表!$A:$A,0)) -> 1木材 | F65: 9000 | K65: 1 | M65: TRUE
C66: =IF(A66="","",IF((COUNTIFS(A:A,A66))>1,"ID重复","")) | D66: 103 | E66: =INDEX([1]道具配置表!$D:$D,MATCH(D66,[1]道具配置表!$A:$A,0)) -> 1石头 | F66: 9000 | K66: 1 | M66: TRUE
C67: =IF(A67="","",IF((COUNTIFS(A:A,A67))>1,"ID重复","")) | D67: 104 | E67: =INDEX([1]道具配置表!$D:$D,MATCH(D67,[1]道具配置表!$A:$A,0)) -> 1黄金 | F67: 9000 | K67: 1 | M67: TRUE
A68: =A64+1 -> 6600302 | B68: =MOD(A68,100)&"级城每日奖励" -> 2级城每日奖励 | C68: =IF(A68="","",IF((COUNTIFS(A:A,A68))>1,"ID重复","")) | D68: 102 | E68: =INDEX([1]道具配置表!$D:$D,MATCH(D68,[1]道具配置表!$A:$A,0)) -> 1食物 | F68: =F64+3000 -> 12000 | K68: 1 | M68: TRUE
C69: =IF(A69="","",IF((COUNTIFS(A:A,A69))>1,"ID重复","")) | D69: 101 | E69: =INDEX([1]道具配置表!$D:$D,MATCH(D69,[1]道具配置表!$A:$A,0)) -> 1木材 | F69: =F65+3000 -> 12000 | K69: 1 | M69: TRUE
C70: =IF(A70="","",IF((COUNTIFS(A:A,A70))>1,"ID重复","")) | D70: 103 | E70: =INDEX([1]道具配置表!$D:$D,MATCH(D70,[1]道具配置表!$A:$A,0)) -> 1石头 | F70: =F66+3000 -> 12000 | K70: 1 | M70: TRUE
C71: =IF(A71="","",IF((COUNTIFS(A:A,A71))>1,"ID重复","")) | D71: 104 | E71: =INDEX([1]道具配置表!$D:$D,MATCH(D71,[1]道具配置表!$A:$A,0)) -> 1黄金 | F71: =F67+3000 -> 12000 | K71: 1 | M71: TRUE
A72: =A68+1 -> 6600303 | B72: =MOD(A72,100)&"级城每日奖励" -> 3级城每日奖励 | C72: =IF(A72="","",IF((COUNTIFS(A:A,A72))>1,"ID重复","")) | D72: 102 | E72: =INDEX([1]道具配置表!$D:$D,MATCH(D72,[1]道具配置表!$A:$A,0)) -> 1食物 | F72: =F68+3000 -> 15000 | K72: 1 | M72: TRUE
C73: =IF(A73="","",IF((COUNTIFS(A:A,A73))>1,"ID重复","")) | D73: 101 | E73: =INDEX([1]道具配置表!$D:$D,MATCH(D73,[1]道具配置表!$A:$A,0)) -> 1木材 | F73: =F69+3000 -> 15000 | K73: 1 | M73: TRUE
C74: =IF(A74="","",IF((COUNTIFS(A:A,A74))>1,"ID重复","")) | D74: 103 | E74: =INDEX([1]道具配置表!$D:$D,MATCH(D74,[1]道具配置表!$A:$A,0)) -> 1石头 | F74: =F70+3000 -> 15000 | K74: 1 | M74: TRUE
C75: =IF(A75="","",IF((COUNTIFS(A:A,A75))>1,"ID重复","")) | D75: 104 | E75: =INDEX([1]道具配置表!$D:$D,MATCH(D75,[1]道具配置表!$A:$A,0)) -> 1黄金 | F75: =F71+3000 -> 15000 | K75: 1 | M75: TRUE
A76: =A72+1 -> 6600304 | B76: =MOD(A76,100)&"级城每日奖励" -> 4级城每日奖励 | C76: =IF(A76="","",IF((COUNTIFS(A:A,A76))>1,"ID重复","")) | D76: 102 | E76: =INDEX([1]道具配置表!$D:$D,MATCH(D76,[1]道具配置表!$A:$A,0)) -> 1食物 | F76: =F72+3000 -> 18000 | K76: 1 | M76: TRUE
C77: =IF(A77="","",IF((COUNTIFS(A:A,A77))>1,"ID重复","")) | D77: 101 | E77: =INDEX([1]道具配置表!$D:$D,MATCH(D77,[1]道具配置表!$A:$A,0)) -> 1木材 | F77: =F73+3000 -> 18000 | K77: 1 | M77: TRUE
C78: =IF(A78="","",IF((COUNTIFS(A:A,A78))>1,"ID重复","")) | D78: 103 | E78: =INDEX([1]道具配置表!$D:$D,MATCH(D78,[1]道具配置表!$A:$A,0)) -> 1石头 | F78: =F74+3000 -> 18000 | K78: 1 | M78: TRUE
C79: =IF(A79="","",IF((COUNTIFS(A:A,A79))>1,"ID重复","")) | D79: 104 | E79: =INDEX([1]道具配置表!$D:$D,MATCH(D79,[1]道具配置表!$A:$A,0)) -> 1黄金 | F79: =F75+3000 -> 18000 | K79: 1 | M79: TRUE
A80: =A76+1 -> 6600305 | B80: =MOD(A80,100)&"级城每日奖励" -> 5级城每日奖励 | C80: =IF(A80="","",IF((COUNTIFS(A:A,A80))>1,"ID重复","")) | D80: 102 | E80: =INDEX([1]道具配置表!$D:$D,MATCH(D80,[1]道具配置表!$A:$A,0)) -> 1食物 | F80: =F76+3000 -> 21000 | K80: 1 | M80: TRUE
C81: =IF(A81="","",IF((COUNTIFS(A:A,A81))>1,"ID重复","")) | D81: 101 | E81: =INDEX([1]道具配置表!$D:$D,MATCH(D81,[1]道具配置表!$A:$A,0)) -> 1木材 | F81: =F77+3000 -> 21000 | K81: 1 | M81: TRUE
C82: =IF(A82="","",IF((COUNTIFS(A:A,A82))>1,"ID重复","")) | D82: 103 | E82: =INDEX([1]道具配置表!$D:$D,MATCH(D82,[1]道具配置表!$A:$A,0)) -> 1石头 | F82: =F78+3000 -> 21000 | K82: 1 | M82: TRUE
C83: =IF(A83="","",IF((COUNTIFS(A:A,A83))>1,"ID重复","")) | D83: 104 | E83: =INDEX([1]道具配置表!$D:$D,MATCH(D83,[1]道具配置表!$A:$A,0)) -> 1黄金 | F83: =F79+3000 -> 21000 | K83: 1 | M83: TRUE
A84: =A80+1 -> 6600306 | B84: =MOD(A84,100)&"级城每日奖励" -> 6级城每日奖励 | C84: =IF(A84="","",IF((COUNTIFS(A:A,A84))>1,"ID重复","")) | D84: 102 | E84: =INDEX([1]道具配置表!$D:$D,MATCH(D84,[1]道具配置表!$A:$A,0)) -> 1食物 | F84: =F80+3000 -> 24000 | K84: 1 | M84: TRUE
C85: =IF(A85="","",IF((COUNTIFS(A:A,A85))>1,"ID重复","")) | D85: 101 | E85: =INDEX([1]道具配置表!$D:$D,MATCH(D85,[1]道具配置表!$A:$A,0)) -> 1木材 | F85: =F81+3000 -> 24000 | K85: 1 | M85: TRUE
C86: =IF(A86="","",IF((COUNTIFS(A:A,A86))>1,"ID重复","")) | D86: 103 | E86: =INDEX([1]道具配置表!$D:$D,MATCH(D86,[1]道具配置表!$A:$A,0)) -> 1石头 | F86: =F82+3000 -> 24000 | K86: 1 | M86: TRUE
C87: =IF(A87="","",IF((COUNTIFS(A:A,A87))>1,"ID重复","")) | D87: 104 | E87: =INDEX([1]道具配置表!$D:$D,MATCH(D87,[1]道具配置表!$A:$A,0)) -> 1黄金 | F87: =F83+3000 -> 24000 | K87: 1 | M87: TRUE
A88: =A84+1 -> 6600307 | B88: =MOD(A88,100)&"级城每日奖励" -> 7级城每日奖励 | C88: =IF(A88="","",IF((COUNTIFS(A:A,A88))>1,"ID重复","")) | D88: 102 | E88: =INDEX([1]道具配置表!$D:$D,MATCH(D88,[1]道具配置表!$A:$A,0)) -> 1食物 | F88: =F84+3000 -> 27000 | K88: 1 | M88: TRUE
C89: =IF(A89="","",IF((COUNTIFS(A:A,A89))>1,"ID重复","")) | D89: 101 | E89: =INDEX([1]道具配置表!$D:$D,MATCH(D89,[1]道具配置表!$A:$A,0)) -> 1木材 | F89: =F85+3000 -> 27000 | K89: 1 | M89: TRUE
C90: =IF(A90="","",IF((COUNTIFS(A:A,A90))>1,"ID重复","")) | D90: 103 | E90: =INDEX([1]道具配置表!$D:$D,MATCH(D90,[1]道具配置表!$A:$A,0)) -> 1石头 | F90: =F86+3000 -> 27000 | K90: 1 | M90: TRUE
C91: =IF(A91="","",IF((COUNTIFS(A:A,A91))>1,"ID重复","")) | D91: 104 | E91: =INDEX([1]道具配置表!$D:$D,MATCH(D91,[1]道具配置表!$A:$A,0)) -> 1黄金 | F91: =F87+3000 -> 27000 | K91: 1 | M91: TRUE
A92: =A88+1 -> 6600308 | B92: =MOD(A92,100)&"级城每日奖励" -> 8级城每日奖励 | C92: =IF(A92="","",IF((COUNTIFS(A:A,A92))>1,"ID重复","")) | D92: 102 | E92: =INDEX([1]道具配置表!$D:$D,MATCH(D92,[1]道具配置表!$A:$A,0)) -> 1食物 | F92: =F88+3000 -> 30000 | K92: 1 | M92: TRUE
C93: =IF(A93="","",IF((COUNTIFS(A:A,A93))>1,"ID重复","")) | D93: 101 | E93: =INDEX([1]道具配置表!$D:$D,MATCH(D93,[1]道具配置表!$A:$A,0)) -> 1木材 | F93: =F89+3000 -> 30000 | K93: 1 | M93: TRUE
C94: =IF(A94="","",IF((COUNTIFS(A:A,A94))>1,"ID重复","")) | D94: 103 | E94: =INDEX([1]道具配置表!$D:$D,MATCH(D94,[1]道具配置表!$A:$A,0)) -> 1石头 | F94: =F90+3000 -> 30000 | K94: 1 | M94: TRUE
C95: =IF(A95="","",IF((COUNTIFS(A:A,A95))>1,"ID重复","")) | D95: 104 | E95: =INDEX([1]道具配置表!$D:$D,MATCH(D95,[1]道具配置表!$A:$A,0)) -> 1黄金 | F95: =F91+3000 -> 30000 | K95: 1 | M95: TRUE
A96: =A92+1 -> 6600309 | B96: =MOD(A96,100)&"级城每日奖励" -> 9级城每日奖励 | C96: =IF(A96="","",IF((COUNTIFS(A:A,A96))>1,"ID重复","")) | D96: 102 | E96: =INDEX([1]道具配置表!$D:$D,MATCH(D96,[1]道具配置表!$A:$A,0)) -> 1食物 | F96: =F92+3000 -> 33000 | K96: 1 | M96: TRUE
C97: =IF(A97="","",IF((COUNTIFS(A:A,A97))>1,"ID重复","")) | D97: 101 | E97: =INDEX([1]道具配置表!$D:$D,MATCH(D97,[1]道具配置表!$A:$A,0)) -> 1木材 | F97: =F93+3000 -> 33000 | K97: 1 | M97: TRUE
C98: =IF(A98="","",IF((COUNTIFS(A:A,A98))>1,"ID重复","")) | D98: 103 | E98: =INDEX([1]道具配置表!$D:$D,MATCH(D98,[1]道具配置表!$A:$A,0)) -> 1石头 | F98: =F94+3000 -> 33000 | K98: 1 | M98: TRUE
C99: =IF(A99="","",IF((COUNTIFS(A:A,A99))>1,"ID重复","")) | D99: 104 | E99: =INDEX([1]道具配置表!$D:$D,MATCH(D99,[1]道具配置表!$A:$A,0)) -> 1黄金 | F99: =F95+3000 -> 33000 | K99: 1 | M99: TRUE
A100: =A96+1 -> 6600310 | B100: =MOD(A100,100)&"级城每日奖励" -> 10级城每日奖励 | C100: =IF(A100="","",IF((COUNTIFS(A:A,A100))>1,"ID重复","")) | D100: 102 | E100: =INDEX([1]道具配置表!$D:$D,MATCH(D100,[1]道具配置表!$A:$A,0)) -> 1食物 | F100: =F96+3000 -> 36000 | K100: 1 | M100: TRUE
...

Sheet #配表须知
A1: 分表须知
B2: * 每个策划占用10万ID段
B3: * 新增xlsx后需要将新表第一行pb名字和分表配置里对应起来(参考已有分表A1单元格的写法)
B4: * 告知服务器同学添加加载新分表的代码（ResMapAllServerLite.java.conv）
B5: * 新增分表后需转《奖励分表配置》并提交，后续只需要修改自己的分表即可
K10: 奖励随机流程
J12: 1. 产出【绝对概率】道具 | K12: 2. 产出【相对权重】道具 | L12: 3. 将第1步，第2步随机结果合并返回
J14: 1.1对每个绝对概率道具进行一次随机，决定出不出 | K14: 2.1 将所有配置了相对权重的道具组建一个随机池子
J16: 1.2 绝对概率配置范围为【0, 1】，配1必出，配置0必不出（用于预配置） | K16: 2.2 如果配置了二项权重，则从最大最小两个数字中随机选一个数字n
K18: 2.3 如果没配置二项权重，从最小最大数量范围中随机一个数字
K20: 2.4 随机数为0不进行相对权重随机，随机数大于池子大小全出

Sheet #TID_base_up
A1: 旧Key | B1: 新Key | C1: 文本
