Workbook

Sheet 支线子任务
A1: convert(ResTask.proto, table_LineTaskConf, BranchLineTaskConf.pbin)
A2: 任务ID | B2: 城镇中心等级 | C2: 分组 | D2: 序号 | E2: ID规划 | F2: 任务名称 | G2: 任务前缀 | H2: 任务数值 | I2: 任务单位 | J2: 任务名称(源文本) | K2: 任务ID辅助 | L2: 前置主线任务 | M2: 前置主线ID | N2: 解锁条件文本 | O2: 解锁条件关系 | P2: 解锁条件组 | Q2: 完成条件关系 | R2: 完成条件文本 | S2: 完成条件组 | T2: 进行中条件关系 | U2: 进行条件 | V2: 跳转名称 | W2: 跳转id | X2: 任务描述 | Y2: 图集 | Z2: sprite | AA2: 排序 | AB2: 奖励 | AC2: 替换奖励{检测是否完成的任务id;替换的奖励} | AD2: 排序分组 | AE2: 排序编号 | AF2: 是否隐藏任务 | AG2: 是否主线道具奖励类任务 | AH2: 是否是主线任务 | AI2: 任务进度显示比例(总数) | AJ2: 任务进度显示比例(已完成) | AK2: 是否自动领奖 | AL2: 是否隐藏任务
A3: id | F3: taskName | O3: common.resTriggerConditionGroup.conditionRelation | P3: common.resTriggerConditionGroup.condition.condOneOf | Q3: common.resCompleteConditionGroup.conditionRelation | S3: common.resCompleteConditionGroup.condition.condOneOf | T3: common.resDoingConditionGroup.conditionRelation | U3: common.resDoingConditionGroup.condition.condOneOf | W3: common.jumpTo | X3: taskDesc | Y3: atlas | Z3: sprite | AA3: order | AB3: common.rewardId | AC3: common.replaceReward{taskId;replaceRewardId} | AF3: hideBeforeComplete | AG3: isItemRewardShowTask | AH3: isMainTaskLine | AI3: showRatioTotal | AJ3: showRatioFinish | AK3: common.isAutoReward | AL3: isHide
A4: =10000000+B4*100000+C4*1000+D4*10 -> 10401010 | B4: 4 | C4: 1 | D4: =IF(B4=B3,D3+1,1) -> 1 | E4: 主线任务链 | F4: TID_BranchLineTaskConf_10410115_taskName_GL_Main | G4: 升级居民房舍至 | H4: 4 | I4: 级 | J4: =G4&H4&I4 -> 升级居民房舍至4级 | K4: =A4 -> 10401010 | M4: 667710 | N4: taskReward{taskId:@@@} | O4: 条件与 | P4: taskComplete{taskId:667710} | Q4: 条件与 | R4: buildingLevelUp{buildingType:202,buildingLevel:@@@} | S4: =SUBSTITUTE(R4,"@@@",H4) -> buildingLevelUp{buildingType:202,buildingLevel:4} | T4: 条件与 | V4: 跳转到居民房舍【升级】菜单按钮 | W4: 100178 | Y4: icon_task | Z4: icon_task_p3_01 | AB4: 6622004
A5: 10401020 | B5: 4 | C5: 1 | D5: 2 | E5: 主线任务链 | F5: TID_BranchLineTaskConf_10401050_taskName_GL_Main | J5: [启程之光]累计招募5次 | K5: =A5 -> 10401020 | L5: =F4 -> TID_BranchLineTaskConf_10410115_taskName_GL_Main | M5: =A4 -> 10401010 | N5: taskReward{taskId:@@@} | O5: 条件与 | P5: taskComplete{taskId:667710} | Q5: 条件与 | S5: statisticReach{type:"HeroRecruitForTypeEvent2",value:1} | T5: 条件与 | V5: 跳转到城墙【升级】菜单按钮7039 | W5: 100192 | Y5: icon_task | Z5: icon_task_p3_01 | AB5: 6622004
A6: =10000000+B6*100000+C6*1000+D6*10 -> 10401030 | B6: 4 | C6: 1 | D6: =IF(B6=B5,D5+1,1) -> 3 | E6: 主线任务链 | F6: TID_BranchLineTaskConf_30000001_01_taskName_GL_Main | G6: 通过经验书升级任意英雄至 | H6: 5 | I6: 级 | J6: =G6&H6&I6 -> 通过经验书升级任意英雄至5级 | K6: =A6 -> 10401030 | L6: =F5 -> TID_BranchLineTaskConf_10401050_taskName_GL_Main | M6: =A5 -> 10401020 | N6: taskReward{taskId:@@@} | O6: 条件与 | P6: taskComplete{taskId:667710} | Q6: 条件与 | R6: heroLevelUp{heroId:0,level:@@@} | S6: =SUBSTITUTE(R6,"@@@",H6) -> heroLevelUp{heroId:0,level:5} | T6: 条件与 | V6: 备注：新手期结束右下角只有三个hud按键，需要先暂时用到联盟的跳转才能跳到英雄上 | W6: 7110 | Y6: icon_task | Z6: icon_task_p3_01 | AB6: 6622004
A7: =10000000+B7*100000+C7*1000+D7*10 -> 10401040 | B7: 4 | C7: 1 | D7: =IF(B7=B6,D6+1,1) -> 4 | E7: 主线任务链 | F7: TID_BranchLineTaskConf_20000001_01_taskName_GL_Main | G7: 完成海岛战弈第 | H7: 1 | I7: 关 | J7: =G7&H7&I7 -> 完成海岛战弈第1关 | K7: =A7 -> 10401040 | L7: =F6 -> TID_BranchLineTaskConf_30000001_01_taskName_GL_Main | M7: =A6 -> 10401030 | N7: taskReward{taskId:@@@} | O7: 条件与 | P7: taskComplete{taskId:667710} | Q7: 条件与 | R7: autoChessPassLevel { level: @@@,value:1} | S7: =SUBSTITUTE(R7,"@@@",H7) -> autoChessPassLevel { level: 1,value:1} | T7: 条件与 | W7: 100342 | Y7: icon_task | Z7: icon_task_p3_01 | AB7: 6622004
A8: =10000000+B8*100000+C8*1000+D8*10 -> 10401050 | B8: 4 | C8: 1 | D8: =IF(B8=B7,D7+1,1) -> 5 | E8: 主线任务链 | F8: TID_BranchLineTaskConf_peasant_1_taskName_GL_Main | G8: 训练农民到16名 | J8: =G8&H8&I8 -> 训练农民到16名 | K8: =A8 -> 10401050 | L8: =F7 -> TID_BranchLineTaskConf_20000001_01_taskName_GL_Main | M8: =A7 -> 10401040 | N8: taskReward{taskId:@@@} | O8: 条件与 | Q8: 条件与 | R8: statisticReach{type:"InnerPeasantTrainEvent",value:16} | S8: =SUBSTITUTE(R8,"@@@",H8) -> statisticReach{type:"InnerPeasantTrainEvent",value:16} | T8: 条件与 | U8: buildingLevelUpNow{buildingType:205,buildingWantLevel:30} | W8: 100190 | Y8: icon_task | Z8: icon_task_p3_01 | AB8: 6622004
A9: =10000000+B9*100000+C9*1000+D9*10 -> 10401060 | B9: 4 | C9: 1 | D9: =IF(B9=B8,D8+1,1) -> 6 | E9: 主线任务链 | F9: TID_BranchLineTaskConf_10601031_taskName_GL_Main | G9: 派遣农民进伐木场 | J9: =G9&H9&I9 -> 派遣农民进伐木场 | K9: =A9 -> 10401060 | L9: =F8 -> TID_BranchLineTaskConf_peasant_1_taskName_GL_Main | M9: =A8 -> 10401050 | N9: taskReward{taskId:@@@} | O9: 条件与 | Q9: 条件与 | R9: deployedFarmerToBuildingResource{cityElementType:204,value:1} | S9: =SUBSTITUTE(R9,"@@@",H9) -> deployedFarmerToBuildingResource{cityElementType:204,value:1} | T9: 条件与 | U9: buildingLevelUpNow{buildingType:205,buildingWantLevel:30} | V9: 跳转到伐木场【升级】菜单按钮7011 | W9: 100212 | Y9: icon_task | Z9: icon_task_p3_01 | AB9: 6622006
A10: =10000000+B10*100000+C10*1000+D10*10 -> 10401070 | B10: 4 | C10: 1 | D10: =IF(B10=B9,D9+1,1) -> 7 | E10: 主线任务链 | F10: TID_BranchLineTaskConfSpecial_204_1_taskName_GL_Main | G10: 升级伐木场至 | H10: 4 | I10: 级 | J10: =G10&H10&I10 -> 升级伐木场至4级 | K10: =A10 -> 10401070 | L10: =F9 -> TID_BranchLineTaskConf_10601031_taskName_GL_Main | M10: =A9 -> 10401060 | N10: taskReward{taskId:@@@} | O10: 条件与 | Q10: 条件与 | R10: buildingLevelUp{buildingType:204,buildingLevel:@@@} | S10: =SUBSTITUTE(R10,"@@@",H10) -> buildingLevelUp{buildingType:204,buildingLevel:4} | T10: 条件与 | U10: buildingLevelUpNow{buildingType:204,buildingWantLevel:20} | V10: 跳转到磨坊【升级】菜单按钮7009 | W10: 100180 | Y10: icon_task | Z10: icon_task_p3_01 | AB10: 6622006
A11: =10000000+B11*100000+C11*1000+D11*10 -> 10401080 | B11: 4 | C11: 1 | D11: =IF(B11=B10,D10+1,1) -> 8 | E11: 主线任务链 | F11: TID_BranchLineTaskConfSpecial_203_1_taskName_GL_Main | G11: 升级磨坊至 | H11: 4 | I11: 级 | J11: =G11&H11&I11 -> 升级磨坊至4级 | K11: =A11 -> 10401080 | L11: =F10 -> TID_BranchLineTaskConfSpecial_204_1_taskName_GL_Main | M11: =A10 -> 10401070 | N11: taskReward{taskId:@@@} | O11: 条件与 | Q11: 条件与 | R11: buildingLevelUp{buildingType:203,buildingLevel:@@@} | S11: =SUBSTITUTE(R11,"@@@",H11) -> buildingLevelUp{buildingType:203,buildingLevel:4} | T11: 条件与 | U11: buildingLevelUpNow{buildingType:203,buildingWantLevel:30} | V11: 跳转到旅店【建造】确认 | W11: 100179 | Y11: icon_task | Z11: icon_task_p3_01 | AB11: 6622004
A12: =10000000+B12*100000+C12*1000+D12*10 -> 10401090 | B12: 4 | C12: 1 | D12: =IF(B12=B11,D11+1,1) -> 9 | E12: 主线任务链 | F12: TID_BranchLineTaskConf_20000001_02_taskName_GL_Main | G12: 完成海岛战弈第 | H12: 2 | I12: 关 | J12: =G12&H12&I12 -> 完成海岛战弈第2关 | K12: =A12 -> 10401090 | L12: =F11 -> TID_BranchLineTaskConfSpecial_203_1_taskName_GL_Main | M12: =A11 -> 10401080 | N12: taskReward{taskId:@@@} | O12: 条件与 | Q12: 条件与 | R12: autoChessPassLevel { level: @@@,value:1} | S12: =SUBSTITUTE(R12,"@@@",H12) -> autoChessPassLevel { level: 2,value:1} | T12: 条件与 | W12: 100342 | Y12: icon_task | Z12: icon_task_p3_01 | AB12: 6622004
A13: =10000000+B13*100000+C13*1000+D13*10 -> 10401100 | B13: 4 | C13: 1 | D13: =IF(B13=B12,D12+1,1) -> 10 | E13: 主线任务链 | F13: TID_BranchLineTaskConf_10510114_taskName_GL_Main | G13: 任意英雄固有技能升级至 | H13: 5 | I13: 级 | J13: =G13&H13&I13 -> 任意英雄固有技能升级至5级 | K13: =A13 -> 10401100 | L13: =F12 -> TID_BranchLineTaskConf_20000001_02_taskName_GL_Main | M13: =A12 -> 10401090 | N13: taskReward{taskId:@@@} | O13: 条件与 | Q13: 条件与 | S13: alwaysTrue{} | T13: 条件与 | V13: 备注：新手期结束右下角只有三个hud按键，需要先暂时用到联盟的跳转才能跳到英雄上 | W13: 7110 | Y13: icon_task | Z13: icon_task_p3_01 | AB13: 6622004 | AK13: TRUE | AL13: TRUE
A14: =10000000+B14*100000+C14*1000+D14*10 -> 10401110 | B14: 4 | C14: 1 | D14: =IF(B14=B13,D13+1,1) -> 11 | E14: 主线任务链 | F14: TID_BranchLineTaskConf_10401030_2_taskName_GL_Main | G14: 训练1级剑士 | H14: 1 | I14: 名 | J14: =G14&H14&I14 -> 训练1级剑士1名 | K14: =A14 -> 10401110 | L14: =F13 -> TID_BranchLineTaskConf_10510114_taskName_GL_Main | M14: =A13 -> 10401100 | N14: taskReward{taskId:@@@} | O14: 条件与 | Q14: 条件或 | S14: soldierTraining{soldierType1:0,soldierLevel:1} | T14: 条件与 | U14: soldierTraining{soldierType1:0,soldierLevel:1} | V14: 【海外】跳转到剑士营【训练】700名1级剑士 | W14: 100207 | Y14: icon_task | Z14: icon_task_p3_01 | AB14: 6622004
S15: soldierTrain{soldierType1:SNV_Swordsman,soldierLevel:0,value:1}
A16: =10000000+B16*100000+C16*1000+D16*10 -> 10401120 | B16: 4 | C16: 1 | D16: =IF(B16=B14,D14+1,1) -> 12 | E16: 主线任务链 | F16: TID_BranchLineTaskConf_10401020_taskName_GL_Main | G16: 升级剑士营至 | H16: 4 | I16: 级 | J16: =G16&H16&I16 -> 升级剑士营至4级 | K16: =A16 -> 10401120 | L16: =F14 -> TID_BranchLineTaskConf_10401030_2_taskName_GL_Main | M16: =A14 -> 10401110 | N16: taskReward{taskId:@@@} | O16: 条件与 | Q16: 条件与 | R16: buildingLevelUp{buildingType:206,buildingLevel:@@@} | S16: =SUBSTITUTE(R16,"@@@",H16) -> buildingLevelUp{buildingType:206,buildingLevel:4} | T16: 条件与 | V16: 跳转到剑士营【升级】菜单按钮7015 | W16: 100182 | Y16: icon_task | Z16: icon_task_p3_01 | AB16: 6622004
A17: =10000000+B17*100000+C17*1000+D17*10 -> 10401130 | B17: 4 | C17: 1 | D17: =IF(B17=B16,D16+1,1) -> 13 | E17: 主线任务链 | F17: TID_BranchLineTaskConf_20000001_03_taskName_GL_Main | G17: 完成海岛战弈第 | H17: 3 | I17: 关 | J17: =G17&H17&I17 -> 完成海岛战弈第3关 | K17: =A17 -> 10401130 | L17: =F16 -> TID_BranchLineTaskConf_10401020_taskName_GL_Main | M17: =A16 -> 10401120 | N17: taskReward{taskId:@@@} | O17: 条件与 | Q17: 条件与 | R17: autoChessPassLevel { level: @@@,value:1} | S17: =SUBSTITUTE(R17,"@@@",H17) -> autoChessPassLevel { level: 3,value:1} | T17: 条件与 | W17: 100342 | Y17: icon_task | Z17: icon_task_p3_01 | AB17: 6622004
A18: =10000000+B18*100000+C18*1000+D18*10 -> 10401140 | B18: 4 | C18: 1 | D18: =IF(B18=B17,D17+1,1) -> 14 | E18: 主线任务链 | F18: TID_BranchLineTaskConf_30000001_02_taskName_GL_Main | G18: 通过经验书升级任意英雄至 | H18: 8 | I18: 级 | J18: =G18&H18&I18 -> 通过经验书升级任意英雄至8级 | K18: =A18 -> 10401140 | L18: =F20 -> TID_BranchLineTaskConf_222_1_taskName_GL_Main | M18: =A17 -> 10401130 | N18: taskReward{taskId:@@@} | O18: 条件与 | Q18: 条件与 | R18: heroLevelUp{heroId:0,level:@@@} | S18: =SUBSTITUTE(R18,"@@@",H18) -> heroLevelUp{heroId:0,level:8} | T18: 条件与 | V18: 备注：新手期结束右下角只有三个hud按键，需要先暂时用到联盟的跳转才能跳到英雄上 | W18: 7110 | Y18: icon_task | Z18: icon_task_p3_01 | AB18: 6622005
A19: =10000000+B19*100000+C19*1000+D19*10 -> 10401150 | B19: 4 | C19: 1 | D19: =IF(B19=B18,D18+1,1) -> 15 | E19: 主线任务链 | F19: TID_BranchLineTaskConf_10410121_taskName_GL_Main | G19: 升级城镇中心至 | H19: 5 | I19: 级 | J19: =G19&H19&I19 -> 升级城镇中心至5级 | K19: =A19 -> 10401150 | L19: =F21 -> TID_BranchLineTaskConf_215_1_taskName_GL_Main | M19: =A18 -> 10401140 | N19: taskReward{taskId:@@@} | O19: 条件与 | Q19: 条件与 | R19: buildingLevelUp{buildingType:201,buildingLevel:@@@} | S19: =SUBSTITUTE(R19,"@@@",H19) -> buildingLevelUp{buildingType:201,buildingLevel:5} | T19: 条件与 | U19: buildingLevelUpNow{buildingType:201,buildingWantLevel:20} | V19: 跳转到城镇中心【升级】菜单按钮7001 | W19: 100177 | Y19: icon_task | Z19: icon_task_p3_01 | AB19: 6622005
A20: =10000000+B20*100000+C20*1000+D20*10 -> 10401160 | B20: 4 | C20: 1 | D20: =IF(B20=B19,D19+1,1) -> 16 | E20: 主线任务链 | F20: TID_BranchLineTaskConf_222_1_taskName_GL_Main | G20: 升级治疗房舍至 | H20: 4 | I20: 级 | J20: =G20&H20&I20 -> 升级治疗房舍至4级 | K20: =A20 -> 10401160 | L20: =F33 -> TID_BranchLineTaskConf_10410122_taskName_GL_Main | M20: =A19 -> 10401150 | N20: taskReward{taskId:@@@} | O20: 条件与 | Q20: 条件与 | R20: buildingLevelUp{buildingType:222,buildingLevel:@@@} | S20: =SUBSTITUTE(R20,"@@@",H20) -> buildingLevelUp{buildingType:222,buildingLevel:4} | T20: 条件与 | U20: buildingLevelUpNow{buildingType:222,buildingWantLevel:20} | V20: 跳转到治疗房舍【升级】菜单按钮7041 | W20: 100185 | Y20: icon_task | Z20: icon_task_p3_01 | AB20: 6622005
A21: =10000000+B21*100000+C21*1000+D21*10 -> 10401170 | B21: 4 | C21: 1 | D21: =IF(B21=B20,D20+1,1) -> 17 | E21: 主线任务链 | F21: TID_BranchLineTaskConf_215_1_taskName_GL_Main | G21: 升级城墙至 | H21: 4 | I21: 级 | J21: =G21&H21&I21 -> 升级城墙至4级 | K21: =A21 -> 10401170 | L21: =F34 -> TID_BranchLineTaskConf_226_1_taskName_GL_Main | M21: =A20 -> 10401160 | N21: taskReward{taskId:@@@} | O21: 条件与 | Q21: 条件与 | R21: buildingLevelUp{buildingType:215,buildingLevel:@@@} | S21: =SUBSTITUTE(R21,"@@@",H21) -> buildingLevelUp{buildingType:215,buildingLevel:4} | T21: 条件与 | U21: buildingLevelUpNow{buildingType:215,buildingWantLevel:30} | V21: 跳转到城墙【升级】菜单按钮7039 | W21: 100184 | Y21: icon_task | Z21: icon_task_p3_01 | AB21: 6622004
A22: =10000000+B22*100000+C22*1000+D22*10 -> 10501010 | B22: 5 | C22: 1 | D22: 1 | E22: 主线任务链 | F22: TID_MainSubTaskConf_1111010_taskName_CN_Main | G22: 建造 | H22: 1 | I22: 个学院 | J22: =G22&H22&I22 -> 建造1个学院 | K22: =A22 -> 10501010 | L22: =F35 -> TID_BranchLineTaskConf_215_2_taskName_GL_Main | M22: =A21 -> 10401170 | N22: taskReward{taskId:@@@} | O22: 条件与 | Q22: 条件与 | R22: buildingSum{buildingType:211,sum:1} | S22: =SUBSTITUTE(R22,"@@@",H22) -> buildingSum{buildingType:211,sum:1} | T22: 条件与 | W22: 100305 | Y22: icon_task | Z22: icon_task_p3_01 | AB22: 6622004
A23: =10000000+B23*100000+C23*1000+D23*10 -> 10501020 | B23: 5 | C23: 1 | D23: 2 | E23: 主线任务链 | F23: TID_BranchLineTaskConf_10501110_taskName_GL_Main | G23: 研究[全兵种训练速度1]科技至 | H23: 1 | I23: 级 | J23: =G23&H23&I23 -> 研究[全兵种训练速度1]科技至1级 | K23: =A23 -> 10501020 | L23: =F36 -> TID_BranchLineTaskConf_10510118_taskName_GL_Main | M23: =A22 -> 10501010 | N23: taskReward{taskId:@@@} | O23: 条件与 | Q23: 条件与 | R23: castleScienceMultiLevelUp {techId:10101,level:1,relationIfWith:true} | S23: =SUBSTITUTE(R23,"@@@",H23) -> castleScienceMultiLevelUp {techId:10101,level:1,relationIfWith:true} | T23: 条件与 | U23: scienceLevelUping{scienceId:0,wantLevel:0} | V23: 【海外】跳转到学院【研究科技】菜单按钮 | W23: 100208 | Y23: icon_task | Z23: icon_task_p3_01 | AB23: 6622005
A24: =10000000+B24*100000+C24*1000+D24*10 -> 10501030 | B24: 5 | C24: 1 | D24: 3 | E24: 主线任务链 | F24: TID_BranchLineTaskConf_211_2_taskName_GL_Main | G24: 升级学院至 | H24: 3 | I24: 级 | J24: =G24&H24&I24 -> 升级学院至3级 | K24: =A24 -> 10501030 | L24: =F37 -> TID_BranchLineTaskConf_10410111_taskName_GL_Main | M24: =A23 -> 10501020 | N24: taskReward{taskId:@@@} | O24: 条件与 | Q24: 条件与 | R24: buildingLevelUp{buildingType:211,buildingLevel:@@@} | S24: =SUBSTITUTE(R24,"@@@",H24) -> buildingLevelUp{buildingType:211,buildingLevel:3} | T24: 条件与 | U24: buildingLevelUpNow{buildingType:211,buildingWantLevel:30} | V24: 跳转到学院【升级】菜单按钮 | W24: 100328 | Y24: icon_task | Z24: icon_task_p3_01 | AB24: 6622012
A25: =10000000+B25*100000+C25*1000+D25*10 -> 10501040 | B25: 5 | C25: 1 | D25: 4 | E25: 主线任务链 | F25: TID_NewbieStepsData_2_10801110_tipsText_GL_Share | G25: 研究科技解锁 | I25: [剑士攻击1级] | J25: =G25&H25&I25 -> 研究科技解锁[剑士攻击1级] | K25: =A25 -> 10501040 | L25: =F38 -> TID_BranchLineTaskConf_10510104_taskName_GL_Main | M25: =A24 -> 10501030 | N25: taskReward{taskId:@@@} | O25: 条件与 | Q25: 条件与 | R25: castleScienceMultiLevelUp {techId:10201,level:1,relationIfWith:false} | S25: =SUBSTITUTE(R25,"@@@",H25) -> castleScienceMultiLevelUp {techId:10201,level:1,relationIfWith:false} | T25: 条件与 | U25: scienceLevelUping{scienceId:0,wantLevel:0} | V25: 【海外】跳转到学院【剑士攻击3级】菜单按钮 | W25: 100142 | Y25: icon_task | Z25: icon_task_p3_01 | AB25: 6622008
A26: =10000000+B26*100000+C26*1000+D26*10 -> 10501050 | B26: 5 | C26: 1 | D26: 5 | E26: 主线任务链 | F26: TID_BranchLineTaskConf_20000001_04_taskName_GL_Main | G26: 完成海岛战弈第 | H26: 4 | I26: 关 | J26: =G26&H26&I26 -> 完成海岛战弈第4关 | K26: =A26 -> 10501050 | L26: =F39 -> TID_BranchLineTaskConf_peasant_2_taskName_GL_Main | M26: =A25 -> 10501040 | N26: taskReward{taskId:@@@} | O26: 条件与 | Q26: 条件与 | R26: autoChessPassLevel { level: @@@,value:1} | S26: =SUBSTITUTE(R26,"@@@",H26) -> autoChessPassLevel { level: 4,value:1} | T26: 条件与 | W26: 100342 | Y26: icon_task | Z26: icon_task_p3_01 | AB26: 6622004
A27: =10000000+B27*100000+C27*1000+D27*10 -> 10501060 | B27: 5 | C27: 1 | D27: 6 | E27: 主线任务链 | F27: TID_BranchLineTaskConf_10014010_taskName_GL_Main | G27: 任意2个英雄等级提升至 | H27: 10 | I27: 级 | J27: 任意2个英雄等级提升至10级 | K27: =A27 -> 10501060 | L27: =F40 -> TID_BranchLineTaskConf_10401141_taskName_GL_Main | M27: =A26 -> 10501050 | N27: taskReward{taskId:@@@} | O27: 条件与 | Q27: 条件与 | R27: heroLevel{level:@@@,count:2} | S27: =SUBSTITUTE(R27,"@@@",H27) -> heroLevel{level:10,count:2} | T27: 条件与 | U27: attackingMonsterNow{categoryType:0,rarity:0,level:0} | V27: 【海外】跳转英雄界面指向加号按钮 | W27: 100147 | Y27: icon_task | Z27: icon_task_p3_01 | AB27: 6622005
A28: =10000000+B28*100000+C28*1000+D28*10 -> 10501070 | B28: 5 | C28: 1 | D28: 7 | E28: 主线任务链 | F28: TID_BranchLineTaskConf_10410121_1_taskName_GL_Main | G28: 升级酒馆至 | H28: 5 | I28: 级 | J28: =G28&H28&I28 -> 升级酒馆至5级 | K28: =A28 -> 10501070 | L28: =F41 -> TID_BranchLineTaskConf_10012020_taskName_GL_Main | M28: =A27 -> 10501060 | N28: taskReward{taskId:@@@} | O28: 条件与 | Q28: 条件或 | S28: buildingLevelUpNow{buildingType:237,buildingWantLevel:5} | T28: 条件与 | W28: 100339 | Y28: icon_task | Z28: icon_task_p3_01 | AB28: 6622005 | AI28: 0.19 | AJ28: 0.19
S29: buildingLevelUp{buildingType:237,buildingLevel:5}
A30: =10000000+B30*100000+C30*1000+D30*10 -> 10501080 | B30: 5 | C30: 1 | D30: 8 | E30: 主线任务链 | F30: TID_BranchLineTaskConf_10410105_taskName_GL_Main | G30: 前往城外探查 | J30: =G30&H30&I30 -> 前往城外探查 | K30: =A30 -> 10501080 | L30: =F42 -> TID_BranchLineTaskConf_10601080_taskName_GL_Main | M30: =A28 -> 10501070 | N30: taskReward{taskId:@@@} | O30: 条件与 | Q30: 条件与 | R30: playerEnterBigScene{count:1} | S30: =SUBSTITUTE(R30,"@@@",H30) -> playerEnterBigScene{count:1} | T30: 条件与 | V30: 跳转到城外(默认为当前屏幕中心位置) | W30: 100097 | Y30: icon_task | Z30: icon_task_p3_01 | AB30: 6622004
A31: =10000000+B31*100000+C31*1000+D31*10 -> 10601010 | B31: 6 | C31: 1 | D31: 1 | E31: 主线任务链 | F31: TID_ExploreSubTaskConf_667212_taskName_GL_Main_spe | G31: 清剿1级蛮族 | H31: 1 | I31: 次 | J31: =G31&H31&I31 -> 清剿1级蛮族1次 | K31: =A31 -> 10601010 | L31: =F43 -> TID_BranchLineTaskConf_10401030_1_taskName_GL_Main | M31: =A30 -> 10501080 | N31: taskReward{taskId:@@@} | O31: 条件与 | Q31: 条件与 | R31: statisticReach{type:"BattleKillMonsterEvent1_1",value:@@@} | S31: =SUBSTITUTE(R31,"@@@",H31) -> statisticReach{type:"BattleKillMonsterEvent1_1",value:1} | T31: 条件与 | U31: attackingMonsterNow{categoryType:0,rarity:0,level:0} | V31: 跳转到城外【可打下一等级】野怪进攻按钮 | W31: 7569 | Y31: icon_task | Z31: icon_task_p3_01 | AB31: 6622005
A32: =10000000+B32*100000+C32*1000+D32*10 -> 10601020 | B32: 6 | C32: 1 | D32: 2 | E32: 主线任务链 | F32: TID_BranchLineTaskConf_10410118_taskName_GL_Main | G32: 攻占1个 | H32: 1 | I32: 级或更高级的资源点 | J32: =G32&H32&I32 -> 攻占1个1级或更高级的资源点 | K32: =A32 -> 10601020 | L32: =F44 -> TID_BranchLineTaskConf_AnySpeedUp_1_taskName_GL_Main | M32: =A31 -> 10601010 | N32: taskReward{taskId:@@@} | O32: 条件与 | Q32: 条件与 | R32: occupyResourceLand{level:@@@,occupyNum:1,needTrace:true} | S32: =SUBSTITUTE(R32,"@@@",H32) -> occupyResourceLand{level:1,occupyNum:1,needTrace:true} | T32: 条件与 | V32: 跳转到1级【任意】资源点采集按钮 | W32: 100101 | Y32: icon_task | Z32: icon_task_p3_01 | AB32: 6622005
A33: =10000000+B33*100000+C33*1000+D33*10 -> 10601030 | B33: 6 | C33: 1 | D33: 3 | E33: 主线任务链 | F33: TID_BranchLineTaskConf_10410122_taskName_GL_Main | G33: 加入任意 | H33: 1 | I33: 个联盟 | J33: =G33&H33&I33 -> 加入任意1个联盟 | K33: =A33 -> 10601030 | L33: =F45 -> TID_BranchLineTaskConf_10012030_taskName_GL_Main | M33: =A32 -> 10601020 | N33: taskReward{taskId:@@@} | O33: 条件与 | Q33: 条件与 | R33: allianceJoin{count:1} | S33: =SUBSTITUTE(R33,"@@@",H33) -> allianceJoin{count:1} | T33: 条件与 | W33: 100353 | Y33: icon_task | Z33: icon_task_p3_01 | AB33: 6622006
A34: =10000000+B34*100000+C34*1000+D34*10 -> 10601040 | B34: 6 | C34: 1 | D34: 4 | E34: 主线任务链 | F34: TID_BranchLineTaskConf_226_1_taskName_GL_Main | G34: 升级瞭望塔至 | H34: 5 | I34: 级 | J34: =G34&H34&I34 -> 升级瞭望塔至5级 | K34: =A34 -> 10601040 | L34: =F46 -> TID_BranchLineTaskConf_10910101_taskName_GL_Main | M34: =A33 -> 10601030 | N34: taskReward{taskId:@@@} | O34: 条件与 | Q34: 条件与 | R34: buildingLevelUp{buildingType:226,buildingLevel:@@@} | S34: =SUBSTITUTE(R34,"@@@",H34) -> buildingLevelUp{buildingType:226,buildingLevel:5} | T34: 条件与 | V34: 跳转到瞭望塔【升级】菜单按钮7049 | W34: 100186 | Y34: icon_task | Z34: icon_task_p3_01 | AB34: 6622004
A35: =10000000+B35*100000+C35*1000+D35*10 -> 10601050 | B35: 6 | C35: 1 | D35: 5 | E35: 主线任务链 | F35: TID_BranchLineTaskConf_215_2_taskName_GL_Main | G35: 升级城墙至 | H35: 5 | I35: 级 | J35: =G35&H35&I35 -> 升级城墙至5级 | K35: =A35 -> 10601050 | L35: =F47 -> TID_BranchLineTaskConf_400_0_taskName_GL_Main | M35: =A34 -> 10601040 | N35: taskReward{taskId:@@@} | O35: 条件与 | Q35: 条件与 | R35: buildingLevelUp{buildingType:215,buildingLevel:@@@} | S35: =SUBSTITUTE(R35,"@@@",H35) -> buildingLevelUp{buildingType:215,buildingLevel:5} | T35: 条件与 | V35: 跳转到城墙【升级】菜单按钮7039 | W35: 100184 | Y35: icon_task | Z35: icon_task_p3_01 | AB35: 6622004
A36: =10000000+B36*100000+C36*1000+D36*10 -> 10601060 | B36: 6 | C36: 1 | D36: 6 | E36: 主线任务链 | F36: TID_BranchLineTaskConf_10510118_taskName_GL_Main | G36: 升级城镇中心至 | H36: 6 | I36: 级 | J36: =G36&H36&I36 -> 升级城镇中心至6级 | K36: =A36 -> 10601060 | L36: =F61 -> TID_BranchLineTaskConf_10012050_taskName_GL_Main | M36: =A35 -> 10601050 | N36: taskReward{taskId:@@@} | O36: 条件与 | Q36: 条件与 | R36: buildingLevelUp{buildingType:201,buildingLevel:@@@} | S36: =SUBSTITUTE(R36,"@@@",H36) -> buildingLevelUp{buildingType:201,buildingLevel:6} | T36: 条件与 | V36: 跳转到城镇中心【升级】菜单按钮7001 | W36: 100177 | Y36: icon_task | Z36: icon_task_p3_01 | AB36: 6622004
A37: =10000000+B37*100000+C37*1000+D37*10 -> 10601070 | B37: 6 | C37: 1 | D37: 7 | E37: 主线任务链 | F37: TID_BranchLineTaskConf_10410111_taskName_GL_Main | G37: 建造 | H37: 1 | I37: 个石矿场 | J37: =G37&H37&I37 -> 建造1个石矿场 | K37: =A37 -> 10601070 | L37: =F39 -> TID_BranchLineTaskConf_peasant_2_taskName_GL_Main | M37: =A36 -> 10601060 | N37: taskReward{taskId:@@@} | O37: 条件与 | Q37: 条件与 | R37: buildingSum{buildingType:205,sum:1} | S37: =SUBSTITUTE(R37,"@@@",H37) -> buildingSum{buildingType:205,sum:1} | T37: 条件与 | V37: 跳转到石矿场【建造】确认 | W37: 100165 | Y37: icon_task | Z37: icon_task_p3_01 | AB37: 6622004
A38: =10000000+B38*100000+C38*1000+D38*10 -> 10601080 | B38: 6 | C38: 1 | D38: 8 | E38: 主线任务链 | F38: TID_BranchLineTaskConf_10510104_taskName_GL_Main | G38: 升级居民房舍至 | H38: 5 | I38: 级 | J38: =G38&H38&I38 -> 升级居民房舍至5级 | K38: =A38 -> 10601080 | L38: =F56 -> TID_BranchLineTaskConf_10710112_taskName_GL_Main | M38: =A37 -> 10601070 | N38: taskReward{taskId:@@@} | O38: 条件与 | Q38: 条件与 | R38: buildingLevelUp{buildingType:202,buildingLevel:@@@} | S38: =SUBSTITUTE(R38,"@@@",H38) -> buildingLevelUp{buildingType:202,buildingLevel:5} | T38: 条件与 | U38: barracksIsLevelUpNow{type:0,level:20} | V38: 跳转到居民房舍【升级】菜单按钮 | W38: 100178 | Y38: icon_task | Z38: icon_task_p3_01 | AB38: 6622008
A39: =10000000+B39*100000+C39*1000+D39*10 -> 10601090 | B39: 6 | C39: 1 | D39: 9 | E39: 主线任务链 | F39: TID_BranchLineTaskConf_peasant_2_taskName_GL_Main | G39: 训练农民到17名 | J39: =G39&H39&I39 -> 训练农民到17名 | K39: =A39 -> 10601090 | L39: =F57 -> TID_BranchLineTaskConf_10810101_taskName_GL_Main | M39: =A38 -> 10601080 | N39: taskReward{taskId:@@@} | O39: 条件与 | Q39: 条件与 | R39: statisticReach{type:"InnerPeasantTrainEvent",value:17} | S39: =SUBSTITUTE(R39,"@@@",H39) -> statisticReach{type:"InnerPeasantTrainEvent",value:17} | T39: 条件与 | W39: 100190 | Y39: icon_task | Z39: icon_task_p3_01 | AB39: 6622004
A40: =10000000+B40*100000+C40*1000+D40*10 -> 10601100 | B40: 6 | C40: 1 | D40: 10 | E40: 主线任务链 | F40: TID_BranchLineTaskConf_10401141_taskName_GL_Main | G40: 派遣农民进采石场 | J40: =G40&H40&I40 -> 派遣农民进采石场 | K40: =A40 -> 10601100 | L40: =F17 -> TID_BranchLineTaskConf_20000001_03_taskName_GL_Main | M40: =A39 -> 10601090 | N40: taskReward{taskId:@@@} | O40: 条件与 | Q40: 条件与 | R40: deployedFarmerToBuildingResource{cityElementType:205,value:1} | S40: =SUBSTITUTE(R40,"@@@",H40) -> deployedFarmerToBuildingResource{cityElementType:205,value:1} | T40: 条件与 | W40: 100211 | Y40: icon_task | Z40: icon_task_p3_01 | AB40: 6622004
A41: =10000000+B41*100000+C41*1000+D41*10 -> 10601110 | B41: 6 | C41: 1 | D41: 11 | E41: 主线任务链 | F41: TID_BranchLineTaskConf_10012020_taskName_GL_Main | G41: 清剿 | H41: 2 | I41: 级或更高级【普通】蛮族 | J41: =G41&H41&I41 -> 清剿2级或更高级【普通】蛮族 | K41: =A41 -> 10601110 | L41: =F31 -> TID_ExploreSubTaskConf_667212_taskName_GL_Main_spe | M41: =A32 -> 10601020 | N41: taskReward{taskId:@@@} | O41: 条件与 | Q41: 条件与 | R41: statisticReach{type:"BattleKillMonsterEvent@@@_1",value:1} | S41: =SUBSTITUTE(R41,"@@@",H41) -> statisticReach{type:"BattleKillMonsterEvent2_1",value:1} | T41: 条件与 | U41: attackingMonsterNow{categoryType:0,rarity:0,level:0} | V41: 跳转到城外【可打最高级】野怪进攻按钮 | W41: =VLOOKUP(V41,[1]界面跳转!$I:$J,2,FALSE) -> 7254 | Y41: icon_task | Z41: icon_task_p3_01 | AB41: 6622005
A42: =10000000+B42*100000+C42*1000+D42*10 -> 10601120 | B42: 6 | C42: 1 | D42: 12 | E42: 主线任务链 | F42: TID_BranchLineTaskConf_10601080_taskName_GL_Main | G42: 研究科技解锁 | I42: 高级剑士 | J42: =G42&H42&I42 -> 研究科技解锁高级剑士 | K42: =A42 -> 10601120 | L42: =F66 -> TID_BranchLineTaskConf_10910113_taskName_GL_Main | M42: =A40 -> 10601100 | N42: taskReward{taskId:@@@} | O42: 条件与 | Q42: 条件与 | R42: castleScienceMultiLevelUp {techId:10301,techId:10302,techId:10303,techId:10304,level:1,relationIfWith:false} | S42: =SUBSTITUTE(R42,"@@@",H42) -> castleScienceMultiLevelUp {techId:10301,techId:10302,techId:10303,techId:10304,level:1,relationIfWith:false} | T42: 条件与 | U42: scienceLevelUping{scienceId:0,wantLevel:0} | V42: 【海外】跳转到学院【高级剑士】菜单按钮 | W42: 100175 | Y42: icon_task | Z42: icon_task_p3_01 | AB42: 6622004
A43: =10000000+B43*100000+C43*1000+D43*10 -> 10701010 | B43: 7 | C43: 1 | D43: 1 | E43: 主线任务链 | F43: TID_BranchLineTaskConf_10401030_1_taskName_GL_Main | G43: 训练2级剑士 | H43: 1 | I43: 次 | J43: =G43&H43&I43 -> 训练2级剑士1次 | K43: =A43 -> 10701010 | L43: =F59 -> TID_BranchLineTaskConf_10810111_taskName_GL_Main | M43: =A42 -> 10601120 | N43: taskReward{taskId:@@@} | O43: 条件与 | Q43: 条件与 | R43: soldierTrain{soldierType1:SNV_Swordsman,soldierLevel:2,value:1} | S43: =SUBSTITUTE(R43,"@@@",H43) -> soldierTrain{soldierType1:SNV_Swordsman,soldierLevel:2,value:1} | T43: 条件与 | U43: soldierTraining{soldierType1:0,soldierLevel:1} | V43: 【海外】跳转到剑士营【训练】700名1级剑士 | W43: 100207 | Y43: icon_task | Z43: icon_task_p3_01 | AB43: 6622009
A44: =10000000+B44*100000+C44*1000+D44*10 -> 10701020 | B44: 7 | C44: 1 | D44: 2 | E44: 主线任务链 | F44: TID_BranchLineTaskConf_AnySpeedUp_1_taskName_GL_Main | G44: 使用任意加速时间累积 | H44: 10 | I44: 分钟 | J44: =G44&H44&I44 -> 使用任意加速时间累积10分钟 | K44: =A44 -> 10701020 | L44: =F46 -> TID_BranchLineTaskConf_10910101_taskName_GL_Main | M44: =A43 -> 10701010 | N44: taskReward{taskId:@@@} | O44: 条件与 | Q44: 条件与 | R44: itemSpeedUp{speedUpType:0,minutes:@@@} | S44: =SUBSTITUTE(R44,"@@@",H44) -> itemSpeedUp{speedUpType:0,minutes:10} | T44: 条件与 | V44: 【海外】跳转到学院【剑士攻击3级】菜单按钮 | W44: 100207 | Y44: icon_task | Z44: icon_task_p3_01 | AB44: 6622009
A45: =10000000+B45*100000+C45*1000+D45*10 -> 10701030 | B45: 7 | C45: 1 | D45: 3 | E45: 主线任务链 | F45: TID_BranchLineTaskConf_10012030_taskName_GL_Main | G45: 清剿 | H45: 3 | I45: 级或更高级【普通】蛮族 | J45: =G45&H45&I45 -> 清剿3级或更高级【普通】蛮族 | K45: =A45 -> 10701030 | L45: =F47 -> TID_BranchLineTaskConf_400_0_taskName_GL_Main | M45: =A44 -> 10701020 | N45: taskReward{taskId:@@@} | O45: 条件与 | Q45: 条件与 | R45: statisticReach{type:"BattleKillMonsterEvent@@@_1",value:1} | S45: =SUBSTITUTE(R45,"@@@",H45) -> statisticReach{type:"BattleKillMonsterEvent3_1",value:1} | T45: 条件与 | U45: attackingMonsterNow{categoryType:0,rarity:0,level:0} | V45: 跳转到城外【可打最高级】野怪进攻按钮 | W45: 7254 | Y45: icon_task | Z45: icon_task_p3_01 | AB45: 6622006
A46: =10000000+B46*100000+C46*1000+D46*10 -> 10701040 | B46: 7 | C46: 1 | D46: 4 | E46: 主线任务链 | F46: TID_BranchLineTaskConf_10910101_taskName_GL_Main | G46: 建造 | H46: 1 | I46: 个市集 | J46: =G46&H46&I46 -> 建造1个市集 | K46: =A46 -> 10701040 | L46: =F48 -> TID_BranchLineTaskConf_215_3_taskName_GL_Main | M46: =A45 -> 10701030 | N46: taskReward{taskId:@@@} | O46: 条件与 | Q46: 条件与 | R46: buildingSum{buildingType:231,sum:@@@} | S46: =SUBSTITUTE(R46,"@@@",H46) -> buildingSum{buildingType:231,sum:1} | T46: 条件与 | U46: buildingLevelUpNow{buildingType:231,buildingWantLevel:1} | V46: 跳转到市集【建造】确认 | W46: 100159 | Y46: icon_task | Z46: icon_task_p3_01 | AB46: 6622007
A47: =10000000+B47*100000+C47*1000+D47*10 -> 10701050 | B47: 7 | C47: 1 | D47: 5 | E47: 主线任务链 | F47: TID_BranchLineTaskConf_400_0_taskName_GL_Main | G47: 建造 | H47: 1 | I47: 个仓库 | J47: =G47&H47&I47 -> 建造1个仓库 | K47: =A47 -> 10701050 | L47: =F49 -> TID_BranchLineTaskConf_10610113_taskName_GL_Main | M47: =A46 -> 10701040 | N47: taskReward{taskId:@@@} | O47: 条件与 | Q47: 条件与 | R47: buildingSum{buildingType:400,sum:@@@} | S47: =SUBSTITUTE(R47,"@@@",H47) -> buildingSum{buildingType:400,sum:1} | T47: 条件与 | U47: buildingLevelUpNow{buildingType:400,buildingWantLevel:1} | V47: 跳转到仓库【建造】确认 | W47: 100304 | Y47: icon_task | Z47: icon_task_p3_01 | AB47: 6622007
A48: =10000000+B48*100000+C48*1000+D48*10 -> 10801010 | B48: 8 | C48: 1 | D48: 1 | E48: 主线任务链 | F48: TID_BranchLineTaskConf_215_3_taskName_GL_Main | G48: 升级城墙至 | H48: 6 | I48: 级 | J48: =G48&H48&I48 -> 升级城墙至6级 | K48: =A48 -> 10801010 | L48: =F83 -> TID_BranchLineTaskConf_11010116_taskName_GL_Main | M48: =A47 -> 10701050 | N48: taskReward{taskId:@@@} | O48: 条件与 | Q48: 条件与 | R48: buildingLevelUp{buildingType:215,buildingLevel:@@@} | S48: =SUBSTITUTE(R48,"@@@",H48) -> buildingLevelUp{buildingType:215,buildingLevel:6} | T48: 条件与 | U48: buildingLevelUpNow{buildingType:215,buildingWantLevel:30} | V48: 跳转到城墙【升级】菜单按钮7039 | W48: 100184 | Y48: icon_task | Z48: icon_task_p3_01 | AB48: 6622006
A49: =10000000+B49*100000+C49*1000+D49*10 -> 10801020 | B49: 8 | C49: 1 | D49: 2 | E49: 主线任务链 | F49: TID_BranchLineTaskConf_10610113_taskName_GL_Main | G49: 升级城镇中心至 | H49: 7 | I49: 级 | J49: =G49&H49&I49 -> 升级城镇中心至7级 | K49: =A49 -> 10801020 | L49: =F72 -> TID_BranchLineTaskConf_204_1_taskName_GL_Main | M49: =A48 -> 10801010 | N49: taskReward{taskId:@@@} | O49: 条件与 | Q49: 条件与 | R49: buildingLevelUp{buildingType:201,buildingLevel:@@@} | S49: =SUBSTITUTE(R49,"@@@",H49) -> buildingLevelUp{buildingType:201,buildingLevel:7} | T49: 条件与 | U49: buildingLevelUpNow{buildingType:201,buildingWantLevel:20} | V49: 跳转到城镇中心【升级】菜单按钮7001 | W49: 100177 | Y49: icon_task | Z49: icon_task_p3_01 | AB49: 6622007
A50: =10000000+B50*100000+C50*1000+D50*10 -> 10801030 | B50: 8 | C50: 1 | D50: 3 | E50: 主线任务链 | F50: TID_BranchLineTaskConf_10710102_taskName_GL_Main | G50: 在码头进行捕鱼 | H50: 1 | I50: 次 | J50: =G50&H50&I50 -> 在码头进行捕鱼1次 | K50: =A50 -> 10801030 | L50: =F9 -> TID_BranchLineTaskConf_10601031_taskName_GL_Main | M50: =A49 -> 10801020 | N50: taskReward{taskId:@@@} | O50: 条件与 | Q50: 条件与 | R50: statisticReach{type:"CityGameFishingEvent",value:@@@} | S50: =SUBSTITUTE(R50,"@@@",H50) -> statisticReach{type:"CityGameFishingEvent",value:1} | T50: 条件与 | V50: 跳转到码头【捕鱼】菜单按钮 | W50: 100307 | Y50: icon_task | Z50: icon_task_p3_01 | AB50: 6622007
A51: =10000000+B51*100000+C51*1000+D51*10 -> 10801040 | B51: 8 | C51: 1 | D51: 4 | E51: 主线任务链 | F51: TID_BranchLineTaskConf_203_21_taskName_GL_Main | G51: 升级磨坊至 | H51: 7 | I51: 级 | J51: =G51&H51&I51 -> 升级磨坊至7级 | K51: =A51 -> 10801040 | L51: =F53 -> TID_BranchLineTaskConfSpecial_206_1_taskName_GL_Main | M51: =A50 -> 10801030 | N51: taskReward{taskId:@@@} | O51: 条件与 | Q51: 条件与 | R51: buildingLevelUp{buildingType:203,buildingLevel:@@@} | S51: =SUBSTITUTE(R51,"@@@",H51) -> buildingLevelUp{buildingType:203,buildingLevel:7} | T51: 条件与 | U51: buildingLevelUpNow{buildingType:203,buildingWantLevel:30} | V51: 跳转到磨坊【升级】菜单按钮 | W51: 100179 | Y51: icon_task | Z51: icon_task_p3_01 | AB51: 6622301
A52: =10000000+B52*100000+C52*1000+D52*10 -> 10801050 | B52: 8 | C52: 1 | D52: 5 | E52: 主线任务链 | F52: TID_BranchLineTaskConf_215_4_taskName_GL_Main | G52: 升级城墙至 | H52: 7 | I52: 级 | J52: =G52&H52&I52 -> 升级城墙至7级 | K52: =A52 -> 10801050 | L52: =F54 -> TID_BranchLineTaskConf_20000001_06_taskName_GL_Main | M52: =A51 -> 10801040 | N52: taskReward{taskId:@@@} | O52: 条件与 | Q52: 条件与 | R52: buildingLevelUp{buildingType:215,buildingLevel:@@@} | S52: =SUBSTITUTE(R52,"@@@",H52) -> buildingLevelUp{buildingType:215,buildingLevel:7} | T52: 条件与 | U52: buildingLevelUpNow{buildingType:215,buildingWantLevel:30} | V52: 跳转到城墙【升级】菜单按钮7039 | W52: 100184 | Y52: icon_task | Z52: icon_task_p3_01 | AB52: 6622303
A53: =10000000+B53*100000+C53*1000+D53*10 -> 10801060 | B53: 8 | C53: 1 | D53: 6 | E53: 主线任务链 | F53: TID_BranchLineTaskConfSpecial_206_1_taskName_GL_Main | G53: 升级剑士营至 | H53: 7 | I53: 级 | J53: =G53&H53&I53 -> 升级剑士营至7级 | K53: =A53 -> 10801060 | L53: =F58 -> TID_BranchLineTaskConf_215_5_taskName_GL_Main | M53: =A52 -> 10801050 | N53: taskReward{taskId:@@@} | O53: 条件与 | Q53: 条件与 | R53: buildingLevelUp{buildingType:206,buildingLevel:@@@} | S53: =SUBSTITUTE(R53,"@@@",H53) -> buildingLevelUp{buildingType:206,buildingLevel:7} | T53: 条件与 | U53: barracksIsLevelUpNow{type:0,level:20} | V53: 跳转到剑士营【升级】菜单按钮7015 | W53: 100182 | Y53: icon_task | Z53: icon_task_p3_01 | AB53: 6622008
A54: =10000000+B54*100000+C54*1000+D54*10 -> 10801070 | B54: 8 | C54: 1 | D54: 7 | E54: 主线任务链 | F54: TID_BranchLineTaskConf_20000001_06_taskName_GL_Main | G54: 完成海岛战弈第 | H54: 6 | I54: 关 | J54: =G54&H54&I54 -> 完成海岛战弈第6关 | K54: =A54 -> 10801070 | L54: =F53 -> TID_BranchLineTaskConfSpecial_206_1_taskName_GL_Main | M54: =A53 -> 10801060 | N54: taskReward{taskId:@@@} | O54: 条件与 | Q54: 条件与 | R54: autoChessPassLevel { level: @@@,value:1} | S54: =SUBSTITUTE(R54,"@@@",H54) -> autoChessPassLevel { level: 6,value:1} | T54: 条件与 | W54: 100342 | Y54: icon_task | Z54: icon_task_p3_01 | AB54: 6622004
A55: =10000000+B55*100000+C55*1000+D55*10 -> 10801080 | B55: 8 | C55: 1 | D55: 8 | E55: 主线任务链 | F55: TID_BranchLineTaskConf_10012040_taskName_GL_Main | G55: 清剿 | H55: 4 | I55: 级或更高级【普通】蛮族 | J55: =G55&H55&I55 -> 清剿4级或更高级【普通】蛮族 | K55: =A55 -> 10801080 | L55: =F78 -> TID_BranchLineTaskConf_10012040_taskName_GL_Main | M55: =A54 -> 10801070 | N55: taskReward{taskId:@@@} | O55: 条件与 | Q55: 条件与 | R55: statisticReach{type:"BattleKillMonsterEvent@@@_1",value:1} | S55: =SUBSTITUTE(R55,"@@@",H55) -> statisticReach{type:"BattleKillMonsterEvent4_1",value:1} | T55: 条件与 | U55: attackingMonsterNow{categoryType:1,rarity:1,level:0} | V55: 跳转到城外【可打最高级】野怪进攻按钮 | W55: 100325 | Y55: icon_task | Z55: icon_task_p3_01 | AB55: 6622007
A56: =10000000+B56*100000+C56*1000+D56*10 -> 10801090 | B56: 8 | C56: 1 | D56: 9 | E56: 主线任务链 | F56: TID_BranchLineTaskConf_10710112_taskName_GL_Main | G56: 升级城镇中心至 | H56: 8 | I56: 级 | J56: =G56&H56&I56 -> 升级城镇中心至8级 | K56: =A56 -> 10801090 | L56: =F79 -> TID_BranchLineTaskConf_11010111_taskName_GL_Main | M56: =A55 -> 10801080 | N56: taskReward{taskId:@@@} | O56: 条件与 | Q56: 条件与 | R56: buildingLevelUp{buildingType:201,buildingLevel:@@@} | S56: =SUBSTITUTE(R56,"@@@",H56) -> buildingLevelUp{buildingType:201,buildingLevel:8} | T56: 条件与 | U56: buildingLevelUpNow{buildingType:201,buildingWantLevel:20} | V56: 跳转到城镇中心【升级】菜单按钮7001 | W56: 100177 | Y56: icon_task | Z56: icon_task_p3_01 | AB56: 6622009
A57: =10000000+B57*100000+C57*1000+D57*10 -> 10801100 | B57: 8 | C57: 1 | D57: 10 | E57: 主线任务链 | F57: TID_BranchLineTaskConf_10810101_taskName_GL_Main | G57: 建造 | H57: 1 | I57: 个大使馆 | J57: =G57&H57&I57 -> 建造1个大使馆 | K57: =A57 -> 10801100 | L57: =F54 -> TID_BranchLineTaskConf_20000001_06_taskName_GL_Main | M57: =A56 -> 10801090 | N57: taskReward{taskId:@@@} | O57: 条件与 | Q57: 条件与 | R57: buildingSum{buildingType:230,sum:@@@} | S57: =SUBSTITUTE(R57,"@@@",H57) -> buildingSum{buildingType:230,sum:1} | T57: 条件与 | U57: buildingLevelUpNow{buildingType:230,buildingWantLevel:1} | V57: 跳转到大使馆【建造】确认 | W57: 100306 | Y57: icon_task | Z57: icon_task_p3_01 | AB57: 6622005
A58: =10000000+B58*100000+C58*1000+D58*10 -> 10801110 | B58: 8 | C58: 1 | D58: 11 | E58: 主线任务链 | F58: TID_BranchLineTaskConf_215_5_taskName_GL_Main | G58: 升级城墙至 | H58: 8 | I58: 级 | J58: =G58&H58&I58 -> 升级城墙至8级 | K58: =A58 -> 10801110 | L58: =F85 -> TID_BranchLineTaskConf_204_2_taskName_GL_Main | M58: =A57 -> 10801100 | N58: taskReward{taskId:@@@} | O58: 条件与 | Q58: 条件与 | R58: buildingLevelUp{buildingType:215,buildingLevel:@@@} | S58: =SUBSTITUTE(R58,"@@@",H58) -> buildingLevelUp{buildingType:215,buildingLevel:8} | T58: 条件与 | U58: buildingLevelUpNow{buildingType:215,buildingWantLevel:30} | V58: 跳转到城墙【升级】菜单按钮7039 | W58: 100184 | Y58: icon_task | Z58: icon_task_p3_01 | AB58: 6622004
A59: =10000000+B59*100000+C59*1000+D59*10 -> 10901010 | B59: 9 | C59: 1 | D59: =IF(B59=B58,D58+1,1) -> 1 | E59: 主线任务链 | F59: TID_BranchLineTaskConf_10810111_taskName_GL_Main | G59: 升级城镇中心至 | H59: 9 | I59: 级 | J59: =G59&H59&I59 -> 升级城镇中心至9级 | K59: =A59 -> 10901010 | L59: =F90 -> TID_BranchLineTaskConf_400_2_taskName_GL_Main | M59: =A58 -> 10801110 | N59: taskReward{taskId:@@@} | O59: 条件与 | Q59: 条件与 | R59: buildingLevelUp{buildingType:201,buildingLevel:@@@} | S59: =SUBSTITUTE(R59,"@@@",H59) -> buildingLevelUp{buildingType:201,buildingLevel:9} | T59: 条件与 | U59: buildingLevelUpNow{buildingType:201,buildingWantLevel:20} | V59: 跳转到城镇中心【升级】菜单按钮7001 | W59: 100177 | Y59: icon_task | Z59: icon_task_p3_01 | AB59: 6622004
A60: =10000000+B60*100000+C60*1000+D60*10 -> 10901020 | B60: 9 | C60: 1 | D60: =IF(B60=B59,D59+1,1) -> 2 | E60: 主线任务链 | F60: TID_BranchLineTaskConf_10510116_2_taskName_GL_Main | G60: 任意英雄等级提升至 | H60: 15 | I60: 级 | J60: =G60&H60&I60 -> 任意英雄等级提升至15级 | K60: =A60 -> 10901020 | L60: =F62 -> TID_BranchLineTaskConf_peasant_3_taskName_GL_Main | M60: =A59 -> 10901010 | N60: taskReward{taskId:@@@} | O60: 条件与 | Q60: 条件与 | R60: heroLevelUp{heroId:0,level:@@@} | S60: =SUBSTITUTE(R60,"@@@",H60) -> heroLevelUp{heroId:0,level:15} | T60: 条件与 | U60: attackingMonsterNow{categoryType:0,rarity:0,level:0} | V60: 【海外】跳转英雄界面指向加号按钮 | W60: 100147 | Y60: icon_task | Z60: icon_task_p3_01 | AB60: 6622301
A61: =10000000+B61*100000+C61*1000+D61*10 -> 10901030 | B61: 9 | C61: 1 | D61: =IF(B61=B60,D60+1,1) -> 3 | E61: 主线任务链 | F61: TID_BranchLineTaskConf_10012050_taskName_GL_Main | G61: 清剿 | H61: 5 | I61: 级或更高级【普通】蛮族 | J61: =G61&H61&I61 -> 清剿5级或更高级【普通】蛮族 | K61: =A61 -> 10901030 | L61: =F63 -> TID_BranchLineTaskConf_20000001_08_taskName_GL_Main | M61: =A60 -> 10901020 | N61: taskReward{taskId:@@@} | O61: 条件与 | Q61: 条件与 | R61: statisticReach{type:"BattleKillMonsterEvent@@@_1",value:1} | S61: =SUBSTITUTE(R61,"@@@",H61) -> statisticReach{type:"BattleKillMonsterEvent5_1",value:1} | T61: 条件与 | U61: attackingMonsterNow{categoryType:0,rarity:0,level:0} | V61: 跳转到城外【可打最高级】野怪进攻按钮 | W61: =VLOOKUP(V61,[1]界面跳转!$I:$J,2,FALSE) -> 7254 | Y61: icon_task | Z61: icon_task_p3_01 | AB61: 6622009
A62: =10000000+B62*100000+C62*1000+D62*10 -> 10901040 | B62: 9 | C62: 1 | D62: =IF(B62=B61,D61+1,1) -> 4 | E62: 主线任务链 | F62: TID_BranchLineTaskConf_peasant_3_taskName_GL_Main | G62: 训练农民到 | H62: 20 | I62: 名 | J62: =G62&H62&I62 -> 训练农民到20名 | K62: =A62 -> 10901040 | L62: =F64 -> TID_BranchLineTaskConf_211_8_taskName_GL_Main | M62: =A61 -> 10901030 | N62: taskReward{taskId:@@@} | O62: 条件与 | Q62: 条件与 | R62: statisticReach{type:"InnerPeasantTrainEvent",value:@@@} | S62: =SUBSTITUTE(R62,"@@@",H62) -> statisticReach{type:"InnerPeasantTrainEvent",value:20} | T62: 条件与 | U62: buildingLevelUpNow{buildingType:205,buildingWantLevel:30} | W62: 100190 | Y62: icon_task | Z62: icon_task_p3_01 | AB62: 6622009
A63: =10000000+B63*100000+C63*1000+D63*10 -> 10901050 | B63: 9 | C63: 1 | D63: 5 | E63: 主线任务链 | F63: TID_BranchLineTaskConf_20000001_08_taskName_GL_Main | G63: 完成海岛战弈第 | H63: 8 | I63: 关 | J63: =G63&H63&I63 -> 完成海岛战弈第8关 | K63: =A63 -> 10901050 | L63: =F62 -> TID_BranchLineTaskConf_peasant_3_taskName_GL_Main | M63: =A62 -> 10901040 | N63: taskReward{taskId:@@@} | O63: 条件与 | Q63: 条件与 | R63: autoChessPassLevel { level: @@@,value:1} | S63: =SUBSTITUTE(R63,"@@@",H63) -> autoChessPassLevel { level: 8,value:1} | T63: 条件与 | W63: 100342 | Y63: icon_task | Z63: icon_task_p3_01 | AB63: 6622004
A64: =10000000+B64*100000+C64*1000+D64*10 -> 10901060 | B64: 9 | C64: 1 | D64: 6 | E64: 主线任务链 | F64: TID_BranchLineTaskConf_211_8_taskName_GL_Main | G64: 升级学院至 | H64: 9 | I64: 级 | J64: =G64&H64&I64 -> 升级学院至9级 | K64: =A64 -> 10901060 | L64: =F66 -> TID_BranchLineTaskConf_10910113_taskName_GL_Main | M64: =A63 -> 10901050 | N64: taskReward{taskId:@@@} | O64: 条件与 | Q64: 条件与 | R64: buildingLevelUp{buildingType:211,buildingLevel:@@@} | S64: =SUBSTITUTE(R64,"@@@",H64) -> buildingLevelUp{buildingType:211,buildingLevel:9} | T64: 条件与 | U64: buildingLevelUpNow{buildingType:211,buildingWantLevel:30} | V64: 跳转到学院【升级】菜单按钮 | W64: 100183 | Y64: icon_task | Z64: icon_task_p3_01 | AB64: 6622110
A65: =10000000+B65*100000+C65*1000+D65*10 -> 10901070 | B65: 9 | C65: 1 | D65: 7 | E65: 主线任务链 | F65: TID_BranchLineTaskConf_215_6_taskName_GL_Main | G65: 升级城墙至 | H65: 9 | I65: 级 | J65: =G65&H65&I65 -> 升级城墙至9级 | K65: =A65 -> 10901070 | L65: =F94 -> TID_BranchLineTaskConf_215_8_taskName_GL_Main | M65: =A64 -> 10901060 | N65: taskReward{taskId:@@@} | O65: 条件与 | Q65: 条件与 | R65: buildingLevelUp{buildingType:215,buildingLevel:@@@} | S65: =SUBSTITUTE(R65,"@@@",H65) -> buildingLevelUp{buildingType:215,buildingLevel:9} | T65: 条件与 | U65: buildingLevelUpNow{buildingType:215,buildingWantLevel:30} | V65: 跳转到城墙【升级】菜单按钮7039 | W65: 100184 | Y65: icon_task | Z65: icon_task_p3_01 | AB65: 6622004
A66: =10000000+B66*100000+C66*1000+D66*10 -> 10901080 | B66: 9 | C66: 1 | D66: 8 | E66: 主线任务链 | F66: TID_BranchLineTaskConf_10910113_taskName_GL_Main | G66: 升级城镇中心至 | H66: 10 | I66: 级 | J66: =G66&H66&I66 -> 升级城镇中心至10级 | K66: =A66 -> 10901080 | L66: =F95 -> TID_BranchLineTaskConf_226_3_taskName_GL_Main | M66: =A65 -> 10901070 | N66: taskReward{taskId:@@@} | O66: 条件与 | Q66: 条件与 | R66: buildingLevelUp{buildingType:201,buildingLevel:@@@} | S66: =SUBSTITUTE(R66,"@@@",H66) -> buildingLevelUp{buildingType:201,buildingLevel:10} | T66: 条件与 | U66: buildingLevelUpNow{buildingType:201,buildingWantLevel:20} | V66: 跳转到城镇中心【升级】菜单按钮7001 | W66: 100177 | Y66: icon_task | Z66: icon_task_p3_01 | AB66: 6622010
A67: =10000000+B67*100000+C67*1000+D67*10 -> 10901090 | B67: 9 | C67: 1 | D67: =IF(B67=B66,D66+1,1) -> 9 | E67: 主线任务链 | F67: TID_BranchLineTaskConf_10910114_taskName_GL_Main | G67: 升级至 | H67: 城堡 | I67: 时代 | J67: =G67&H67&I67 -> 升级至城堡时代 | K67: =A67 -> 10901090 | L67: =F69 -> TID_BranchLineTaskConf_11010102_taskName_GL_Main | M67: =A66 -> 10901080 | N67: taskReward{taskId:@@@} | O67: 条件与 | Q67: 条件与 | R67: civilLevelUp{age:3,complete:1} | S67: =SUBSTITUTE(R67,"@@@",H67) -> civilLevelUp{age:3,complete:1} | T67: 条件与 | V67: 跳转到城镇中心【升级时代】菜单按钮 | W67: =VLOOKUP(V67,[1]界面跳转!$I:$J,2,FALSE) -> 7003 | Y67: icon_task | Z67: icon_task_p3_01 | AB67: 6622010
A68: =10000000+B68*100000+C68*1000+D68*10 -> 10901100 | B68: 9 | C68: 1 | D68: 10 | E68: 主线任务链 | F68: TID_BranchLineTaskConf_20000001_10_taskName_GL_Main | G68: 完成海岛战弈第 | H68: 10 | I68: 关 | J68: =G68&H68&I68 -> 完成海岛战弈第10关 | K68: =A68 -> 10901100 | L68: =F67 -> TID_BranchLineTaskConf_10910114_taskName_GL_Main | M68: =A67 -> 10901090 | N68: taskReward{taskId:@@@} | O68: 条件与 | Q68: 条件与 | R68: autoChessPassLevel { level: @@@,value:1} | S68: =SUBSTITUTE(R68,"@@@",H68) -> autoChessPassLevel { level: 10,value:1} | T68: 条件与 | W68: 100342 | Y68: icon_task | Z68: icon_task_p3_01 | AB68: 6622004
A69: =10000000+B69*100000+C69*1000+D69*10 -> 11001010 | B69: 10 | C69: 1 | D69: 1 | E69: 主线任务链 | F69: TID_BranchLineTaskConf_11010102_taskName_GL_Main | G69: 建造 | H69: 1 | I69: 个金矿场 | J69: =G69&H69&I69 -> 建造1个金矿场 | K69: =A69 -> 11001010 | L69: =F68 -> TID_BranchLineTaskConf_20000001_10_taskName_GL_Main | M69: =A65 -> 10901070 | N69: taskReward{taskId:@@@} | O69: 条件与 | P69: =SUBSTITUTE(N69,"@@@",M69) -> taskReward{taskId:10901070} | Q69: 条件与 | R69: buildingSum{buildingType:234,sum:@@@} | S69: =SUBSTITUTE(R69,"@@@",H69) -> buildingSum{buildingType:234,sum:1} | T69: 条件与 | U69: buildingLevelUpNow{buildingType:234,buildingWantLevel:1} | V69: 跳转到金矿场【建造】确认 | W69: 100160 | Y69: icon_task | Z69: icon_task_p3_01 | AB69: 6622010 | AH69: 1
A70: =10000000+B70*100000+C70*1000+D70*10 -> 11001020 | B70: 10 | C70: 1 | D70: =IF(B70=B69,D69+1,1) -> 2 | E70: 主线任务链 | F70: TID_BranchLineTaskConf_11001031_taskName_GL_Main | G70: 派遣农民进金矿场 | J70: =G70&H70&I70 -> 派遣农民进金矿场 | K70: =A70 -> 11001020 | L70: =F69 -> TID_BranchLineTaskConf_11010102_taskName_GL_Main | M70: =A69 -> 11001010 | N70: taskReward{taskId:@@@} | O70: 条件与 | P70: =SUBSTITUTE(N70,"@@@",M70) -> taskReward{taskId:11001010} | Q70: 条件与 | R70: deployedFarmerToBuildingResource{cityElementType:234,value:1} | S70: =SUBSTITUTE(R70,"@@@",H70) -> deployedFarmerToBuildingResource{cityElementType:234,value:1} | T70: 条件与 | U70: buildingLevelUpNow{buildingType:205,buildingWantLevel:30} | W70: 100214 | Y70: icon_task | Z70: icon_task_p3_01 | AB70: 6622004 | AH70: 1
A71: =10000000+B71*100000+C71*1000+D71*10 -> 11001030 | B71: 10 | C71: 1 | D71: =IF(B71=B70,D70+1,1) -> 3 | E71: 主线任务链 | F71: TID_BranchLineTaskConf_234_1_taskName_GL_Main | G71: 升级金矿场至 | H71: 10 | I71: 级 | J71: =G71&H71&I71 -> 升级金矿场至10级 | K71: =A71 -> 11001030 | L71: =F69 -> TID_BranchLineTaskConf_11010102_taskName_GL_Main | M71: =A69 -> 11001010 | N71: taskReward{taskId:@@@} | O71: 条件与 | P71: =SUBSTITUTE(N71,"@@@",M71) -> taskReward{taskId:11001010} | Q71: 条件与 | R71: buildingLevelUp{buildingType:234,buildingLevel:@@@} | S71: =SUBSTITUTE(R71,"@@@",H71) -> buildingLevelUp{buildingType:234,buildingLevel:10} | T71: 条件与 | U71: buildingLevelUpNow{buildingType:234,buildingWantLevel:30} | V71: 跳转到金矿场【升级】菜单按钮 | W71: =VLOOKUP(V71,[1]界面跳转!$I:$J,2,FALSE) -> 7067 | Y71: icon_task | Z71: icon_task_p3_01 | AB71: 6622010 | AH71: 1
A72: =10000000+B72*100000+C72*1000+D72*10 -> 11001040 | B72: 10 | C72: 1 | D72: =IF(B72=B71,D71+1,1) -> 4 | E72: 主线任务链 | F72: TID_BranchLineTaskConf_204_1_taskName_GL_Main | G72: 升级伐木场至 | H72: 10 | I72: 级 | J72: =G72&H72&I72 -> 升级伐木场至10级 | K72: =A72 -> 11001040 | L72: =F71 -> TID_BranchLineTaskConf_234_1_taskName_GL_Main | M72: =A71 -> 11001030 | N72: taskReward{taskId:@@@} | O72: 条件与 | P72: =SUBSTITUTE(N72,"@@@",M72) -> taskReward{taskId:11001030} | Q72: 条件与 | R72: buildingLevelUp{buildingType:204,buildingLevel:@@@} | S72: =SUBSTITUTE(R72,"@@@",H72) -> buildingLevelUp{buildingType:204,buildingLevel:10} | T72: 条件与 | U72: buildingLevelUpNow{buildingType:204,buildingWantLevel:20} | V72: 跳转到伐木场【升级】菜单按钮 | W72: =VLOOKUP(V72,[1]界面跳转!$I:$J,2,FALSE) -> 7011 | Y72: icon_task | Z72: icon_task_p3_01 | AB72: 6622010 | AH72: 1
A73: =10000000+B73*100000+C73*1000+D73*10 -> 11001050 | B73: 10 | C73: 1 | D73: =IF(B73=B72,D72+1,1) -> 5 | E73: 主线任务链 | F73: TID_BranchLineTaskConf_205_1_taskName_GL_Main | G73: 升级石矿场至 | H73: 10 | I73: 级 | J73: =G73&H73&I73 -> 升级石矿场至10级 | K73: =A73 -> 11001050 | L73: =F72 -> TID_BranchLineTaskConf_204_1_taskName_GL_Main | M73: =A72 -> 11001040 | N73: taskReward{taskId:@@@} | O73: 条件与 | P73: =SUBSTITUTE(N73,"@@@",M73) -> taskReward{taskId:11001040} | Q73: 条件与 | R73: buildingLevelUp{buildingType:205,buildingLevel:@@@} | S73: =SUBSTITUTE(R73,"@@@",H73) -> buildingLevelUp{buildingType:205,buildingLevel:10} | T73: 条件与 | U73: buildingLevelUpNow{buildingType:205,buildingWantLevel:30} | V73: 跳转到石矿场【升级】菜单按钮 | W73: =VLOOKUP(V73,[1]界面跳转!$I:$J,2,FALSE) -> 7013 | Y73: icon_task | Z73: icon_task_p3_01 | AB73: 6622010 | AH73: 1
A74: =10000000+B74*100000+C74*1000+D74*10 -> 11001060 | B74: 10 | C74: 1 | D74: =IF(B74=B73,D73+1,1) -> 6 | E74: 主线任务链 | F74: TID_BranchLineTaskConf_203_1_taskName_GL_Main | G74: 升级磨坊至 | H74: 10 | I74: 级 | J74: =G74&H74&I74 -> 升级磨坊至10级 | K74: =A74 -> 11001060 | L74: =F73 -> TID_BranchLineTaskConf_205_1_taskName_GL_Main | M74: =A73 -> 11001050 | N74: taskReward{taskId:@@@} | O74: 条件与 | P74: =SUBSTITUTE(N74,"@@@",M74) -> taskReward{taskId:11001050} | Q74: 条件与 | R74: buildingLevelUp{buildingType:203,buildingLevel:@@@} | S74: =SUBSTITUTE(R74,"@@@",H74) -> buildingLevelUp{buildingType:203,buildingLevel:10} | T74: 条件与 | U74: buildingLevelUpNow{buildingType:203,buildingWantLevel:30} | V74: 跳转到磨坊【升级】菜单按钮 | W74: =VLOOKUP(V74,[1]界面跳转!$I:$J,2,FALSE) -> 7009 | Y74: icon_task | Z74: icon_task_p3_01 | AB74: 6622010 | AH74: 1
A75: =10000000+B75*100000+C75*1000+D75*10 -> 11001070 | B75: 10 | C75: 1 | D75: =IF(B75=B74,D74+1,1) -> 7 | E75: 主线任务链 | F75: TID_BranchLineTaskConf_11010107_taskName_GL_Main | G75: 升级居民房舍至 | H75: 10 | I75: 级 | J75: =G75&H75&I75 -> 升级居民房舍至10级 | K75: =A75 -> 11001070 | L75: =F74 -> TID_BranchLineTaskConf_203_1_taskName_GL_Main | M75: =A74 -> 11001060 | N75: taskReward{taskId:@@@} | O75: 条件与 | P75: =SUBSTITUTE(N75,"@@@",M75) -> taskReward{taskId:11001060} | Q75: 条件与 | R75: buildingLevelUpWithCnt{buildingType:202,buildingLevel:@@@,buildingCnt:1} | S75: =SUBSTITUTE(R75,"@@@",H75) -> buildingLevelUpWithCnt{buildingType:202,buildingLevel:10,buildingCnt:1} | T75: 条件与 | U75: buildingLevelUpNow{buildingType:202,buildingWantLevel:30} | V75: 跳转到居民房舍【升级】菜单按钮 | W75: =VLOOKUP(V75,[1]界面跳转!$I:$J,2,FALSE) -> 7006 | Y75: icon_task | Z75: icon_task_p3_01 | AB75: 6622010 | AH75: 1
A76: =10000000+B76*100000+C76*1000+D76*10 -> 11001080 | B76: 10 | C76: 1 | D76: =IF(B76=B75,D75+1,1) -> 8 | E76: 主线任务链 | F76: TID_BranchLineTaskConf_222_4_taskName_GL_Main | G76: 升级治疗房舍至 | H76: 10 | I76: 级 | J76: =G76&H76&I76 -> 升级治疗房舍至10级 | K76: =A76 -> 11001080 | L76: =F75 -> TID_BranchLineTaskConf_11010107_taskName_GL_Main | M76: =A75 -> 11001070 | N76: taskReward{taskId:@@@} | O76: 条件与 | P76: =SUBSTITUTE(N76,"@@@",M76) -> taskReward{taskId:11001070} | Q76: 条件与 | R76: buildingLevelUp{buildingType:222,buildingLevel:@@@} | S76: =SUBSTITUTE(R76,"@@@",H76) -> buildingLevelUp{buildingType:222,buildingLevel:10} | T76: 条件与 | U76: buildingLevelUpNow{buildingType:222,buildingWantLevel:20} | V76: 跳转到治疗房舍【升级】菜单按钮 | W76: =VLOOKUP(V76,[1]界面跳转!$I:$J,2,FALSE) -> 7041 | Y76: icon_task | Z76: icon_task_p3_01 | AB76: 6622010 | AH76: 1
A77: =10000000+B77*100000+C77*1000+D77*10 -> 11001090 | B77: 10 | C77: 1 | D77: =IF(B77=B76,D76+1,1) -> 9 | E77: 主线任务链 | F77: TID_BranchLineTaskConf_11010110_taskName_GL_Main | G77: 升级任意1个兵营至 | H77: 10 | I77: 级 | J77: =G77&H77&I77 -> 升级任意1个兵营至10级 | K77: =A77 -> 11001090 | L77: =F76 -> TID_BranchLineTaskConf_222_4_taskName_GL_Main | M77: =A76 -> 11001080 | N77: taskReward{taskId:@@@} | O77: 条件与 | P77: =SUBSTITUTE(N77,"@@@",M77) -> taskReward{taskId:11001080} | Q77: 条件与 | R77: barracksLevelUp{level:@@@,count:1} | S77: =SUBSTITUTE(R77,"@@@",H77) -> barracksLevelUp{level:10,count:1} | T77: 条件与 | U77: barracksIsLevelUpNow{type:0,level:20} | V77: 跳转到当前等级最高【兵营建筑】展开菜单 | W77: 100209 | Y77: icon_task | Z77: icon_task_p3_01 | AB77: 6622010 | AH77: 1
A78: =10000000+B78*100000+C78*1000+D78*10 -> 11001100 | B78: 10 | C78: 1 | D78: =IF(B78=B77,D77+1,1) -> 10 | E78: 主线任务链 | F78: TID_BranchLineTaskConf_10012040_taskName_GL_Main | G78: 清剿 | H78: 4 | I78: 级或更高级【普通】蛮族 | J78: =G78&H78&I78 -> 清剿4级或更高级【普通】蛮族 | K78: =A78 -> 11001100 | L78: =F77 -> TID_BranchLineTaskConf_11010110_taskName_GL_Main | M78: =A77 -> 11001090 | N78: taskReward{taskId:@@@} | O78: 条件与 | P78: =SUBSTITUTE(N78,"@@@",M78) -> taskReward{taskId:11001090} | Q78: 条件与 | R78: statisticReach{type:"BattleKillMonsterEvent@@@_1",value:1} | S78: =SUBSTITUTE(R78,"@@@",H78) -> statisticReach{type:"BattleKillMonsterEvent4_1",value:1} | T78: 条件与 | U78: attackingMonsterNow{categoryType:0,rarity:0,level:0} | V78: 跳转到城外【可打最高级】野怪进攻按钮 | W78: =VLOOKUP(V78,[1]界面跳转!$I:$J,2,FALSE) -> 7254 | Y78: icon_task | Z78: icon_task_p3_01 | AB78: 6622004 | AH78: 1
A79: =10000000+B79*100000+C79*1000+D79*10 -> 11001110 | B79: 10 | C79: 1 | D79: =IF(B79=B78,D78+1,1) -> 11 | E79: 主线任务链 | F79: TID_BranchLineTaskConf_11010111_taskName_GL_Main | G79: 任意英雄等级提升至 | H79: 20 | I79: 级 | J79: =G79&H79&I79 -> 任意英雄等级提升至20级 | K79: =A79 -> 11001110 | L79: =F78 -> TID_BranchLineTaskConf_10012040_taskName_GL_Main | M79: =A78 -> 11001100 | N79: taskReward{taskId:@@@} | O79: 条件与 | P79: =SUBSTITUTE(N79,"@@@",M79) -> taskReward{taskId:11001100} | Q79: 条件与 | R79: heroLevelUp{heroId:0,level:@@@} | S79: =SUBSTITUTE(R79,"@@@",H79) -> heroLevelUp{heroId:0,level:20} | T79: 条件与 | U79: attackingMonsterNow{categoryType:0,rarity:0,level:0} | V79: 【海外】跳转英雄界面指向加号按钮 | W79: 100147 | Y79: icon_task | Z79: icon_task_p3_01 | AB79: 6622010 | AH79: 1
A80: =10000000+B80*100000+C80*1000+D80*10 -> 11001120 | B80: 10 | C80: 1 | D80: =IF(B80=B79,D79+1,1) -> 12 | E80: 主线任务链 | F80: TID_BranchLineTaskConf_20120003_taskName_GL_Main | G80: 任意英雄固有技能升级至 | H80: 10 | I80: 级 | J80: =G80&H80&I80 -> 任意英雄固有技能升级至10级 | K80: =A80 -> 11001120 | L80: =F79 -> TID_BranchLineTaskConf_11010111_taskName_GL_Main | M80: =A79 -> 11001110 | N80: taskReward{taskId:@@@} | O80: 条件与 | P80: =SUBSTITUTE(N80,"@@@",M80) -> taskReward{taskId:11001110} | Q80: 条件与 | R80: heroSkillUp{heroId:0,level:@@@} | S80: =SUBSTITUTE(R80,"@@@",H80) -> heroSkillUp{heroId:0,level:10} | T80: 条件与 | V80: 跳转到主界面【英雄】按钮 | W80: =VLOOKUP(V80,[1]界面跳转!$I:$J,2,FALSE) -> 7109 | Y80: icon_task | Z80: icon_task_p3_01 | AB80: 6622010 | AH80: 1
A81: =10000000+B81*100000+C81*1000+D81*10 -> 11001130 | B81: 10 | C81: 1 | D81: =IF(B81=B80,D80+1,1) -> 13 | E81: 主线任务链 | F81: TID_BranchLineTaskConf_11001200_taskName_GL_Main | G81: 任意英雄进行 | H81: 1 | I81: 次天赋升级 | J81: =G81&H81&I81 -> 任意英雄进行1次天赋升级 | K81: =A81 -> 11001130 | L81: =F80 -> TID_BranchLineTaskConf_20120003_taskName_GL_Main | M81: =A80 -> 11001120 | N81: taskReward{taskId:@@@} | O81: 条件与 | P81: =SUBSTITUTE(N81,"@@@",M81) -> taskReward{taskId:11001120} | Q81: 条件与 | R81: heroInBornAbility{heroId:0,talentId:0,level:0} | S81: =SUBSTITUTE(R81,"@@@",H81) -> heroInBornAbility{heroId:0,talentId:0,level:0} | T81: 条件与 | V81: 跳转到主界面【英雄】按钮 | W81: 100136 | Y81: icon_task | Z81: icon_task_p3_01 | AB81: 6622010 | AH81: 1
A82: =10000000+B82*100000+C82*1000+D82*10 -> 11001140 | B82: 10 | C82: 1 | D82: =IF(B82=B81,D81+1,1) -> 14 | E82: 主线任务链 | F82: TID_BranchLineTaskConf_215_7_taskName_GL_Main | G82: 升级城墙至 | H82: 10 | I82: 级 | J82: =G82&H82&I82 -> 升级城墙至10级 | K82: =A82 -> 11001140 | L82: =F81 -> TID_BranchLineTaskConf_11001200_taskName_GL_Main | M82: =A81 -> 11001130 | N82: taskReward{taskId:@@@} | O82: 条件与 | P82: =SUBSTITUTE(N82,"@@@",M82) -> taskReward{taskId:11001130} | Q82: 条件与 | R82: buildingLevelUp{buildingType:215,buildingLevel:@@@} | S82: =SUBSTITUTE(R82,"@@@",H82) -> buildingLevelUp{buildingType:215,buildingLevel:10} | T82: 条件与 | U82: buildingLevelUpNow{buildingType:215,buildingWantLevel:30} | V82: 跳转到城墙【升级】菜单按钮 | W82: =VLOOKUP(V82,[1]界面跳转!$I:$J,2,FALSE) -> 7039 | Y82: icon_task | Z82: icon_task_p3_01 | AB82: 6622010 | AH82: 1
A83: =10000000+B83*100000+C83*1000+D83*10 -> 11001150 | B83: 10 | C83: 1 | D83: =IF(B83=B82,D82+1,1) -> 15 | E83: 主线任务链 | F83: TID_BranchLineTaskConf_11010116_taskName_GL_Main | G83: 升级城镇中心至 | H83: 11 | I83: 级 | J83: =G83&H83&I83 -> 升级城镇中心至11级 | K83: =A83 -> 11001150 | L83: =F82 -> TID_BranchLineTaskConf_215_7_taskName_GL_Main | M83: =A82 -> 11001140 | N83: taskReward{taskId:@@@} | O83: 条件与 | P83: =SUBSTITUTE(N83,"@@@",M83) -> taskReward{taskId:11001140} | Q83: 条件与 | R83: buildingLevelUp{buildingType:201,buildingLevel:@@@} | S83: =SUBSTITUTE(R83,"@@@",H83) -> buildingLevelUp{buildingType:201,buildingLevel:11} | T83: 条件与 | U83: buildingLevelUpNow{buildingType:201,buildingWantLevel:20} | V83: 跳转到城镇中心【升级】菜单按钮 | W83: =VLOOKUP(V83,[1]界面跳转!$I:$J,2,FALSE) -> 7001 | Y83: icon_task | Z83: icon_task_p3_01 | AB83: 6622011 | AG83: 1 | AH83: 1
A84: =10000000+B84*100000+C84*1000+D84*10 -> 11001160 | B84: 10 | C84: 1 | D84: =IF(B84=B83,D83+1,1) -> 16 | E84: 主线任务链 | F84: TID_BranchLineTaskConf_10001140_taskName_GL_Main | G84: 进入活动中心 | H84: 1 | I84: 次 | J84: =G84&H84&I84 -> 进入活动中心1次 | K84: =A84 -> 11001160 | L84: =F36 -> TID_BranchLineTaskConf_10510118_taskName_GL_Main | M84: =A33 -> 10601030 | N84: taskComplete{taskId:@@@} | O84: 条件与 | Q84: 条件与 | R84: clientClick{taskId:11001160} | S84: =SUBSTITUTE(R84,"@@@",H84) -> clientClick{taskId:11001160} | T84: 条件与 | V84: 跳转到主界面【活动入口】 | W84: =VLOOKUP(V84,[1]界面跳转!$I:$J,2,FALSE) -> 7487 | Y84: icon_task | Z84: icon_task_p3_01 | AA84: =AD84*1000+AE84 -> 1001 | AB84: 6622200 | AD84: 1 | AE84: 1 | AH84: 1
A85: =10000000+B85*100000+C85*1000+D85*10 -> 11101010 | B85: 11 | C85: 1 | D85: =IF(B85=B83,D83+1,1) -> 1 | E85: 主线任务链 | F85: TID_BranchLineTaskConf_204_2_taskName_GL_Main | G85: 升级伐木场至 | H85: 11 | I85: 级 | J85: =G85&H85&I85 -> 升级伐木场至11级 | K85: =A85 -> 11101010 | L85: =F83 -> TID_BranchLineTaskConf_11010116_taskName_GL_Main | M85: =A83 -> 11001150 | N85: taskReward{taskId:@@@} | O85: 条件与 | P85: =SUBSTITUTE(N85,"@@@",M85) -> taskReward{taskId:11001150} | Q85: 条件与 | R85: buildingLevelUp{buildingType:204,buildingLevel:@@@} | S85: =SUBSTITUTE(R85,"@@@",H85) -> buildingLevelUp{buildingType:204,buildingLevel:11} | T85: 条件与 | U85: buildingLevelUpNow{buildingType:204,buildingWantLevel:20} | V85: 跳转到伐木场【升级】菜单按钮 | W85: =VLOOKUP(V85,[1]界面跳转!$I:$J,2,FALSE) -> 7011 | Y85: icon_task | Z85: icon_task_p3_01 | AB85: 6622011 | AH85: 1
A86: =10000000+B86*100000+C86*1000+D86*10 -> 11101020 | B86: 11 | C86: 1 | D86: =IF(B86=B85,D85+1,1) -> 2 | E86: 主线任务链 | F86: TID_BranchLineTaskConf_205_2_taskName_GL_Main | G86: 升级石矿场至 | H86: 11 | I86: 级 | J86: =G86&H86&I86 -> 升级石矿场至11级 | K86: =A86 -> 11101020 | L86: =F85 -> TID_BranchLineTaskConf_204_2_taskName_GL_Main | M86: =A85 -> 11101010 | N86: taskReward{taskId:@@@} | O86: 条件与 | P86: =SUBSTITUTE(N86,"@@@",M86) -> taskReward{taskId:11101010} | Q86: 条件与 | R86: buildingLevelUp{buildingType:205,buildingLevel:@@@} | S86: =SUBSTITUTE(R86,"@@@",H86) -> buildingLevelUp{buildingType:205,buildingLevel:11} | T86: 条件与 | U86: buildingLevelUpNow{buildingType:205,buildingWantLevel:30} | V86: 跳转到石矿场【升级】菜单按钮 | W86: =VLOOKUP(V86,[1]界面跳转!$I:$J,2,FALSE) -> 7013 | Y86: icon_task | Z86: icon_task_p3_01 | AB86: 6622011 | AH86: 1
A87: =10000000+B87*100000+C87*1000+D87*10 -> 11101030 | B87: 11 | C87: 1 | D87: =IF(B87=B86,D86+1,1) -> 3 | E87: 主线任务链 | F87: TID_BranchLineTaskConf_11101030_2_taskName_GL_Main | G87: 采集任意资源点 | H87: 5 | I87: 次 | J87: =G87&H87&I87 -> 采集任意资源点5次 | K87: =A87 -> 11101030 | L87: =F86 -> TID_BranchLineTaskConf_205_2_taskName_GL_Main | M87: =A86 -> 11101020 | N87: taskComplete{taskId:@@@} | O87: 条件与 | P87: =SUBSTITUTE(N87,"@@@",M87) -> taskComplete{taskId:11101020} | Q87: 条件与 | R87: occupyAnyResourceLand{count:@@@} | S87: =SUBSTITUTE(R87,"@@@",H87) -> occupyAnyResourceLand{count:5} | T87: 条件与 | V87: 跳转到当前可攻打最高级【任意】资源点攻占按钮 | W87: 7160 | Y87: icon_task | Z87: icon_task_p3_01 | AA87: =AD87*1000+AE87 -> 16001 | AB87: 6622301 | AD87: 16 | AE87: =IF(AD87=AD86,AE86+1,1) -> 1 | AH87: 1
A88: =10000000+B88*100000+C88*1000+D88*10 -> 11101040 | B88: 11 | C88: 1 | D88: =IF(B88=B87,D87+1,1) -> 4 | E88: 主线任务链 | F88: TID_BranchLineTaskConf_234_2_taskName_GL_Main | G88: 升级金矿场至 | H88: 11 | I88: 级 | J88: =G88&H88&I88 -> 升级金矿场至11级 | K88: =A88 -> 11101040 | L88: =F87 -> TID_BranchLineTaskConf_11101030_2_taskName_GL_Main | M88: =A87 -> 11101030 | N88: taskReward{taskId:@@@} | O88: 条件与 | P88: =SUBSTITUTE(N88,"@@@",M88) -> taskReward{taskId:11101030} | Q88: 条件与 | R88: buildingLevelUp{buildingType:234,buildingLevel:@@@} | S88: =SUBSTITUTE(R88,"@@@",H88) -> buildingLevelUp{buildingType:234,buildingLevel:11} | T88: 条件与 | U88: buildingLevelUpNow{buildingType:234,buildingWantLevel:30} | V88: 跳转到金矿场【升级】菜单按钮 | W88: =VLOOKUP(V88,[1]界面跳转!$I:$J,2,FALSE) -> 7067 | Y88: icon_task | Z88: icon_task_p3_01 | AB88: 6622011 | AH88: 1
A89: =10000000+B89*100000+C89*1000+D89*10 -> 11101050 | B89: 11 | C89: 1 | D89: =IF(B89=B88,D88+1,1) -> 5 | E89: 主线任务链 | F89: TID_BranchLineTaskConf_203_2_taskName_GL_Main | G89: 升级磨坊至 | H89: 11 | I89: 级 | J89: =G89&H89&I89 -> 升级磨坊至11级 | K89: =A89 -> 11101050 | L89: =F88 -> TID_BranchLineTaskConf_234_2_taskName_GL_Main | M89: =A88 -> 11101040 | N89: taskReward{taskId:@@@} | O89: 条件与 | P89: =SUBSTITUTE(N89,"@@@",M89) -> taskReward{taskId:11101040} | Q89: 条件与 | R89: buildingLevelUp{buildingType:203,buildingLevel:@@@} | S89: =SUBSTITUTE(R89,"@@@",H89) -> buildingLevelUp{buildingType:203,buildingLevel:11} | T89: 条件与 | U89: buildingLevelUpNow{buildingType:203,buildingWantLevel:30} | V89: 跳转到磨坊【升级】菜单按钮 | W89: =VLOOKUP(V89,[1]界面跳转!$I:$J,2,FALSE) -> 7009 | Y89: icon_task | Z89: icon_task_p3_01 | AB89: 6622011 | AH89: 1
A90: =10000000+B90*100000+C90*1000+D90*10 -> 11101060 | B90: 11 | C90: 1 | D90: =IF(B90=B89,D89+1,1) -> 6 | E90: 主线任务链 | F90: TID_BranchLineTaskConf_400_2_taskName_GL_Main | G90: 升级仓库至 | H90: 11 | I90: 级 | J90: =G90&H90&I90 -> 升级仓库至11级 | K90: =A90 -> 11101060 | L90: =F89 -> TID_BranchLineTaskConf_203_2_taskName_GL_Main | M90: =A89 -> 11101050 | N90: taskReward{taskId:@@@} | O90: 条件与 | P90: =SUBSTITUTE(N90,"@@@",M90) -> taskReward{taskId:11101050} | Q90: 条件与 | R90: buildingLevelUp{buildingType:400,buildingLevel:@@@} | S90: =SUBSTITUTE(R90,"@@@",H90) -> buildingLevelUp{buildingType:400,buildingLevel:11} | T90: 条件与 | U90: buildingLevelUpNow{buildingType:400,buildingWantLevel:30} | V90: 跳转到仓库【升级】菜单按钮 | W90: =VLOOKUP(V90,[2]界面跳转!$I:$J,2,FALSE) -> 100134 | Y90: icon_task | Z90: icon_task_p3_01 | AB90: 6622011 | AH90: 1
A91: =10000000+B91*100000+C91*1000+D91*10 -> 11101070 | B91: 11 | C91: 1 | D91: =IF(B91=B90,D90+1,1) -> 7 | E91: 主线任务链 | F91: TID_BranchLineTaskConf_231_2_taskName_GL_Main | G91: 升级市集至 | H91: 11 | I91: 级 | J91: =G91&H91&I91 -> 升级市集至11级 | K91: =A91 -> 11101070 | L91: =F90 -> TID_BranchLineTaskConf_400_2_taskName_GL_Main | M91: =A90 -> 11101060 | N91: taskReward{taskId:@@@} | O91: 条件与 | P91: =SUBSTITUTE(N91,"@@@",M91) -> taskReward{taskId:11101060} | Q91: 条件与 | R91: buildingLevelUp{buildingType:231,buildingLevel:@@@} | S91: =SUBSTITUTE(R91,"@@@",H91) -> buildingLevelUp{buildingType:231,buildingLevel:11} | T91: 条件与 | U91: buildingLevelUpNow{buildingType:231,buildingWantLevel:30} | V91: 跳转到市集【升级】菜单按钮 | W91: =VLOOKUP(V91,[1]界面跳转!$I:$J,2,FALSE) -> 7058 | Y91: icon_task | Z91: icon_task_p3_01 | AB91: 6622011 | AH91: 1
A92: =10000000+B92*100000+C92*1000+D92*10 -> 11101080 | B92: 11 | C92: 1 | D92: =IF(B92=B91,D91+1,1) -> 8 | E92: 主线任务链 | F92: TID_BranchLineTaskConf_202_1_taskName_GL_Main | G92: 升级居民房舍至 | H92: 11 | I92: 级 | J92: =G92&H92&I92 -> 升级居民房舍至11级 | K92: =A92 -> 11101080 | L92: =F91 -> TID_BranchLineTaskConf_231_2_taskName_GL_Main | M92: =A91 -> 11101070 | N92: taskReward{taskId:@@@} | O92: 条件与 | P92: =SUBSTITUTE(N92,"@@@",M92) -> taskReward{taskId:11101070} | Q92: 条件与 | R92: buildingLevelUp{buildingType:202,buildingLevel:@@@} | S92: =SUBSTITUTE(R92,"@@@",H92) -> buildingLevelUp{buildingType:202,buildingLevel:11} | T92: 条件与 | U92: buildingLevelUpNow{buildingType:202,buildingWantLevel:30} | V92: 跳转到居民房舍【升级】菜单按钮 | W92: =VLOOKUP(V92,[1]界面跳转!$I:$J,2,FALSE) -> 7006 | Y92: icon_task | Z92: icon_task_p3_01 | AB92: 6622011 | AH92: 1
A93: =10000000+B93*100000+C93*1000+D93*10 -> 11101090 | B93: 11 | C93: 1 | D93: =IF(B93=B92,D92+1,1) -> 9 | E93: 主线任务链 | F93: TID_BranchLineTaskConf_222_5_taskName_GL_Main | G93: 升级治疗房舍至 | H93: 11 | I93: 级 | J93: =G93&H93&I93 -> 升级治疗房舍至11级 | K93: =A93 -> 11101090 | L93: =F92 -> TID_BranchLineTaskConf_202_1_taskName_GL_Main | M93: =A92 -> 11101080 | N93: taskReward{taskId:@@@} | O93: 条件与 | P93: =SUBSTITUTE(N93,"@@@",M93) -> taskReward{taskId:11101080} | Q93: 条件与 | R93: buildingLevelUp{buildingType:222,buildingLevel:@@@} | S93: =SUBSTITUTE(R93,"@@@",H93) -> buildingLevelUp{buildingType:222,buildingLevel:11} | T93: 条件与 | U93: buildingLevelUpNow{buildingType:222,buildingWantLevel:20} | V93: 跳转到治疗房舍【升级】菜单按钮 | W93: =VLOOKUP(V93,[1]界面跳转!$I:$J,2,FALSE) -> 7041 | Y93: icon_task | Z93: icon_task_p3_01 | AB93: 6622011 | AH93: 1
A94: =10000000+B94*100000+C94*1000+D94*10 -> 11101100 | B94: 11 | C94: 1 | D94: =IF(B94=B93,D93+1,1) -> 10 | E94: 主线任务链 | F94: TID_BranchLineTaskConf_215_8_taskName_GL_Main | G94: 升级城墙至 | H94: 11 | I94: 级 | J94: =G94&H94&I94 -> 升级城墙至11级 | K94: =A94 -> 11101100 | L94: =F93 -> TID_BranchLineTaskConf_222_5_taskName_GL_Main | M94: =A93 -> 11101090 | N94: taskReward{taskId:@@@} | O94: 条件与 | P94: =SUBSTITUTE(N94,"@@@",M94) -> taskReward{taskId:11101090} | Q94: 条件与 | R94: buildingLevelUp{buildingType:215,buildingLevel:@@@} | S94: =SUBSTITUTE(R94,"@@@",H94) -> buildingLevelUp{buildingType:215,buildingLevel:11} | T94: 条件与 | U94: buildingLevelUpNow{buildingType:215,buildingWantLevel:30} | V94: 跳转到城墙【升级】菜单按钮 | W94: =VLOOKUP(V94,[1]界面跳转!$I:$J,2,FALSE) -> 7039 | Y94: icon_task | Z94: icon_task_p3_01 | AB94: 6622011 | AH94: 1
A95: =10000000+B95*100000+C95*1000+D95*10 -> 11101110 | B95: 11 | C95: 1 | D95: =IF(B95=B94,D94+1,1) -> 11 | E95: 主线任务链 | F95: TID_BranchLineTaskConf_226_3_taskName_GL_Main | G95: 升级瞭望塔至 | H95: 7 | I95: 级 | J95: =G95&H95&I95 -> 升级瞭望塔至7级 | K95: =A95 -> 11101110 | L95: =F94 -> TID_BranchLineTaskConf_215_8_taskName_GL_Main | M95: =A94 -> 11101100 | N95: taskReward{taskId:@@@} | O95: 条件与 | P95: =SUBSTITUTE(N95,"@@@",M95) -> taskReward{taskId:11101100} | Q95: 条件与 | R95: buildingLevelUp{buildingType:226,buildingLevel:@@@} | S95: =SUBSTITUTE(R95,"@@@",H95) -> buildingLevelUp{buildingType:226,buildingLevel:7} | T95: 条件与 | U95: buildingLevelUpNow{buildingType:212,buildingWantLevel:30} | V95: 跳转到瞭望塔【升级】菜单按钮7049 | W95: 100186 | Y95: icon_task | Z95: icon_task_p3_01 | AB95: 6622011 | AH95: 1
A96: =10000000+B96*100000+C96*1000+D96*10 -> 11101120 | B96: 11 | C96: 1 | D96: =IF(B96=B95,D95+1,1) -> 12 | E96: 主线任务链 | F96: TID_BranchLineTaskConf_11110113_taskName_GL_Main | G96: 升级城镇中心至 | H96: 12 | I96: 级 | J96: =G96&H96&I96 -> 升级城镇中心至12级 | K96: =A96 -> 11101120 | L96: =F95 -> TID_BranchLineTaskConf_226_3_taskName_GL_Main | M96: =A95 -> 11101110 | N96: taskReward{taskId:@@@} | O96: 条件与 | P96: =SUBSTITUTE(N96,"@@@",M96) -> taskReward{taskId:11101110} | Q96: 条件与 | R96: buildingLevelUp{buildingType:201,buildingLevel:@@@} | S96: =SUBSTITUTE(R96,"@@@",H96) -> buildingLevelUp{buildingType:201,buildingLevel:12} | T96: 条件与 | U96: buildingLevelUpNow{buildingType:201,buildingWantLevel:20} | V96: 跳转到城镇中心【升级】菜单按钮 | W96: =VLOOKUP(V96,[1]界面跳转!$I:$J,2,FALSE) -> 7001 | Y96: icon_task | Z96: icon_task_p3_01 | AB96: 6622012 | AG96: 1 | AH96: 1
A97: =10000000+B97*100000+C97*1000+D97*10 -> 11201010 | B97: 12 | C97: 1 | D97: =IF(B97=B96,D96+1,1) -> 1 | E97: 主线任务链 | F97: TID_BranchLineTaskConf_20201011_1_taskName_GL_Main | G97: 一个编队上阵 | H97: 2 | I97: 名英雄 | J97: =G97&H97&I97 -> 一个编队上阵2名英雄 | K97: =A97 -> 11201010 | L97: =F96 -> TID_BranchLineTaskConf_11110113_taskName_GL_Main | M97: =A96 -> 11101120 | N97: taskReward{taskId:@@@} | O97: 条件与 | P97: =SUBSTITUTE(N97,"@@@",M97) -> taskReward{taskId:11101120} | Q97: 条件与 | R97: presetTeam{heroCnt:2,soldierNum:0,teamCnt:1} | S97: =SUBSTITUTE(R97,"@@@",H97) -> presetTeam{heroCnt:2,soldierNum:0,teamCnt:1} | T97: 条件与 | U97: buildingLevelUpNow{buildingType:229,buildingWantLevel:1} | W97: 100114 | Y97: icon_task | Z97: icon_task_p3_01 | AB97: 6622012 | AH97: 1
A98: =10000000+B98*100000+C98*1000+D98*10 -> 11201020 | B98: 12 | C98: 1 | D98: =IF(B98=B97,D97+1,1) -> 2 | E98: 主线任务链 | F98: TID_BranchLineTaskConf_11210101_taskName_GL_Main | G98: 建造 | H98: 1 | I98: 个战争大厅 | J98: =G98&H98&I98 -> 建造1个战争大厅 | K98: =A98 -> 11201020 | L98: =F97 -> TID_BranchLineTaskConf_20201011_1_taskName_GL_Main | M98: =A97 -> 11201010 | N98: taskReward{taskId:@@@} | O98: 条件与 | P98: =SUBSTITUTE(N98,"@@@",M98) -> taskReward{taskId:11201010} | Q98: 条件与 | R98: buildingSum{buildingType:229,sum:@@@} | S98: =SUBSTITUTE(R98,"@@@",H98) -> buildingSum{buildingType:229,sum:1} | T98: 条件与 | U98: buildingLevelUpNow{buildingType:229,buildingWantLevel:1} | V98: 跳转到战争大厅【建造】确认 | W98: 100161 | Y98: icon_task | Z98: icon_task_p3_01 | AB98: 6622012 | AH98: 1
A99: =10000000+B99*100000+C99*1000+D99*10 -> 11201030 | B99: 12 | C99: 1 | D99: =IF(B99=B98,D98+1,1) -> 3 | E99: 主线任务链 | F99: TID_BranchLineTaskConf_229_1_taskName_GL_Main | G99: 升级战争大厅至 | H99: 10 | I99: 级 | J99: =G99&H99&I99 -> 升级战争大厅至10级 | K99: =A99 -> 11201030 | L99: =F98 -> TID_BranchLineTaskConf_11210101_taskName_GL_Main | M99: =A98 -> 11201020 | N99: taskReward{taskId:@@@} | O99: 条件与 | P99: =SUBSTITUTE(N99,"@@@",M99) -> taskReward{taskId:11201020} | Q99: 条件与 | R99: buildingLevelUp{buildingType:229,buildingLevel:@@@} | S99: =SUBSTITUTE(R99,"@@@",H99) -> buildingLevelUp{buildingType:229,buildingLevel:10} | T99: 条件与 | U99: buildingLevelUpNow{buildingType:229,buildingWantLevel:20} | V99: 跳转到战争大厅【升级】菜单按钮 | W99: =VLOOKUP(V99,[1]界面跳转!$I:$J,2,FALSE) -> 7052 | Y99: icon_task | Z99: icon_task_p3_01 | AB99: 6622012 | AH99: 1
A100: =10000000+B100*100000+C100*1000+D100*10 -> 11201040 | B100: 12 | C100: 1 | D100: =IF(B100=B99,D99+1,1) -> 4 | E100: 主线任务链 | F100: TID_BranchLineTaskConf_204_3_taskName_GL_Main | G100: 升级伐木场至 | H100: 12 | I100: 级 | J100: =G100&H100&I100 -> 升级伐木场至12级 | K100: =A100 -> 11201040 | L100: =F101 -> TID_UpgradeBuildings_015 | M100: =A99 -> 11201030 | N100: taskReward{taskId:@@@} | O100: 条件与 | P100: =SUBSTITUTE(N100,"@@@",M100) -> taskReward{taskId:11201030} | Q100: 条件与 | R100: buildingLevelUp{buildingType:204,buildingLevel:@@@} | S100: =SUBSTITUTE(R100,"@@@",H100) -> buildingLevelUp{buildingType:204,buildingLevel:12} | T100: 条件与 | U100: buildingLevelUpNow{buildingType:204,buildingWantLevel:20} | V100: 跳转到伐木场【升级】菜单按钮 | W100: =VLOOKUP(V100,[1]界面跳转!$I:$J,2,FALSE) -> 7011 | Y100: icon_task | Z100: icon_task_p3_01 | AB100: 6622012 | AH100: 1
...

Sheet 支线章节
A1: convert(ResTask.proto, table_BranchLineChapterConf, BranchLineChapterConf.pbin)
A2: 章节ID | B2: 章节任务ID | C2: 奖励ID | D2: 子任务ID | E2: 章节标题 | F2: 章节描述 | G2: 章节转场视频 | H2: 视频时长 | I2: 章节转场bgmBank | J2: 章节转场bgm事件名 | K2: 对话 | L2: timeline | M2: 过场顺序
A3: chapterId | B3: taskId | C3: rewardId | D3: subTaskId | E3: taskName | F3: taskDescr | G3: chapterVideo | H3: videoDuration | I3: chapterBgmBank | J3: chapterBgmName | K3: chapterDialog | L3: chapterTimeline | M3: chapterSequence[;]
A4: 1 | B4: 100001 | C4: 1933391 | D4: 10401010 | E4: TID_Chapter_100001_title | F4: TID_Chapter_100001_desc | G4: charpter0_cutscene | H4: 5 | I4: BGM_ChapterTitle | J4: Play_bgm_chapter01_Chaptertitle | K4: 2100180 | L4: assets/bundleresources/timelineprefabs/p_oversea_newbie_story37.prefab | M4: 1;2;3
D5: 10401020
D6: 10401030
D7: 10401040
A8: 2 | B8: 100002 | C8: 1933392 | D8: 10401050 | E8: TID_Chapter_100002_title | F8: TID_Chapter_100002_desc | G8: charpter0_cutscene | H8: 5 | I8: BGM_ChapterTitle | J8: Play_bgm_chapter01_Chaptertitle | K8: 2100180 | M8: 1;2
D9: 10401060
D10: 10401070
D11: 10401080
A12: 3 | B12: 100003 | C12: 1933393 | D12: 10401090 | E12: TID_Chapter_100003_title | F12: TID_Chapter_100003_desc | G12: charpter0_cutscene | H12: 5 | I12: BGM_ChapterTitle | J12: Play_bgm_chapter01_Chaptertitle
D13: 10401100
D14: 10401110
D15: 10401120
A16: 4 | B16: 100004 | C16: 1933394 | D16: 10401130 | E16: TID_Chapter_100004_title | F16: TID_Chapter_100004_desc | G16: charpter0_cutscene | H16: 5 | I16: BGM_ChapterTitle | J16: Play_bgm_chapter01_Chaptertitle
D17: 10401140
D18: 10401150
D19: 10401160
D20: 10401170
A21: 5 | B21: 100005 | C21: 1933395 | D21: 10501010 | E21: TID_Chapter_100005_title | F21: TID_Chapter_100005_desc | G21: charpter0_cutscene | H21: 5 | I21: BGM_ChapterTitle | J21: Play_bgm_chapter01_Chaptertitle
D22: 10501020
D23: 10501030
D24: 10501040
A25: 6 | B25: 100006 | C25: 1933396 | D25: 10501050 | E25: TID_Chapter_100006_title | F25: TID_Chapter_100006_desc | G25: charpter0_cutscene | H25: 5 | I25: BGM_ChapterTitle | J25: Play_bgm_chapter01_Chaptertitle
D26: 10501060
D27: 10501070
A28: 7 | B28: 100007 | C28: 1933397 | D28: 10501080 | E28: TID_Chapter_100007_title | F28: TID_Chapter_100007_desc | G28: charpter0_cutscene | H28: 5 | I28: BGM_ChapterTitle | J28: Play_bgm_chapter01_Chaptertitle
D29: 10601010
D30: 10601020
A31: 8 | B31: 100008 | C31: 1933398 | D31: 10601030 | E31: TID_Chapter_100008_title | F31: TID_Chapter_100008_desc | G31: charpter0_cutscene | H31: 5 | I31: BGM_ChapterTitle | J31: Play_bgm_chapter01_Chaptertitle
D32: 10601040
D33: 10601050
D34: 10601060
A35: 9 | B35: 100009 | C35: 1933399 | D35: 10601070 | E35: TID_Chapter_100009_title | F35: TID_Chapter_100009_desc | G35: charpter0_cutscene | H35: 5 | I35: BGM_ChapterTitle | J35: Play_bgm_chapter01_Chaptertitle
D36: 10601080
D37: 10601090
D38: 10601100
D39: 10601110
A40: 10 | B40: 100010 | C40: 1933400 | D40: 10601120 | E40: TID_Chapter_100010_title | F40: TID_Chapter_100010_desc | G40: charpter0_cutscene | H40: 5 | I40: BGM_ChapterTitle | J40: Play_bgm_chapter01_Chaptertitle
D41: 10701010
D42: 10701020
D43: 10701030
A44: 11 | B44: 100011 | C44: 1933401 | D44: 10701040 | E44: TID_Chapter_100011_title | F44: TID_Chapter_100011_desc | G44: charpter0_cutscene | H44: 5 | I44: BGM_ChapterTitle | J44: Play_bgm_chapter01_Chaptertitle
D45: 10701050
D46: 10801010
D47: 10801020
D48: 10801030
A49: 12 | B49: 100012 | C49: 1933402 | D49: 10801040 | E49: TID_Chapter_100012_title | F49: TID_Chapter_100012_desc | G49: charpter0_cutscene | H49: 5 | I49: BGM_ChapterTitle | J49: Play_bgm_chapter01_Chaptertitle
D50: 10801050
D51: 10801060
D52: 10801070
D53: 10801080
D54: 10801090
A55: 13 | B55: 100013 | C55: 1933403 | D55: 10801100 | E55: TID_Chapter_100013_title | F55: TID_Chapter_100013_desc | G55: charpter0_cutscene | H55: 5 | I55: BGM_ChapterTitle | J55: Play_bgm_chapter01_Chaptertitle
D56: 10801110
D57: 10901010
D58: 10901020
D59: 10901030
A60: 14 | B60: 100014 | C60: 1933404 | D60: 10901040 | E60: TID_Chapter_100014_title | F60: TID_Chapter_100014_desc | G60: charpter0_cutscene | H60: 5 | I60: BGM_ChapterTitle | J60: Play_bgm_chapter01_Chaptertitle
D61: 10901050
D62: 10901060
D63: 10901070
D64: 10901080
A65: 15 | B65: 100015 | C65: 1933404 | D65: 10901090 | E65: TID_Chapter_100014_title | F65: TID_Chapter_100014_desc | G65: charpter0_cutscene | H65: 5 | I65: BGM_ChapterTitle | J65: Play_bgm_chapter01_Chaptertitle
D66: 10901100

Sheet 支线子任务链
A1: convert(ResTask.proto, table_LineTaskListConf, BranchLineTaskListConf.pbin)
A2: id | B2: 任务ID | C2: 城镇中心等级 | D2: 分组 | E2: 序号 | F2: ID规划 | G2: 任务名称 | H2: 是否是海外主线任务链 | I2: 初始化任务链需要完成的章节任务ID
A3: id | B3: taskList[;] | H3: isImportantTask | I3: initChapterId
A4: 11001010 | B4: 11001010 | C4: 10 | D4: 1 | E4: 1 | F4: 主线任务链 | G4: 建造2个金矿场 | H4: 1 | I4: 100015
A5: =IF(F5=F4,"",B5) | B5: 11001020 | C5: 10 | D5: 1 | E5: 2 | F5: 主线任务链 | G5: 派遣农民进金矿场
A6: =IF(F6=F5,"",B6) | B6: 11001030 | C6: 10 | D6: 1 | E6: 3 | F6: 主线任务链 | G6: 升级2个金矿场至10级
A7: =IF(F7=F5,"",B7) | B7: 11001040 | C7: 10 | D7: 1 | E7: 4 | F7: 主线任务链 | G7: 升级2个伐木场至10级
A8: =IF(F8=F7,"",B8) | B8: 11001050 | C8: 10 | D8: 1 | E8: 5 | F8: 主线任务链 | G8: 升级2个石矿场至10级
A9: =IF(F9=F8,"",B9) | B9: 11001060 | C9: 10 | D9: 1 | E9: 6 | F9: 主线任务链 | G9: 升级2个磨坊至10级
A10: =IF(F10=F9,"",B10) | B10: 11001070 | C10: 10 | D10: 1 | E10: 7 | F10: 主线任务链 | G10: 升级居民房舍至10级
A11: =IF(F11=F10,"",B11) | B11: 11001080 | C11: 10 | D11: 1 | E11: 8 | F11: 主线任务链 | G11: 升级治疗房舍至10级
A12: =IF(F12=F11,"",B12) | B12: 11001090 | C12: 10 | D12: 1 | E12: 9 | F12: 主线任务链 | G12: 升级任意1个兵营至10级
A13: =IF(F13=F12,"",B13) | B13: 11001100 | C13: 10 | D13: 1 | E13: 10 | F13: 主线任务链 | G13: 清剿4级或更高级【普通】蛮族
A14: =IF(F14=F12,"",B14) | B14: 11001110 | C14: 10 | D14: 1 | E14: 11 | F14: 主线任务链 | G14: 任意英雄等级提升至20级
A15: =IF(F15=F13,"",B15) | B15: 11001120 | C15: 10 | D15: 1 | E15: 12 | F15: 主线任务链 | G15: 任意英雄固有技能升级至10级
A16: =IF(F16=F15,"",B16) | B16: 11001130 | C16: 10 | D16: 1 | E16: 13 | F16: 主线任务链 | G16: 任意英雄进行1次天赋升级
A17: =IF(F17=F16,"",B17) | B17: 11001140 | C17: 10 | D17: 1 | E17: 14 | F17: 主线任务链 | G17: 升级城墙至10级
A18: =IF(F18=F17,"",B18) | B18: 11001150 | C18: 10 | D18: 1 | E18: 15 | F18: 主线任务链 | G18: 升级城镇中心至11级
A19: =IF(F19=F18,"",B19) | B19: 11001160 | C19: 10 | D19: 1 | E19: 16 | F19: 主线任务链 | G19: 进入活动中心1次
A20: =IF(F20=F19,"",B20) | B20: 11101010 | C20: 11 | D20: 1 | E20: 1 | F20: 主线任务链 | G20: 升级2个伐木场至11级
A21: =IF(F21=F20,"",B21) | B21: 11101020 | C21: 11 | D21: 1 | E21: 2 | F21: 主线任务链 | G21: 升级2个石矿场至11级
A22: =IF(F22=F20,"",B22) | B22: 11101030 | C22: 11 | D22: 1 | E22: 3 | F22: 主线任务链 | G22: 采集任意资源点累计获取200000资源
A23: =IF(F23=F21,"",B23) | B23: 11101040 | C23: 11 | D23: 1 | E23: 4 | F23: 主线任务链 | G23: 升级2个金矿场至11级
A24: =IF(F24=F23,"",B24) | B24: 11101050 | C24: 11 | D24: 1 | E24: 5 | F24: 主线任务链 | G24: 升级2个磨坊至11级
A25: =IF(F25=F24,"",B25) | B25: 11101060 | C25: 11 | D25: 1 | E25: 6 | F25: 主线任务链 | G25: 升级仓库至11级
A26: =IF(F26=F25,"",B26) | B26: 11101070 | C26: 11 | D26: 1 | E26: 7 | F26: 主线任务链 | G26: 升级市集至11级
A27: =IF(F27=F26,"",B27) | B27: 11101080 | C27: 11 | D27: 1 | E27: 8 | F27: 主线任务链 | G27: 升级居民房舍至11级
A28: =IF(F28=F27,"",B28) | B28: 11101090 | C28: 11 | D28: 1 | E28: 9 | F28: 主线任务链 | G28: 升级治疗房舍至11级
A29: =IF(F29=F28,"",B29) | B29: 11101100 | C29: 11 | D29: 1 | E29: 10 | F29: 主线任务链 | G29: 升级城墙至11级
A30: =IF(F30=F29,"",B30) | B30: 11101110 | C30: 11 | D30: 1 | E30: 11 | F30: 主线任务链 | G30: 升级瞭望塔至7级
A31: =IF(F31=F30,"",B31) | B31: 11101120 | C31: 11 | D31: 1 | E31: 12 | F31: 主线任务链 | G31: 升级城镇中心至12级
A32: =IF(F32=F30,"",B32) | B32: 11201010 | C32: 12 | D32: 1 | E32: 1 | F32: 主线任务链 | G32: 一个编队上阵2名英雄
A33: =IF(F33=F31,"",B33) | B33: 11201020 | C33: 12 | D33: 1 | E33: 2 | F33: 主线任务链 | G33: 建造1个战争大厅
A34: =IF(F34=F33,"",B34) | B34: 11201030 | C34: 12 | D34: 1 | E34: 3 | F34: 主线任务链 | G34: 升级战争大厅至10级
A35: =IF(F35=F36,"",B35) | B35: 11201040 | C35: 12 | D35: 1 | E35: 4 | F35: 主线任务链 | G35: 升级2个伐木场至12级
A36: =IF(F36=F34,"",B36) | B36: 11201050 | C36: 12 | D36: 1 | E36: 5 | F36: 主线任务链 | G36: 升级枪兵营至12级
A37: =IF(F37=F36,"",B37) | B37: 11201060 | C37: 12 | D37: 1 | E37: 6 | F37: 主线任务链 | G37: 清剿任意等级【普通】蛮族3次
A38: =IF(F38=F35,"",B38) | B38: 11201070 | C38: 12 | D38: 1 | E38: 7 | F38: 主线任务链 | G38: 升级2个石矿场至12级
A39: =IF(F39=F38,"",B39) | B39: 11201080 | C39: 12 | D39: 1 | E39: 8 | F39: 主线任务链 | G39: 升级2个金矿场至12级
A40: =IF(F40=F39,"",B40) | B40: 11201090 | C40: 12 | D40: 1 | E40: 9 | F40: 主线任务链 | G40: 升级2个磨坊至12级
A41: =IF(F41=F40,"",B41) | B41: 11201100 | C41: 12 | D41: 1 | E41: 10 | F41: 主线任务链 | G41: 升级居民房舍至12级
A42: =IF(F42=F41,"",B42) | B42: 11201110 | C42: 12 | D42: 1 | E42: 11 | F42: 主线任务链 | G42: 升级治疗房舍至12级
A43: =IF(F43=F42,"",B43) | B43: 11201120 | C43: 12 | D43: 1 | E43: 12 | F43: 主线任务链 | G43: 升级城墙至12级
A44: =IF(F44=F43,"",B44) | B44: 11201130 | C44: 12 | D44: 1 | E44: 13 | F44: 主线任务链 | G44: 升级学院至12级
A45: =IF(F45=F44,"",B45) | B45: 11201140 | C45: 12 | D45: 1 | E45: 14 | F45: 主线任务链 | G45: 解锁英雄编队1
A46: =IF(F46=F45,"",B46) | B46: 11201150 | C46: 12 | D46: 1 | E46: 15 | F46: 主线任务链 | G46: 升级城镇中心至13级
A47: =IF(F47=F46,"",B47) | B47: 11301010 | C47: 13 | D47: 1 | E47: 1 | F47: 主线任务链 | G47: 升级3个伐木场至13级
A48: =IF(F48=F47,"",B48) | B48: 11301020 | C48: 13 | D48: 1 | E48: 2 | F48: 主线任务链 | G48: 升级2个石矿场至13级
A49: =IF(F49=F48,"",B49) | B49: 11301030 | C49: 13 | D49: 1 | E49: 3 | F49: 主线任务链 | G49: 升级2个金矿场至13级
A50: =IF(F50=F48,"",B50) | B50: 11301040 | C50: 13 | D50: 1 | E50: 4 | F50: 主线任务链 | G50: 清剿5级或更高级【普通】蛮族
A51: =IF(F51=F49,"",B51) | B51: 11301050 | C51: 13 | D51: 1 | E51: 5 | F51: 主线任务链 | G51: 升级3个磨坊至13级
A52: =IF(F52=F51,"",B52) | B52: 11301060 | C52: 13 | D52: 1 | E52: 6 | F52: 主线任务链 | G52: 升级居民房舍至13级
A53: =IF(F53=F52,"",B53) | B53: 11301070 | C53: 13 | D53: 1 | E53: 7 | F53: 主线任务链 | G53: 升级治疗房舍至13级
A54: =IF(F54=F53,"",B54) | B54: 11301080 | C54: 13 | D54: 1 | E54: 8 | F54: 主线任务链 | G54: 升级大使馆至13级
A55: =IF(F55=F54,"",B55) | B55: 11301090 | C55: 13 | D55: 1 | E55: 9 | F55: 主线任务链 | G55: 升级城墙至13级
A56: =IF(F56=F55,"",B56) | B56: 11301100 | C56: 13 | D56: 1 | E56: 10 | F56: 主线任务链 | G56: 清剿任意等级【普通】蛮族3次
A57: =IF(F57=F55,"",B57) | B57: 11301110 | C57: 13 | D57: 1 | E57: 11 | F57: 主线任务链 | G57: 升级城镇中心至14级
A58: =IF(F58=F57,"",B58) | B58: 11401010 | C58: 14 | D58: 1 | E58: 1 | F58: 主线任务链 | G58: 升级3个伐木场至14级
A59: =IF(F59=F58,"",B59) | B59: 11401020 | C59: 14 | D59: 1 | E59: 2 | F59: 主线任务链 | G59: 升级3个石矿场至14级
A60: =IF(F60=F59,"",B60) | B60: 11401030 | C60: 14 | D60: 1 | E60: 3 | F60: 主线任务链 | G60: 升级3个金矿场至14级
A61: =IF(F61=F60,"",B61) | B61: 11401040 | C61: 14 | D61: 1 | E61: 4 | F61: 主线任务链 | G61: 升级3个磨坊至14级
A62: =IF(F62=F61,"",B62) | B62: 11401050 | C62: 14 | D62: 1 | E62: 5 | F62: 主线任务链 | G62: 升级居民房舍至14级
A63: =IF(F63=F62,"",B63) | B63: 11401060 | C63: 14 | D63: 1 | E63: 6 | F63: 主线任务链 | G63: 升级治疗房舍至14级
A64: =IF(F64=F63,"",B64) | B64: 11401070 | C64: 14 | D64: 1 | E64: 7 | F64: 主线任务链 | G64: 采集任意资源点累计获取300000资源
A65: =IF(F65=F63,"",B65) | B65: 11401080 | C65: 14 | D65: 1 | E65: 8 | F65: 主线任务链 | G65: 升级学院至14级
A66: =IF(F66=F65,"",B66) | B66: 11401090 | C66: 14 | D66: 1 | E66: 9 | F66: 主线任务链 | G66: 升级城墙至14级
A67: =IF(F67=F66,"",B67) | B67: 11401100 | C67: 14 | D67: 1 | E67: 10 | F67: 主线任务链 | G67: 升级城镇中心至15级
A68: =IF(F68=F67,"",B68) | B68: 11501010 | C68: 15 | D68: 1 | E68: 1 | F68: 主线任务链 | G68: 升级至帝王时代
A69: =IF(F69=F68,"",B69) | B69: 11501020 | C69: 15 | D69: 1 | E69: 2 | F69: 主线任务链 | G69: 升级3个伐木场至15级
A70: =IF(F70=F69,"",B70) | B70: 11501030 | C70: 15 | D70: 1 | E70: 3 | F70: 主线任务链 | G70: 升级3个石矿场至15级
A71: =IF(F71=F70,"",B71) | B71: 11501040 | C71: 15 | D71: 1 | E71: 4 | F71: 主线任务链 | G71: 升级3个金矿场至15级
A72: =IF(F72=F71,"",B72) | B72: 11501050 | C72: 15 | D72: 1 | E72: 5 | F72: 主线任务链 | G72: 升级3个磨坊至15级
A73: =IF(F73=F72,"",B73) | B73: 11501060 | C73: 15 | D73: 1 | E73: 6 | F73: 主线任务链 | G73: 升级居民房舍至15级
A74: =IF(F74=F73,"",B74) | B74: 11501070 | C74: 15 | D74: 1 | E74: 7 | F74: 主线任务链 | G74: 升级治疗房舍至15级
A75: =IF(F75=F74,"",B75) | B75: 11501080 | C75: 15 | D75: 1 | E75: 8 | F75: 主线任务链 | G75: 升级城墙至15级
A76: =IF(F76=F75,"",B76) | B76: 11501090 | C76: 15 | D76: 1 | E76: 9 | F76: 主线任务链 | G76: 升级城镇中心至16级
A77: =IF(F77=F76,"",B77) | B77: 11601010 | C77: 16 | D77: 1 | E77: 1 | F77: 主线任务链 | G77: 升级4个伐木场至16级
... A98: =IF(F98=F97,"",B98) | B98: 11701100 | C98: 17 | D98: 1 | E98: 10 | F98: 主线任务链 | G98: 升级城镇中心至18级
A99: =IF(F99=F224,"",B99) | B99: 11801030 | C99: 18 | D99: 1 | E99: 3 | F99: 主线任务链 | G99: 升级4个伐木场至18级
A100: =IF(F100=F99,"",B100) | B100: 11801040 | C100: 18 | D100: 1 | E100: 4 | F100: 主线任务链 | G100: 升级4个石矿场至18级
A101: =IF(F101=F100,"",B101) | B101: 11801050 | C101: 18 | D101: 1 | E101: 5 | F101: 主线任务链 | G101: 升级4个金矿场至18级
A102: =IF(F102=F101,"",B102) | B102: 11801060 | C102: 18 | D102: 1 | E102: 6 | F102: 主线任务链 | G102: 升级4个磨坊至18级
A103: =IF(F103=F102,"",B103) | B103: 11801070 | C103: 18 | D103: 1 | E103: 7 | F103: 主线任务链 | G103: 升级居民房舍至18级
A104: =IF(F104=F103,"",B104) | B104: 11801080 | C104: 18 | D104: 1 | E104: 8 | F104: 主线任务链 | G104: 升级治疗房舍至18级
A105: =IF(F105=F104,"",B105) | B105: 11801090 | C105: 18 | D105: 1 | E105: 9 | F105: 主线任务链 | G105: 升级大使馆至18级
B106: 11801100 | C106: 18 | D106: 1 | E106: 10 | F106: 主线任务链 | G106: 升级城墙至18级
B107: 11801110 | C107: 18 | D107: 1 | E107: 11 | F107: 主线任务链 | G107: 升级城镇中心至19级
B108: 11901010 | C108: 19 | D108: 1 | E108: 1 | G108: 升级4个伐木场至19级
A109: =IF(F109=F108,"",B109) | B109: 11901020 | C109: 19 | D109: 1 | E109: 2 | G109: 升级4个石矿场至19级
A110: =IF(F110=F109,"",B110) | B110: 11901030 | C110: 19 | D110: 1 | E110: 3 | G110: 升级4个金矿场至19级
A111: =IF(F111=F110,"",B111) | B111: 11901040 | C111: 19 | D111: 1 | E111: 4 | G111: 升级4个磨坊至19级
A112: =IF(F112=F111,"",B112) | B112: 11901050 | C112: 19 | D112: 1 | E112: 5 | G112: 升级居民房舍至19级
A113: =IF(F113=F112,"",B113) | B113: 11901060 | C113: 19 | D113: 1 | E113: 6 | G113: 升级学院至19级
A114: =IF(F114=F113,"",B114) | B114: 11901070 | C114: 19 | D114: 1 | E114: 7 | G114: 升级治疗房舍至19级
A115: =IF(F115=F114,"",B115) | B115: 11901080 | C115: 19 | D115: 1 | E115: 8 | G115: 升级城墙至19级
A116: =IF(F116=F115,"",B116) | B116: 11901090 | C116: 19 | D116: 1 | E116: 9 | G116: 升级城镇中心至20级
A117: =IF(F117=F116,"",B117) | B117: 12001010 | C117: 20 | D117: 1 | E117: 1 | G117: 升级4个伐木场至20级
A118: =IF(F118=F117,"",B118) | B118: 12001020 | C118: 20 | D118: 1 | E118: 2 | G118: 升级4个石矿场至20级
A119: =IF(F119=F118,"",B119) | B119: 12001030 | C119: 20 | D119: 1 | E119: 3 | G119: 升级4个金矿场至20级
A120: =IF(F120=F119,"",B120) | B120: 12001040 | C120: 20 | D120: 1 | E120: 4 | G120: 升级4个磨坊至20级
...

Sheet #隐藏支线子任务
A1: convert(ResTask.proto, table_LineTaskConf, HideBranchLineTaskConf.pbin)
A2: 任务id | B2: 任务名称 | C2: 触发条件组与或关系 | D2: 触发条件组 | E2: 完成条件组与或关系 | F2: 完成条件组 | G2: 跳转id | H2: 任务描述 | I2: 图集 | J2: sprite | K2: 排序 | L2: 奖励
A3: id | B3: taskName | C3: common.resTriggerConditionGroup.conditionRelation | D3: common.resTriggerConditionGroup.condition.condOneOf | E3: common.resCompleteConditionGroup.conditionRelation | F3: common.resCompleteConditionGroup.condition.condOneOf | G3: common.jumpTo | H3: taskDesc | I3: atlas | J3: sprite | K3: order | L3: common.rewardId

Sheet #隐藏支线子任务链
A1: convert(ResTask.proto, table_LineTaskListConf, HideBranchLineTaskListConf.pbin)
A2: id | B2: 任务链
A3: id | B3: taskList[;]

Sheet #杂项配置
A1: convertTrans(ResTask.proto, table_LineTaskMiscConf, LineTaskMiscConf.pbin) | B1: 字段 | C1: 值
A2: 配置项 | B2: id | C2: 1
A3: 前置主线剧情任务id | B3: preMainTaskId | C3: 110010
A4: 自动领奖上限【测试环境生效】（0没有上限，>0代表最多多少个支线+隐藏支线处于未领奖状态，多于自动领奖） | B4: autoRewardLimit | C4: 10

Sheet #主线任务集（废弃）
A1: convert(ResTask.proto, table_LineTaskConf, MainLineTaskConf.pbin)
A2: 任务id | B2: 任务名称 | C2: 解锁条件关系 | D2: 解锁条件组 | E2: 完成条件关系 | F2: 完成条件组 | G2: 进行中条件关系 | H2: 进行条件 | I2: 跳转id | J2: 任务描述 | K2: 图集 | L2: sprite | M2: 排序 | N2: 奖励
A3: id | B3: taskName | C3: common.resTriggerConditionGroup.conditionRelation | D3: common.resTriggerConditionGroup.condition.condOneOf | E3: common.resCompleteConditionGroup.conditionRelation | F3: common.resCompleteConditionGroup.condition.condOneOf | G3: common.resDoingConditionGroup.conditionRelation | H3: common.resDoingConditionGroup.condition.condOneOf | I3: jumpTo | J3: taskDesc | K3: atlas | L3: sprite | M3: order | N3: common.rewardId

Sheet #主线任务链（废弃）
A1: convert(ResTask.proto, table_LineTaskListConf, MainLineTaskListConf.pbin)
A2: id | B2: 任务链
A3: id | B3: taskList

Sheet #TID_base_up
A1: 旧Key | B1: 新Key | C1: 文本
A2: BranchLineTaskConf_10410101_taskName_GL_Main | B2: TID_BranchLineTaskConf_10410101_taskName_GL_Main | C2: 选择任意1个文明
A3: BranchLineTaskConf_10401020_taskName_GL_Main | B3: TID_BranchLineTaskConf_10401020_taskName_GL_Main | C3: 升级剑士营至4级
A4: BranchLineTaskConf_10401030_taskName_GL_Main | B4: TID_BranchLineTaskConf_10401030_taskName_GL_Main | C4: 训练1级剑士700名
A5: BranchLineTaskConf_10410104_taskName_GL_Main | B5: TID_BranchLineTaskConf_10410104_taskName_GL_Main | C5: 使用训练加速20分钟
A6: BranchLineTaskConf_10401050_taskName_GL_Main | B6: TID_BranchLineTaskConf_10401050_taskName_GL_Main | C6: [启程之光]累计招募10次
A7: BranchLineTaskConf_10410105_taskName_GL_Main | B7: TID_BranchLineTaskConf_10410105_taskName_GL_Main | C7: 前往城外探查
A8: BranchLineTaskConf_10410106_taskName_GL_Main | B8: TID_BranchLineTaskConf_10410106_taskName_GL_Main | C8: 编组1支上阵2个英雄的部队
A9: BranchLineTaskConf_10410107_taskName_GL_Main | B9: TID_BranchLineTaskConf_10410107_taskName_GL_Main | C9: 城外搜索任意类型蛮族1次
A10: BranchLineTaskConf_10410108_taskName_GL_Main | B10: TID_BranchLineTaskConf_10410108_taskName_GL_Main | C10: 城外清剿1级蛮族1次
A11: BranchLineTaskConf_10410110_taskName_GL_Main | B11: TID_BranchLineTaskConf_10410110_taskName_GL_Main | C11: 城外清剿2级蛮族1次
A12: BranchLineTaskConf_10401100_taskName_GL_Main | B12: TID_BranchLineTaskConf_10401100_taskName_GL_Main | C12: 激活任意一个1000要求的发展方略
... A689: BranchLineTaskConf_20123072_taskName_GL_Main | B689: TID_BranchLineTaskConf_20123072_taskName_GL_Main | C689: 升级战争大厅至20级
