Workbook

Sheet 英雄流派
A1: convert(ResHero.proto, table_HeroFactionConf, HeroFactionConf.pbin)
A2: 流派id | B2: 要不要 | C2: 流派说明（策划用） | D2: 流派名称 | E2: 流派推荐描述 | F2: 流派Icon图集 | G2: 流派icon名称 | H2: 成就Id | I2: 推荐阵容 | J2: 第1阶段等级 | K2: 第1阶段奖励 | L2: 第2阶段等级 | M2: 第2阶段奖励 | N2: 第3阶段等级 | O2: 第3阶段奖励 | P2: 第4阶段等级 | Q2: 第4阶段奖励 | R2: 第5阶段等级 | S2: 第5阶段奖励 | V2: 1 | W2: 2 | X2: 3 | Y2: 11 | Z2: 12 | AA2: 13 | AB2: 21 | AC2: 22 | AD2: 23
A3: factionId | B3: open | D3: factionName | E3: des | F3: iconAtlas | G3: iconName | H3: heroAchievementId[;] | I3: recommend[|] | J3: stageReward[0].totalLevel | K3: stageReward[0].rewardId | L3: stageReward[1].totalLevel | M3: stageReward[1].rewardId | N3: stageReward[2].totalLevel | O3: stageReward[2].rewardId | P3: stageReward[3].totalLevel | Q3: stageReward[3].rewardId | R3: stageReward[4].totalLevel | S3: stageReward[4].rewardId
A4: 1 | B4: TRUE | C4: 智谋剑 | D4: TID_HeroFactionConf_1_factionName_CN_Main | E4: TID_HeroFactionConf_1_des_CN_Main | F4: icon_n_hero | G4: icon_achievement_01 | H4: =V4&";"&W4&";"&X4&";"&Y4&";"&Z4&";"&AB4&";"&AC4 -> 1001;1002;1003;1011;1012;1021;1022 | I4: 1001|1002|1003 | J4: =$U4*1 -> 7 | K4: 1707501 | L4: =$U4*2 -> 14 | M4: 1707502 | N4: =$U4*3 -> 21 | O4: 1707503 | P4: =$U4*4 -> 28 | Q4: 1707504 | R4: =$U4*5 -> 35 | S4: 1707505 | U4: 7 | V4: =$A4*1000+V$2 -> 1001 | W4: =$A4*1000+W$2 -> 1002 | X4: =$A4*1000+X$2 -> 1003 | Y4: =$A4*1000+Y$2 -> 1011 | Z4: =$A4*1000+Z$2 -> 1012 | AA4: =$A4*1000+AA$2 -> 1013 | AB4: =$A4*1000+AB$2 -> 1021 | AC4: =$A4*1000+AC$2 -> 1022 | AD4: =$A4*1000+AD$2 -> 1023
A5: 2 | B5: TRUE | C5: 智谋弓 | D5: TID_HeroFactionConf_2_factionName_CN_Main | E5: TID_HeroFactionConf_2_des_CN_Main | F5: icon_n_hero | G5: icon_achievement_07 | H5: =V5&";"&W5&";"&X5&";"&Y5&";"&Z5&";"&AB5&";"&AC5 -> 2001;2002;2003;2011;2012;2021;2022 | I5: 2001|2002|2003 | J5: =$U5*1 -> 7 | K5: 1707501 | L5: =$U5*2 -> 14 | M5: 1707502 | N5: =$U5*3 -> 21 | O5: 1707503 | P5: =$U5*4 -> 28 | Q5: 1707504 | R5: =$U5*5 -> 35 | S5: 1707505 | U5: 7 | V5: =$A5*1000+V$2 -> 2001 | W5: =$A5*1000+W$2 -> 2002 | X5: =$A5*1000+X$2 -> 2003 | Y5: =$A5*1000+Y$2 -> 2011 | Z5: =$A5*1000+Z$2 -> 2012 | AA5: =$A5*1000+AA$2 -> 2013 | AB5: =$A5*1000+AB$2 -> 2021 | AC5: =$A5*1000+AC$2 -> 2022 | AD5: =$A5*1000+AD$2 -> 2023
A6: 3 | B6: TRUE | C6: 指挥剑/指挥枪 | D6: TID_HeroFactionConf_3_factionName_CN_Main | E6: TID_HeroFactionConf_3_des_CN_Main | F6: icon_n_hero | G6: icon_achievement_02 | H6: =V6&";"&W6&";"&X6&";"&Y6&";"&Z6&";"&AB6&";"&AC6 -> 3001;3002;3003;3011;3012;3021;3022 | I6: 3001|3002|3003|3004|3005|3006 | J6: =$U6*1 -> 7 | K6: 1707501 | L6: =$U6*2 -> 14 | M6: 1707502 | N6: =$U6*3 -> 21 | O6: 1707503 | P6: =$U6*4 -> 28 | Q6: 1707504 | R6: =$U6*5 -> 35 | S6: 1707505 | U6: 7 | V6: =$A6*1000+V$2 -> 3001 | W6: =$A6*1000+W$2 -> 3002 | X6: =$A6*1000+X$2 -> 3003 | Y6: =$A6*1000+Y$2 -> 3011 | Z6: =$A6*1000+Z$2 -> 3012 | AA6: =$A6*1000+AA$2 -> 3013 | AB6: =$A6*1000+AB$2 -> 3021 | AC6: =$A6*1000+AC$2 -> 3022 | AD6: =$A6*1000+AD$2 -> 3023
A7: 4 | B7: TRUE | C7: 反击枪 | D7: TID_HeroFactionConf_4_factionName_CN_Main | E7: TID_HeroFactionConf_4_des_CN_Main | F7: icon_n_hero | G7: icon_achievement_03 | H7: =V7&";"&W7&";"&X7&";"&Y7&";"&Z7&";"&AB7&";"&AC7 -> 4001;4002;4003;4011;4012;4021;4022 | I7: 4001|4002|4003|4004 | J7: =$U7*1 -> 7 | K7: 1707501 | L7: =$U7*2 -> 14 | M7: 1707502 | N7: =$U7*3 -> 21 | O7: 1707503 | P7: =$U7*4 -> 28 | Q7: 1707504 | R7: =$U7*5 -> 35 | S7: 1707505 | U7: 7 | V7: =$A7*1000+V$2 -> 4001 | W7: =$A7*1000+W$2 -> 4002 | X7: =$A7*1000+X$2 -> 4003 | Y7: =$A7*1000+Y$2 -> 4011 | Z7: =$A7*1000+Z$2 -> 4012 | AA7: =$A7*1000+AA$2 -> 4013 | AB7: =$A7*1000+AB$2 -> 4021 | AC7: =$A7*1000+AC$2 -> 4022 | AD7: =$A7*1000+AD$2 -> 4023
A8: 5 | B8: TRUE | C8: 勇武骑/勇武弓/亚瑟骑 | D8: TID_HeroFactionConf_5_factionName_CN_Main | E8: TID_HeroFactionConf_5_des_CN_Main | F8: icon_n_hero | G8: icon_achievement_04 | H8: =V8&";"&W8&";"&X8&";"&Y8&";"&Z8&";"&AB8&";"&AC8 -> 5001;5002;5003;5011;5012;5021;5022 | I8: 5001|5002|5003|5004|5005|5006 | J8: =$U8*1 -> 7 | K8: 1707501 | L8: =$U8*2 -> 14 | M8: 1707502 | N8: =$U8*3 -> 21 | O8: 1707503 | P8: =$U8*4 -> 28 | Q8: 1707504 | R8: =$U8*5 -> 35 | S8: 1707505 | U8: 7 | V8: =$A8*1000+V$2 -> 5001 | W8: =$A8*1000+W$2 -> 5002 | X8: =$A8*1000+X$2 -> 5003 | Y8: =$A8*1000+Y$2 -> 5011 | Z8: =$A8*1000+Z$2 -> 5012 | AA8: =$A8*1000+AA$2 -> 5013 | AB8: =$A8*1000+AB$2 -> 5021 | AC8: =$A8*1000+AC$2 -> 5022 | AD8: =$A8*1000+AD$2 -> 5023
A9: 6 | B9: TRUE | C9: 智谋骑 | D9: TID_HeroFactionConf_6_factionName_CN_Main | E9: TID_HeroFactionConf_6_des_CN_Main | F9: icon_n_hero | G9: icon_achievement_05 | H9: =V9&";"&W9&";"&X9&";"&Y9&";"&Z9&";"&AB9&";"&AC9 -> 6001;6002;6003;6011;6012;6021;6022 | I9: 6001|6002|6003 | J9: =$U9*1 -> 7 | K9: 1707501 | L9: =$U9*2 -> 14 | M9: 1707502 | N9: =$U9*3 -> 21 | O9: 1707503 | P9: =$U9*4 -> 28 | Q9: 1707504 | R9: =$U9*5 -> 35 | S9: 1707505 | U9: 7 | V9: =$A9*1000+V$2 -> 6001 | W9: =$A9*1000+W$2 -> 6002 | X9: =$A9*1000+X$2 -> 6003 | Y9: =$A9*1000+Y$2 -> 6011 | Z9: =$A9*1000+Z$2 -> 6012 | AA9: =$A9*1000+AA$2 -> 6013 | AB9: =$A9*1000+AB$2 -> 6021 | AC9: =$A9*1000+AC$2 -> 6022 | AD9: =$A9*1000+AD$2 -> 6023
A10: 7 | B10: TRUE | C10: 女帝弓 | D10: TID_HeroFactionConf_7_factionName_CN_Main | E10: TID_HeroFactionConf_7_des_CN_Main | F10: icon_n_hero | G10: icon_achievement_06 | H10: =V10&";"&W10&";"&X10&";"&Y10&";"&Z10&";"&AB10&";"&AC10 -> 7001;7002;7003;7011;7012;7021;7022 | I10: 7001|7002 | J10: =$U10*1 -> 7 | K10: 1707501 | L10: =$U10*2 -> 14 | M10: 1707502 | N10: =$U10*3 -> 21 | O10: 1707503 | P10: =$U10*4 -> 28 | Q10: 1707504 | R10: =$U10*5 -> 35 | S10: 1707505 | U10: 7 | V10: =$A10*1000+V$2 -> 7001 | W10: =$A10*1000+W$2 -> 7002 | X10: =$A10*1000+X$2 -> 7003 | Y10: =$A10*1000+Y$2 -> 7011 | Z10: =$A10*1000+Z$2 -> 7012 | AA10: =$A10*1000+AA$2 -> 7013 | AB10: =$A10*1000+AB$2 -> 7021 | AC10: =$A10*1000+AC$2 -> 7022 | AD10: =$A10*1000+AD$2 -> 7023
A11: 8 | B11: FALSE | C11: 智谋剑/智谋弓 | D11: TID_HeroFactionConf_8_factionName_CN_Main | F11: icon_n_hero | G11: icon_achievement_06 | I11: 3001|3002 | J11: =$U11*1 -> 7 | K11: 1707501 | L11: =$U11*2 -> 14 | M11: 1707502 | N11: =$U11*3 -> 21 | O11: 1707503 | P11: =$U11*4 -> 28 | Q11: 1707504 | R11: =$U11*5 -> 35 | S11: 1707505 | U11: 7 | V11: =$A11*1000+V$2 -> 8001 | W11: =$A11*1000+W$2 -> 8002 | X11: =$A11*1000+X$2 -> 8003 | Y11: =$A11*1000+Y$2 -> 8011 | Z11: =$A11*1000+Z$2 -> 8012 | AA11: =$A11*1000+AA$2 -> 8013 | AB11: =$A11*1000+AB$2 -> 8021 | AC11: =$A11*1000+AC$2 -> 8022 | AD11: =$A11*1000+AD$2 -> 8023

Sheet 英雄成就
A1: convert(ResHero.proto, table_HeroAchievementConf, HeroAchievementConf.pbin)
A2: 成就Id | B2: 流派Id | C2: 成就名称 | D2: 成就描述 | E2: 进度值描述 | F2: 成就品质 | G2: 成就icon图集 | H2: 成就icon名称 | I2: 目标id | J2: 目标等级 | K2: 跳转id | L2: 跳转id(不关闭界面的跳转id) | M2: 实现条件组 | N2: 条件关系 | O2: 奖励id | Q2: 参数1 | R2: 参数2 | W2: 流派 | X2: 成就id | Y2: icon | Z2: 成就名称(源文本) | AA2: 成就描述(源文本) | AB2: 进度值描述(源文本)
A3: id | B3: factionId | C3: name | D3: des | E3: des2 | F3: level | G3: iconAtlas | H3: iconName | I3: realize.targetId | J3: realize.targetLevel | K3: realize.jumpId | L3: realize.jumpId2 | M3: realize.conditionGroup.condition.condOneOf | N3: realize.conditionGroup.conditionRelation | O3: realize.rewardId
A4: =W4*1000+X4 -> 1001 | B4: =IF(A4=0,"",INT(A4/1000)) -> 1 | C4: TID_HeroAchievementConf_1001_name_CN_Main | D4: TID_HeroAchievementConf_1001_des_CN_Main | E4: TID_HeroAchievementConf_1001_des2_CN_Main | F4: 1 | G4: icon_n_challengemanual | H4: ="icon_copper_"&Y4 -> icon_copper_07 | I4: =A4*100+J4 -> 100101 | J4: =IF(MOD(ROW()+2,5)=0,MOD(ROW()+2,5)+5,MOD(ROW()+2,5)) -> 1 | K4: 7253 | L4: 7253 | M4: ="achievementAccumulative{achieveId:"&Q4&",count:"&R4&"}" -> achievementAccumulative{achieveId:1001,count:40000} | N4: 条件与 | O4: 1707511 | Q4: =IF(0=A4,Q3,A4) -> 1001 | R4: 40000 | W4: 1 | X4: 1 | Y4: 07 | Z4: =IF($A4=0,"",IF(VLOOKUP($A4,成就条件映射!$A$4:$D$66,2)=0,"",VLOOKUP($A4,成就条件映射!$A$4:$D$66,2))) -> 攻克资源点 | AA4: =IF($A4=0,"",IF(VLOOKUP($A4,成就条件映射!$A$4:$D$66,3)=0,"",VLOOKUP($A4,成就条件映射!$A$4:$D$66,3))) -> 在与<color=#ffc766>资源点守军</color>战斗中，我方<color=#ffc766>剑士</color>部队使用<color=#ffc766>固有</color><color=#ffc766>主动技能</color>累计造成的<color=#ffc766>伤害量</color> | AB4: =IF($A4=0,"",IF(VLOOKUP($A4,成就条件映射!$A$4:$D$66,4)=0,"",VLOOKUP($A4,成就条件映射!$A$4:$D$66,4))) -> 当前累计伤害
B5: =IF(A5=0,"",INT(A5/1000)) | C5: =IF($A5=0,"",IF(VLOOKUP($A5,成就条件映射!$A$4:$D$66,2)=0,"",VLOOKUP($A5,成就条件映射!$A$4:$D$66,2))) | D5: =IF($A5=0,"",IF(VLOOKUP($A5,成就条件映射!$A$4:$D$66,3)=0,"",VLOOKUP($A5,成就条件映射!$A$4:$D$66,3))) | E5: =IF($A5=0,"",IF(VLOOKUP($A5,成就条件映射!$A$4:$D$66,4)=0,"",VLOOKUP($A5,成就条件映射!$A$4:$D$66,4))) | I5: =A4*100+J5 -> 100102 | J5: =IF(MOD(ROW()+2,5)=0,MOD(ROW()+2,5)+5,MOD(ROW()+2,5)) -> 2 | K5: 7253 | L5: 7253 | M5: ="achievementAccumulative{achieveId:"&Q5&",count:"&R5&"}" -> achievementAccumulative{achieveId:1001,count:650000} | N5: 条件与 | O5: 1707512 | Q5: =IF(0=A5,Q4,A5) -> 1001 | R5: 650000 | W5: 1 | X5: 1
B6: =IF(A6=0,"",INT(A6/1000)) | C6: =IF($A6=0,"",IF(VLOOKUP($A6,成就条件映射!$A$4:$D$66,2)=0,"",VLOOKUP($A6,成就条件映射!$A$4:$D$66,2))) | D6: =IF($A6=0,"",IF(VLOOKUP($A6,成就条件映射!$A$4:$D$66,3)=0,"",VLOOKUP($A6,成就条件映射!$A$4:$D$66,3))) | E6: =IF($A6=0,"",IF(VLOOKUP($A6,成就条件映射!$A$4:$D$66,4)=0,"",VLOOKUP($A6,成就条件映射!$A$4:$D$66,4))) | I6: =A4*100+J6 -> 100103 | J6: =IF(MOD(ROW()+2,5)=0,MOD(ROW()+2,5)+5,MOD(ROW()+2,5)) -> 3 | K6: 7253 | L6: 7253 | M6: ="achievementAccumulative{achieveId:"&Q6&",count:"&R6&"}" -> achievementAccumulative{achieveId:1001,count:4000000} | N6: 条件与 | O6: 1707513 | Q6: =IF(0=A6,Q5,A6) -> 1001 | R6: 4000000 | W6: 1 | X6: 1
B7: =IF(A7=0,"",INT(A7/1000)) | C7: =IF($A7=0,"",IF(VLOOKUP($A7,成就条件映射!$A$4:$D$66,2)=0,"",VLOOKUP($A7,成就条件映射!$A$4:$D$66,2))) | D7: =IF($A7=0,"",IF(VLOOKUP($A7,成就条件映射!$A$4:$D$66,3)=0,"",VLOOKUP($A7,成就条件映射!$A$4:$D$66,3))) | E7: =IF($A7=0,"",IF(VLOOKUP($A7,成就条件映射!$A$4:$D$66,4)=0,"",VLOOKUP($A7,成就条件映射!$A$4:$D$66,4))) | I7: =A4*100+J7 -> 100104 | J7: =IF(MOD(ROW()+2,5)=0,MOD(ROW()+2,5)+5,MOD(ROW()+2,5)) -> 4 | K7: 7253 | L7: 7253 | M7: ="achievementAccumulative{achieveId:"&Q7&",count:"&R7&"}" -> achievementAccumulative{achieveId:1001,count:15000000} | N7: 条件与 | O7: 1707514 | Q7: =IF(0=A7,Q6,A7) -> 1001 | R7: 15000000 | W7: 1 | X7: 1
B8: =IF(A8=0,"",INT(A8/1000)) | C8: =IF($A8=0,"",IF(VLOOKUP($A8,成就条件映射!$A$4:$D$66,2)=0,"",VLOOKUP($A8,成就条件映射!$A$4:$D$66,2))) | D8: =IF($A8=0,"",IF(VLOOKUP($A8,成就条件映射!$A$4:$D$66,3)=0,"",VLOOKUP($A8,成就条件映射!$A$4:$D$66,3))) | E8: =IF($A8=0,"",IF(VLOOKUP($A8,成就条件映射!$A$4:$D$66,4)=0,"",VLOOKUP($A8,成就条件映射!$A$4:$D$66,4))) | I8: =A4*100+J8 -> 100105 | J8: =IF(MOD(ROW()+2,5)=0,MOD(ROW()+2,5)+5,MOD(ROW()+2,5)) -> 5 | K8: 7253 | L8: 7253 | M8: ="achievementAccumulative{achieveId:"&Q8&",count:"&R8&"}" -> achievementAccumulative{achieveId:1001,count:30000000} | N8: 条件与 | O8: 1707515 | Q8: =IF(0=A8,Q7,A8) -> 1001 | R8: 30000000 | W8: 1 | X8: 1
A9: =W9*1000+X9 -> 1002 | B9: =IF(A9=0,"",INT(A9/1000)) -> 1 | C9: TID_HeroAchievementConf_1002_name_CN_Main | D9: TID_HeroAchievementConf_1002_des_CN_Main | E9: TID_HeroAchievementConf_1001_des2_CN_Main | F9: 1 | G9: icon_n_challengemanual | H9: ="icon_copper_"&Y9 -> icon_copper_10 | I9: =A9*100+J9 -> 100201 | J9: =IF(MOD(ROW()+2,5)=0,MOD(ROW()+2,5)+5,MOD(ROW()+2,5)) -> 1 | K9: 7254 | L9: 7254 | M9: ="achievementAccumulative{achieveId:"&Q9&",count:"&R9&"}" -> achievementAccumulative{achieveId:1002,count:40000} | N9: 条件与 | O9: 1707511 | Q9: =IF(0=A9,Q8,A9) -> 1002 | R9: 40000 | W9: 1 | X9: 2 | Y9: 10 | Z9: =IF($A9=0,"",IF(VLOOKUP($A9,成就条件映射!$A$4:$D$66,2)=0,"",VLOOKUP($A9,成就条件映射!$A$4:$D$66,2))) -> 蛮族讨伐 | AA9: =IF($A9=0,"",IF(VLOOKUP($A9,成就条件映射!$A$4:$D$66,3)=0,"",VLOOKUP($A9,成就条件映射!$A$4:$D$66,3))) -> 在与<color=#ffc766>野外蛮族</color>战斗中，我方<color=#ffc766>剑士</color>部队使用<color=#ffc766>固有</color><color=#ffc766>主动技能</color>累计造成的<color=#ffc766>伤害量</color> | AB9: =IF($A9=0,"",IF(VLOOKUP($A9,成就条件映射!$A$4:$D$66,4)=0,"",VLOOKUP($A9,成就条件映射!$A$4:$D$66,4))) -> 当前累计伤害
B10: =IF(A10=0,"",INT(A10/1000)) | C10: =IF($A10=0,"",IF(VLOOKUP($A10,成就条件映射!$A$4:$D$66,2)=0,"",VLOOKUP($A10,成就条件映射!$A$4:$D$66,2))) | D10: =IF($A10=0,"",IF(VLOOKUP($A10,成就条件映射!$A$4:$D$66,3)=0,"",VLOOKUP($A10,成就条件映射!$A$4:$D$66,3))) | E10: =IF($A10=0,"",IF(VLOOKUP($A10,成就条件映射!$A$4:$D$66,4)=0,"",VLOOKUP($A10,成就条件映射!$A$4:$D$66,4))) | I10: =A9*100+J10 -> 100202 | J10: =IF(MOD(ROW()+2,5)=0,MOD(ROW()+2,5)+5,MOD(ROW()+2,5)) -> 2 | K10: 7254 | L10: 7254 | M10: ="achievementAccumulative{achieveId:"&Q10&",count:"&R10&"}" -> achievementAccumulative{achieveId:1002,count:680000} | N10: 条件与 | O10: 1707512 | Q10: =IF(0=A10,Q9,A10) -> 1002 | R10: 680000 | W10: 1 | X10: 2
B11: =IF(A11=0,"",INT(A11/1000)) | C11: =IF($A11=0,"",IF(VLOOKUP($A11,成就条件映射!$A$4:$D$66,2)=0,"",VLOOKUP($A11,成就条件映射!$A$4:$D$66,2))) | D11: =IF($A11=0,"",IF(VLOOKUP($A11,成就条件映射!$A$4:$D$66,3)=0,"",VLOOKUP($A11,成就条件映射!$A$4:$D$66,3))) | E11: =IF($A11=0,"",IF(VLOOKUP($A11,成就条件映射!$A$4:$D$66,4)=0,"",VLOOKUP($A11,成就条件映射!$A$4:$D$66,4))) | I11: =A9*100+J11 -> 100203 | J11: =IF(MOD(ROW()+2,5)=0,MOD(ROW()+2,5)+5,MOD(ROW()+2,5)) -> 3 | K11: 7254 | L11: 7254 | M11: ="achievementAccumulative{achieveId:"&Q11&",count:"&R11&"}" -> achievementAccumulative{achieveId:1002,count:1600000} | N11: 条件与 | O11: 1707513 | Q11: =IF(0=A11,Q10,A11) -> 1002 | R11: 1600000 | W11: 1 | X11: 2
B12: =IF(A12=0,"",INT(A12/1000)) | C12: =IF($A12=0,"",IF(VLOOKUP($A12,成就条件映射!$A$4:$D$66,2)=0,"",VLOOKUP($A12,成就条件映射!$A$4:$D$66,2))) | D12: =IF($A12=0,"",IF(VLOOKUP($A12,成就条件映射!$A$4:$D$66,3)=0,"",VLOOKUP($A12,成就条件映射!$A$4:$D$66,3))) | E12: =IF($A12=0,"",IF(VLOOKUP($A12,成就条件映射!$A$4:$D$66,4)=0,"",VLOOKUP($A12,成就条件映射!$A$4:$D$66,4))) | I12: =A9*100+J12 -> 100204 | J12: =IF(MOD(ROW()+2,5)=0,MOD(ROW()+2,5)+5,MOD(ROW()+2,5)) -> 4 | K12: 7254 | L12: 7254 | M12: ="achievementAccumulative{achieveId:"&Q12&",count:"&R12&"}" -> achievementAccumulative{achieveId:1002,count:6300000} | N12: 条件与 | O12: 1707514 | Q12: =IF(0=A12,Q11,A12) -> 1002 | R12: 6300000 | W12: 1 | X12: 2
B13: =IF(A13=0,"",INT(A13/1000)) | C13: =IF($A13=0,"",IF(VLOOKUP($A13,成就条件映射!$A$4:$D$66,2)=0,"",VLOOKUP($A13,成就条件映射!$A$4:$D$66,2))) | D13: =IF($A13=0,"",IF(VLOOKUP($A13,成就条件映射!$A$4:$D$66,3)=0,"",VLOOKUP($A13,成就条件映射!$A$4:$D$66,3))) | E13: =IF($A13=0,"",IF(VLOOKUP($A13,成就条件映射!$A$4:$D$66,4)=0,"",VLOOKUP($A13,成就条件映射!$A$4:$D$66,4))) | I13: =A9*100+J13 -> 100205 | J13: =IF(MOD(ROW()+2,5)=0,MOD(ROW()+2,5)+5,MOD(ROW()+2,5)) -> 5 | K13: 7254 | L13: 7254 | M13: ="achievementAccumulative{achieveId:"&Q13&",count:"&R13&"}" -> achievementAccumulative{achieveId:1002,count:20000000} | N13: 条件与 | O13: 1707515 | Q13: =IF(0=A13,Q12,A13) -> 1002 | R13: 20000000 | W13: 1 | X13: 2
A14: =W14*1000+X14 -> 1003 | B14: =IF(A14=0,"",INT(A14/1000)) -> 1 | C14: TID_HeroAchievementConf_1003_name_CN_Main | D14: TID_HeroAchievementConf_1003_des_CN_Main | E14: TID_HeroAchievementConf_1001_des2_CN_Main | F14: 1 | G14: icon_n_challengemanual | H14: ="icon_copper_"&Y14 -> icon_copper_04 | I14: =A14*100+J14 -> 100301 | J14: =IF(MOD(ROW()+2,5)=0,MOD(ROW()+2,5)+5,MOD(ROW()+2,5)) -> 1 | M14: ="achievementAccumulative{achieveId:"&Q14&",count:"&R14&"}" -> achievementAccumulative{achieveId:1003,count:80000} | N14: 条件与 | O14: 1707511 | Q14: =IF(0=A14,Q13,A14) -> 1003 | R14: 80000 | W14: 1 | X14: 3 | Y14: 04 | Z14: =IF($A14=0,"",IF(VLOOKUP($A14,成就条件映射!$A$4:$D$66,2)=0,"",VLOOKUP($A14,成就条件映射!$A$4:$D$66,2))) -> 野战先锋 | AA14: =IF($A14=0,"",IF(VLOOKUP($A14,成就条件映射!$A$4:$D$66,3)=0,"",VLOOKUP($A14,成就条件映射!$A$4:$D$66,3))) -> 野外与<color=#ffc766>玩家</color>部队战斗中，我方<color=#ffc766>剑士</color>部队使用<color=#ffc766>固有</color><color=#ffc766>主动技能</color>累计对敌方玩家造成的<color=#ffc766>伤害量</color> | AB14: =IF($A14=0,"",IF(VLOOKUP($A14,成就条件映射!$A$4:$D$66,4)=0,"",VLOOKUP($A14,成就条件映射!$A$4:$D$66,4))) -> 当前累计伤害
B15: =IF(A15=0,"",INT(A15/1000)) | C15: =IF($A15=0,"",IF(VLOOKUP($A15,成就条件映射!$A$4:$D$66,2)=0,"",VLOOKUP($A15,成就条件映射!$A$4:$D$66,2))) | D15: =IF($A15=0,"",IF(VLOOKUP($A15,成就条件映射!$A$4:$D$66,3)=0,"",VLOOKUP($A15,成就条件映射!$A$4:$D$66,3))) | E15: =IF($A15=0,"",IF(VLOOKUP($A15,成就条件映射!$A$4:$D$66,4)=0,"",VLOOKUP($A15,成就条件映射!$A$4:$D$66,4))) | I15: =A14*100+J15 -> 100302 | J15: =IF(MOD(ROW()+2,5)=0,MOD(ROW()+2,5)+5,MOD(ROW()+2,5)) -> 2 | M15: ="achievementAccumulative{achieveId:"&Q15&",count:"&R15&"}" -> achievementAccumulative{achieveId:1003,count:300000} | N15: 条件与 | O15: 1707512 | Q15: =IF(0=A15,Q14,A15) -> 1003 | R15: 300000 | W15: 1 | X15: 3
B16: =IF(A16=0,"",INT(A16/1000)) | C16: =IF($A16=0,"",IF(VLOOKUP($A16,成就条件映射!$A$4:$D$66,2)=0,"",VLOOKUP($A16,成就条件映射!$A$4:$D$66,2))) | D16: =IF($A16=0,"",IF(VLOOKUP($A16,成就条件映射!$A$4:$D$66,3)=0,"",VLOOKUP($A16,成就条件映射!$A$4:$D$66,3))) | E16: =IF($A16=0,"",IF(VLOOKUP($A16,成就条件映射!$A$4:$D$66,4)=0,"",VLOOKUP($A16,成就条件映射!$A$4:$D$66,4))) | I16: =A14*100+J16 -> 100303 | J16: =IF(MOD(ROW()+2,5)=0,MOD(ROW()+2,5)+5,MOD(ROW()+2,5)) -> 3 | M16: ="achievementAccumulative{achieveId:"&Q16&",count:"&R16&"}" -> achievementAccumulative{achieveId:1003,count:1200000} | N16: 条件与 | O16: 1707513 | Q16: =IF(0=A16,Q15,A16) -> 1003 | R16: 1200000 | W16: 1 | X16: 3
B17: =IF(A17=0,"",INT(A17/1000)) | C17: =IF($A17=0,"",IF(VLOOKUP($A17,成就条件映射!$A$4:$D$66,2)=0,"",VLOOKUP($A17,成就条件映射!$A$4:$D$66,2))) | D17: =IF($A17=0,"",IF(VLOOKUP($A17,成就条件映射!$A$4:$D$66,3)=0,"",VLOOKUP($A17,成就条件映射!$A$4:$D$66,3))) | E17: =IF($A17=0,"",IF(VLOOKUP($A17,成就条件映射!$A$4:$D$66,4)=0,"",VLOOKUP($A17,成就条件映射!$A$4:$D$66,4))) | I17: =A14*100+J17 -> 100304 | J17: =IF(MOD(ROW()+2,5)=0,MOD(ROW()+2,5)+5,MOD(ROW()+2,5)) -> 4 | M17: ="achievementAccumulative{achieveId:"&Q17&",count:"&R17&"}" -> achievementAccumulative{achieveId:1003,count:4000000} | N17: 条件与 | O17: 1707514 | Q17: =IF(0=A17,Q16,A17) -> 1003 | R17: 4000000 | W17: 1 | X17: 3
B18: =IF(A18=0,"",INT(A18/1000)) | C18: =IF($A18=0,"",IF(VLOOKUP($A18,成就条件映射!$A$4:$D$66,2)=0,"",VLOOKUP($A18,成就条件映射!$A$4:$D$66,2))) | D18: =IF($A18=0,"",IF(VLOOKUP($A18,成就条件映射!$A$4:$D$66,3)=0,"",VLOOKUP($A18,成就条件映射!$A$4:$D$66,3))) | E18: =IF($A18=0,"",IF(VLOOKUP($A18,成就条件映射!$A$4:$D$66,4)=0,"",VLOOKUP($A18,成就条件映射!$A$4:$D$66,4))) | I18: =A14*100+J18 -> 100305 | J18: =IF(MOD(ROW()+2,5)=0,MOD(ROW()+2,5)+5,MOD(ROW()+2,5)) -> 5 | M18: ="achievementAccumulative{achieveId:"&Q18&",count:"&R18&"}" -> achievementAccumulative{achieveId:1003,count:10000000} | N18: 条件与 | O18: 1707515 | Q18: =IF(0=A18,Q17,A18) -> 1003 | R18: 10000000 | W18: 1 | X18: 3
A19: =W19*1000+X19 -> 1011 | B19: =IF(A19=0,"",INT(A19/1000)) -> 1 | C19: TID_HeroAchievementConf_1011_name_CN_Main | D19: TID_HeroAchievementConf_1011_des_CN_Main | E19: TID_HeroAchievementConf_1001_des2_CN_Main | F19: 2 | G19: icon_n_challengemanual | H19: ="icon_silver_"&Y19 -> icon_silver_17 | I19: =A19*100+J19 -> 101101 | J19: =IF(MOD(ROW()+2,5)=0,MOD(ROW()+2,5)+5,MOD(ROW()+2,5)) -> 1 | M19: ="achievementAccumulative{achieveId:"&Q19&",count:"&R19&"}" -> achievementAccumulative{achieveId:1011,count:10000} | N19: 条件与 | O19: 1707521 | Q19: =IF(0=A19,Q18,A19) -> 1011 | R19: 10000 | W19: 1 | X19: 11 | Y19: 17 | Z19: =IF($A19=0,"",IF(VLOOKUP($A19,成就条件映射!$A$4:$D$66,2)=0,"",VLOOKUP($A19,成就条件映射!$A$4:$D$66,2))) -> 临而不发 | AA19: =IF($A19=0,"",IF(VLOOKUP($A19,成就条件映射!$A$4:$D$66,3)=0,"",VLOOKUP($A19,成就条件映射!$A$4:$D$66,3))) -> <color=#ffc766>60秒</color>内，我方部队使用<color=#ffc766>准备技能</color>累计造成的<color=#ffc766>最大伤害量</color> | AB19: =IF($A19=0,"",IF(VLOOKUP($A19,成就条件映射!$A$4:$D$66,4)=0,"",VLOOKUP($A19,成就条件映射!$A$4:$D$66,4))) -> 当前累计伤害
B20: =IF(A20=0,"",INT(A20/1000)) | C20: =IF($A20=0,"",IF(VLOOKUP($A20,成就条件映射!$A$4:$D$66,2)=0,"",VLOOKUP($A20,成就条件映射!$A$4:$D$66,2))) | D20: =IF($A20=0,"",IF(VLOOKUP($A20,成就条件映射!$A$4:$D$66,3)=0,"",VLOOKUP($A20,成就条件映射!$A$4:$D$66,3))) | E20: =IF($A20=0,"",IF(VLOOKUP($A20,成就条件映射!$A$4:$D$66,4)=0,"",VLOOKUP($A20,成就条件映射!$A$4:$D$66,4))) | I20: =A19*100+J20 -> 101102 | J20: =IF(MOD(ROW()+2,5)=0,MOD(ROW()+2,5)+5,MOD(ROW()+2,5)) -> 2 | M20: ="achievementAccumulative{achieveId:"&Q20&",count:"&R20&"}" -> achievementAccumulative{achieveId:1011,count:20000} | N20: 条件与 | O20: 1707522 | Q20: =IF(0=A20,Q19,A20) -> 1011 | R20: 20000 | W20: 1 | X20: 11
B21: =IF(A21=0,"",INT(A21/1000)) | C21: =IF($A21=0,"",IF(VLOOKUP($A21,成就条件映射!$A$4:$D$66,2)=0,"",VLOOKUP($A21,成就条件映射!$A$4:$D$66,2))) | D21: =IF($A21=0,"",IF(VLOOKUP($A21,成就条件映射!$A$4:$D$66,3)=0,"",VLOOKUP($A21,成就条件映射!$A$4:$D$66,3))) | E21: =IF($A21=0,"",IF(VLOOKUP($A21,成就条件映射!$A$4:$D$66,4)=0,"",VLOOKUP($A21,成就条件映射!$A$4:$D$66,4))) | I21: =A19*100+J21 -> 101103 | J21: =IF(MOD(ROW()+2,5)=0,MOD(ROW()+2,5)+5,MOD(ROW()+2,5)) -> 3 | M21: ="achievementAccumulative{achieveId:"&Q21&",count:"&R21&"}" -> achievementAccumulative{achieveId:1011,count:40000} | N21: 条件与 | O21: 1707523 | Q21: =IF(0=A21,Q20,A21) -> 1011 | R21: 40000 | W21: 1 | X21: 11
B22: =IF(A22=0,"",INT(A22/1000)) | C22: =IF($A22=0,"",IF(VLOOKUP($A22,成就条件映射!$A$4:$D$66,2)=0,"",VLOOKUP($A22,成就条件映射!$A$4:$D$66,2))) | D22: =IF($A22=0,"",IF(VLOOKUP($A22,成就条件映射!$A$4:$D$66,3)=0,"",VLOOKUP($A22,成就条件映射!$A$4:$D$66,3))) | E22: =IF($A22=0,"",IF(VLOOKUP($A22,成就条件映射!$A$4:$D$66,4)=0,"",VLOOKUP($A22,成就条件映射!$A$4:$D$66,4))) | I22: =A19*100+J22 -> 101104 | J22: =IF(MOD(ROW()+2,5)=0,MOD(ROW()+2,5)+5,MOD(ROW()+2,5)) -> 4 | M22: ="achievementAccumulative{achieveId:"&Q22&",count:"&R22&"}" -> achievementAccumulative{achieveId:1011,count:70000} | N22: 条件与 | O22: 1707524 | Q22: =IF(0=A22,Q21,A22) -> 1011 | R22: 70000 | W22: 1 | X22: 11
B23: =IF(A23=0,"",INT(A23/1000)) | C23: =IF($A23=0,"",IF(VLOOKUP($A23,成就条件映射!$A$4:$D$66,2)=0,"",VLOOKUP($A23,成就条件映射!$A$4:$D$66,2))) | D23: =IF($A23=0,"",IF(VLOOKUP($A23,成就条件映射!$A$4:$D$66,3)=0,"",VLOOKUP($A23,成就条件映射!$A$4:$D$66,3))) | E23: =IF($A23=0,"",IF(VLOOKUP($A23,成就条件映射!$A$4:$D$66,4)=0,"",VLOOKUP($A23,成就条件映射!$A$4:$D$66,4))) | I23: =A19*100+J23 -> 101105 | J23: =IF(MOD(ROW()+2,5)=0,MOD(ROW()+2,5)+5,MOD(ROW()+2,5)) -> 5 | M23: ="achievementAccumulative{achieveId:"&Q23&",count:"&R23&"}" -> achievementAccumulative{achieveId:1011,count:80000} | N23: 条件与 | O23: 1707525 | Q23: =IF(0=A23,Q22,A23) -> 1011 | R23: 80000 | W23: 1 | X23: 11
A24: =W24*1000+X24 -> 1012 | B24: =IF(A24=0,"",INT(A24/1000)) -> 1 | C24: TID_HeroAchievementConf_1012_name_CN_Main | D24: TID_HeroAchievementConf_1012_des_CN_Main | E24: TID_HeroAchievementConf_1012_des2_CN_Main | F24: 2 | G24: icon_n_challengemanual | H24: ="icon_silver_"&Y24 -> icon_silver_08 | I24: =A24*100+J24 -> 101201 | J24: =IF(MOD(ROW()+2,5)=0,MOD(ROW()+2,5)+5,MOD(ROW()+2,5)) -> 1 | M24: ="achievementAccumulative{achieveId:"&Q24&",count:"&R24&"}" -> achievementAccumulative{achieveId:1012,count:1500} | N24: 条件与 | O24: 1707521 | Q24: =IF(0=A24,Q23,A24) -> 1012 | R24: 1500 | W24: 1 | X24: 12 | Y24: 08 | Z24: =IF($A24=0,"",IF(VLOOKUP($A24,成就条件映射!$A$4:$D$66,2)=0,"",VLOOKUP($A24,成就条件映射!$A$4:$D$66,2))) -> 一剑西来 | AA24: =IF($A24=0,"",IF(VLOOKUP($A24,成就条件映射!$A$4:$D$66,3)=0,"",VLOOKUP($A24,成就条件映射!$A$4:$D$66,3))) -> 我方<color=#ffc766>剑士</color>部队使用<color=#ffc766>固有</color><color=#ffc766>主动技能</color>造成的<color=#ffc766>单次最大伤害量</color> | AB24: =IF($A24=0,"",IF(VLOOKUP($A24,成就条件映射!$A$4:$D$66,4)=0,"",VLOOKUP($A24,成就条件映射!$A$4:$D$66,4))) -> 当前造成伤害
B25: =IF(A25=0,"",INT(A25/1000)) | C25: =IF($A25=0,"",IF(VLOOKUP($A25,成就条件映射!$A$4:$D$66,2)=0,"",VLOOKUP($A25,成就条件映射!$A$4:$D$66,2))) | D25: =IF($A25=0,"",IF(VLOOKUP($A25,成就条件映射!$A$4:$D$66,3)=0,"",VLOOKUP($A25,成就条件映射!$A$4:$D$66,3))) | E25: =IF($A25=0,"",IF(VLOOKUP($A25,成就条件映射!$A$4:$D$66,4)=0,"",VLOOKUP($A25,成就条件映射!$A$4:$D$66,4))) | I25: =A24*100+J25 -> 101202 | J25: =IF(MOD(ROW()+2,5)=0,MOD(ROW()+2,5)+5,MOD(ROW()+2,5)) -> 2 | M25: ="achievementAccumulative{achieveId:"&Q25&",count:"&R25&"}" -> achievementAccumulative{achieveId:1012,count:2800} | N25: 条件与 | O25: 1707522 | Q25: =IF(0=A25,Q24,A25) -> 1012 | R25: 2800 | W25: 1 | X25: 12
B26: =IF(A26=0,"",INT(A26/1000)) | C26: =IF($A26=0,"",IF(VLOOKUP($A26,成就条件映射!$A$4:$D$66,2)=0,"",VLOOKUP($A26,成就条件映射!$A$4:$D$66,2))) | D26: =IF($A26=0,"",IF(VLOOKUP($A26,成就条件映射!$A$4:$D$66,3)=0,"",VLOOKUP($A26,成就条件映射!$A$4:$D$66,3))) | E26: =IF($A26=0,"",IF(VLOOKUP($A26,成就条件映射!$A$4:$D$66,4)=0,"",VLOOKUP($A26,成就条件映射!$A$4:$D$66,4))) | I26: =A24*100+J26 -> 101203 | J26: =IF(MOD(ROW()+2,5)=0,MOD(ROW()+2,5)+5,MOD(ROW()+2,5)) -> 3 | M26: ="achievementAccumulative{achieveId:"&Q26&",count:"&R26&"}" -> achievementAccumulative{achieveId:1012,count:3500} | N26: 条件与 | O26: 1707523 | Q26: =IF(0=A26,Q25,A26) -> 1012 | R26: 3500 | W26: 1 | X26: 12
B27: =IF(A27=0,"",INT(A27/1000)) | C27: =IF($A27=0,"",IF(VLOOKUP($A27,成就条件映射!$A$4:$D$66,2)=0,"",VLOOKUP($A27,成就条件映射!$A$4:$D$66,2))) | D27: =IF($A27=0,"",IF(VLOOKUP($A27,成就条件映射!$A$4:$D$66,3)=0,"",VLOOKUP($A27,成就条件映射!$A$4:$D$66,3))) | E27: =IF($A27=0,"",IF(VLOOKUP($A27,成就条件映射!$A$4:$D$66,4)=0,"",VLOOKUP($A27,成就条件映射!$A$4:$D$66,4))) | I27: =A24*100+J27 -> 101204 | J27: =IF(MOD(ROW()+2,5)=0,MOD(ROW()+2,5)+5,MOD(ROW()+2,5)) -> 4 | M27: ="achievementAccumulative{achieveId:"&Q27&",count:"&R27&"}" -> achievementAccumulative{achieveId:1012,count:4200} | N27: 条件与 | O27: 1707524 | Q27: =IF(0=A27,Q26,A27) -> 1012 | R27: 4200 | W27: 1 | X27: 12
B28: =IF(A28=0,"",INT(A28/1000)) | C28: =IF($A28=0,"",IF(VLOOKUP($A28,成就条件映射!$A$4:$D$66,2)=0,"",VLOOKUP($A28,成就条件映射!$A$4:$D$66,2))) | D28: =IF($A28=0,"",IF(VLOOKUP($A28,成就条件映射!$A$4:$D$66,3)=0,"",VLOOKUP($A28,成就条件映射!$A$4:$D$66,3))) | E28: =IF($A28=0,"",IF(VLOOKUP($A28,成就条件映射!$A$4:$D$66,4)=0,"",VLOOKUP($A28,成就条件映射!$A$4:$D$66,4))) | I28: =A24*100+J28 -> 101205 | J28: =IF(MOD(ROW()+2,5)=0,MOD(ROW()+2,5)+5,MOD(ROW()+2,5)) -> 5 | M28: ="achievementAccumulative{achieveId:"&Q28&",count:"&R28&"}" -> achievementAccumulative{achieveId:1012,count:5300} | N28: 条件与 | O28: 1707525 | Q28: =IF(0=A28,Q27,A28) -> 1012 | R28: 5300 | W28: 1 | X28: 12
A29: =W29*1000+X29 -> 1013 | C29: TID_HeroAchievementConf_1013_name_CN_Main | D29: TID_HeroAchievementConf_1013_des_CN_Main | E29: TID_HeroAchievementConf_1001_des2_CN_Main | F29: 2 | G29: icon_n_challengemanual | H29: ="icon_silver_"&Y29 -> icon_silver_09 | I29: =A29*100+J29 -> 101301 | J29: =IF(MOD(ROW()+2,5)=0,MOD(ROW()+2,5)+5,MOD(ROW()+2,5)) -> 1 | M29: ="achievementAccumulative{achieveId:"&Q29&",count:"&R29&"}" -> achievementAccumulative{achieveId:1013,count:1} | N29: 条件与 | O29: 1707521 | Q29: =IF(0=A29,Q28,A29) -> 1013 | R29: 1 | W29: 1 | X29: 13 | Y29: 09 | Z29: =IF($A29=0,"",IF(VLOOKUP($A29,成就条件映射!$A$4:$D$66,2)=0,"",VLOOKUP($A29,成就条件映射!$A$4:$D$66,2))) -> 北斗七星阵 | AA29: =IF($A29=0,"",IF(VLOOKUP($A29,成就条件映射!$A$4:$D$66,3)=0,"",VLOOKUP($A29,成就条件映射!$A$4:$D$66,3))) -> <color=#ffc766>集结战斗</color>中，我方<color=#ffc766>剑士</color>部队使用<color=#ffc766>固有</color><color=#ffc766>主动技能</color>累计造成的<color=#ffc766>伤害量</color> | AB29: =IF($A29=0,"",IF(VLOOKUP($A29,成就条件映射!$A$4:$D$66,4)=0,"",VLOOKUP($A29,成就条件映射!$A$4:$D$66,4))) -> 当前累计伤害
B30: =IF(A30=0,"",INT(A30/1000)) | C30: =IF($A30=0,"",IF(VLOOKUP($A30,成就条件映射!$A$4:$D$66,2)=0,"",VLOOKUP($A30,成就条件映射!$A$4:$D$66,2))) | D30: =IF($A30=0,"",IF(VLOOKUP($A30,成就条件映射!$A$4:$D$66,3)=0,"",VLOOKUP($A30,成就条件映射!$A$4:$D$66,3))) | E30: =IF($A30=0,"",IF(VLOOKUP($A30,成就条件映射!$A$4:$D$66,4)=0,"",VLOOKUP($A30,成就条件映射!$A$4:$D$66,4))) | I30: =A29*100+J30 -> 101302 | J30: =IF(MOD(ROW()+2,5)=0,MOD(ROW()+2,5)+5,MOD(ROW()+2,5)) -> 2 | M30: ="achievementAccumulative{achieveId:"&Q30&",count:"&R30&"}" -> achievementAccumulative{achieveId:1013,count:2} | N30: 条件与 | O30: 1707522 | Q30: =IF(0=A30,Q29,A30) -> 1013 | R30: 2 | W30: 1 | X30: 13
B31: =IF(A31=0,"",INT(A31/1000)) | C31: =IF($A31=0,"",IF(VLOOKUP($A31,成就条件映射!$A$4:$D$66,2)=0,"",VLOOKUP($A31,成就条件映射!$A$4:$D$66,2))) | D31: =IF($A31=0,"",IF(VLOOKUP($A31,成就条件映射!$A$4:$D$66,3)=0,"",VLOOKUP($A31,成就条件映射!$A$4:$D$66,3))) | E31: =IF($A31=0,"",IF(VLOOKUP($A31,成就条件映射!$A$4:$D$66,4)=0,"",VLOOKUP($A31,成就条件映射!$A$4:$D$66,4))) | I31: =A29*100+J31 -> 101303 | J31: =IF(MOD(ROW()+2,5)=0,MOD(ROW()+2,5)+5,MOD(ROW()+2,5)) -> 3 | M31: ="achievementAccumulative{achieveId:"&Q31&",count:"&R31&"}" -> achievementAccumulative{achieveId:1013,count:3} | N31: 条件与 | O31: 1707523 | Q31: =IF(0=A31,Q30,A31) -> 1013 | R31: 3 | W31: 1 | X31: 13
B32: =IF(A32=0,"",INT(A32/1000)) | C32: =IF($A32=0,"",IF(VLOOKUP($A32,成就条件映射!$A$4:$D$66,2)=0,"",VLOOKUP($A32,成就条件映射!$A$4:$D$66,2))) | D32: =IF($A32=0,"",IF(VLOOKUP($A32,成就条件映射!$A$4:$D$66,3)=0,"",VLOOKUP($A32,成就条件映射!$A$4:$D$66,3))) | E32: =IF($A32=0,"",IF(VLOOKUP($A32,成就条件映射!$A$4:$D$66,4)=0,"",VLOOKUP($A32,成就条件映射!$A$4:$D$66,4))) | I32: =A29*100+J32 -> 101304 | J32: =IF(MOD(ROW()+2,5)=0,MOD(ROW()+2,5)+5,MOD(ROW()+2,5)) -> 4 | M32: ="achievementAccumulative{achieveId:"&Q32&",count:"&R32&"}" -> achievementAccumulative{achieveId:1013,count:4} | N32: 条件与 | O32: 1707524 | Q32: =IF(0=A32,Q31,A32) -> 1013 | R32: 4 | W32: 1 | X32: 13
B33: =IF(A33=0,"",INT(A33/1000)) | C33: =IF($A33=0,"",IF(VLOOKUP($A33,成就条件映射!$A$4:$D$66,2)=0,"",VLOOKUP($A33,成就条件映射!$A$4:$D$66,2))) | D33: =IF($A33=0,"",IF(VLOOKUP($A33,成就条件映射!$A$4:$D$66,3)=0,"",VLOOKUP($A33,成就条件映射!$A$4:$D$66,3))) | E33: =IF($A33=0,"",IF(VLOOKUP($A33,成就条件映射!$A$4:$D$66,4)=0,"",VLOOKUP($A33,成就条件映射!$A$4:$D$66,4))) | I33: =A29*100+J33 -> 101305 | J33: =IF(MOD(ROW()+2,5)=0,MOD(ROW()+2,5)+5,MOD(ROW()+2,5)) -> 5 | M33: ="achievementAccumulative{achieveId:"&Q33&",count:"&R33&"}" -> achievementAccumulative{achieveId:1013,count:5} | N33: 条件与 | O33: 1707525 | Q33: =IF(0=A33,Q32,A33) -> 1013 | R33: 5 | W33: 1 | X33: 13
A34: =W34*1000+X34 -> 1021 | B34: =IF(A34=0,"",INT(A34/1000)) -> 1 | C34: TID_HeroAchievementConf_1021_name_CN_Main | D34: TID_HeroAchievementConf_1021_des_CN_Main | E34: TID_HeroAchievementConf_1021_des2_CN_Main | F34: 3 | G34: icon_n_challengemanual | H34: ="icon_kim_"&Y34 -> icon_kim_20 | I34: =A34*100+J34 -> 102101 | J34: =IF(MOD(ROW()+2,5)=0,MOD(ROW()+2,5)+5,MOD(ROW()+2,5)) -> 1 | M34: ="achievementAccumulative{achieveId:"&Q34&",count:"&R34&"}" -> achievementAccumulative{achieveId:1021,count:50} | N34: 条件与 | O34: 1707531 | Q34: =IF(0=A34,Q33,A34) -> 1021 | R34: 50 | W34: 1 | X34: 21 | Y34: 20 | Z34: =IF($A34=0,"",IF(VLOOKUP($A34,成就条件映射!$A$4:$D$66,2)=0,"",VLOOKUP($A34,成就条件映射!$A$4:$D$66,2))) -> 兵家至圣 | AA34: =IF($A34=0,"",IF(VLOOKUP($A34,成就条件映射!$A$4:$D$66,3)=0,"",VLOOKUP($A34,成就条件映射!$A$4:$D$66,3))) -> 我方部队进入<color=#ffc766>兵圣状态</color>的次数 | AB34: =IF($A34=0,"",IF(VLOOKUP($A34,成就条件映射!$A$4:$D$66,4)=0,"",VLOOKUP($A34,成就条件映射!$A$4:$D$66,4))) -> 当前累计次数
B35: =IF(A35=0,"",INT(A35/1000)) | C35: =IF($A35=0,"",IF(VLOOKUP($A35,成就条件映射!$A$4:$D$66,2)=0,"",VLOOKUP($A35,成就条件映射!$A$4:$D$66,2))) | D35: =IF($A35=0,"",IF(VLOOKUP($A35,成就条件映射!$A$4:$D$66,3)=0,"",VLOOKUP($A35,成就条件映射!$A$4:$D$66,3))) | E35: =IF($A35=0,"",IF(VLOOKUP($A35,成就条件映射!$A$4:$D$66,4)=0,"",VLOOKUP($A35,成就条件映射!$A$4:$D$66,4))) | I35: =A34*100+J35 -> 102102 | J35: =IF(MOD(ROW()+2,5)=0,MOD(ROW()+2,5)+5,MOD(ROW()+2,5)) -> 2 | M35: ="achievementAccumulative{achieveId:"&Q35&",count:"&R35&"}" -> achievementAccumulative{achieveId:1021,count:300} | N35: 条件与 | O35: 1707532 | Q35: =IF(0=A35,Q34,A35) -> 1021 | R35: 300 | W35: 1 | X35: 21
B36: =IF(A36=0,"",INT(A36/1000)) | C36: =IF($A36=0,"",IF(VLOOKUP($A36,成就条件映射!$A$4:$D$66,2)=0,"",VLOOKUP($A36,成就条件映射!$A$4:$D$66,2))) | D36: =IF($A36=0,"",IF(VLOOKUP($A36,成就条件映射!$A$4:$D$66,3)=0,"",VLOOKUP($A36,成就条件映射!$A$4:$D$66,3))) | E36: =IF($A36=0,"",IF(VLOOKUP($A36,成就条件映射!$A$4:$D$66,4)=0,"",VLOOKUP($A36,成就条件映射!$A$4:$D$66,4))) | I36: =A34*100+J36 -> 102103 | J36: =IF(MOD(ROW()+2,5)=0,MOD(ROW()+2,5)+5,MOD(ROW()+2,5)) -> 3 | M36: ="achievementAccumulative{achieveId:"&Q36&",count:"&R36&"}" -> achievementAccumulative{achieveId:1021,count:1000} | N36: 条件与 | O36: 1707533 | Q36: =IF(0=A36,Q35,A36) -> 1021 | R36: 1000 | W36: 1 | X36: 21
B37: =IF(A37=0,"",INT(A37/1000)) | C37: =IF($A37=0,"",IF(VLOOKUP($A37,成就条件映射!$A$4:$D$66,2)=0,"",VLOOKUP($A37,成就条件映射!$A$4:$D$66,2))) | D37: =IF($A37=0,"",IF(VLOOKUP($A37,成就条件映射!$A$4:$D$66,3)=0,"",VLOOKUP($A37,成就条件映射!$A$4:$D$66,3))) | E37: =IF($A37=0,"",IF(VLOOKUP($A37,成就条件映射!$A$4:$D$66,4)=0,"",VLOOKUP($A37,成就条件映射!$A$4:$D$66,4))) | I37: =A34*100+J37 -> 102104 | J37: =IF(MOD(ROW()+2,5)=0,MOD(ROW()+2,5)+5,MOD(ROW()+2,5)) -> 4 | M37: ="achievementAccumulative{achieveId:"&Q37&",count:"&R37&"}" -> achievementAccumulative{achieveId:1021,count:3000} | N37: 条件与 | O37: 1707534 | Q37: =IF(0=A37,Q36,A37) -> 1021 | R37: 3000 | W37: 1 | X37: 21
B38: =IF(A38=0,"",INT(A38/1000)) | C38: =IF($A38=0,"",IF(VLOOKUP($A38,成就条件映射!$A$4:$D$66,2)=0,"",VLOOKUP($A38,成就条件映射!$A$4:$D$66,2))) | D38: =IF($A38=0,"",IF(VLOOKUP($A38,成就条件映射!$A$4:$D$66,3)=0,"",VLOOKUP($A38,成就条件映射!$A$4:$D$66,3))) | E38: =IF($A38=0,"",IF(VLOOKUP($A38,成就条件映射!$A$4:$D$66,4)=0,"",VLOOKUP($A38,成就条件映射!$A$4:$D$66,4))) | I38: =A34*100+J38 -> 102105 | J38: =IF(MOD(ROW()+2,5)=0,MOD(ROW()+2,5)+5,MOD(ROW()+2,5)) -> 5 | M38: ="achievementAccumulative{achieveId:"&Q38&",count:"&R38&"}" -> achievementAccumulative{achieveId:1021,count:6000} | N38: 条件与 | O38: 1707535 | Q38: =IF(0=A38,Q37,A38) -> 1021 | R38: 6000 | W38: 1 | X38: 21
A39: =W39*1000+X39 -> 1022 | B39: =IF(A39=0,"",INT(A39/1000)) -> 1 | C39: TID_HeroAchievementConf_1022_name_CN_Main | D39: TID_HeroAchievementConf_1022_des_CN_Main | E39: TID_HeroAchievementConf_1021_des2_CN_Main | F39: 3 | G39: icon_n_challengemanual | H39: ="icon_kim_"&Y39 -> icon_kim_05 | I39: =A39*100+J39 -> 102201 | J39: =IF(MOD(ROW()+2,5)=0,MOD(ROW()+2,5)+5,MOD(ROW()+2,5)) -> 1 | M39: ="achievementAccumulative{achieveId:"&Q39&",count:"&R39&"}" -> achievementAccumulative{achieveId:1022,count:40} | N39: 条件与 | O39: 1707531 | Q39: =IF(0=A39,Q38,A39) -> 1022 | R39: 40 | W39: 1 | X39: 22 | Y39: 05 | Z39: =IF($A39=0,"",IF(VLOOKUP($A39,成就条件映射!$A$4:$D$66,2)=0,"",VLOOKUP($A39,成就条件映射!$A$4:$D$66,2))) -> 决胜须臾 | AA39: =IF($A39=0,"",IF(VLOOKUP($A39,成就条件映射!$A$4:$D$66,3)=0,"",VLOOKUP($A39,成就条件映射!$A$4:$D$66,3))) -> 我方<color=#ffc766>剑士</color>部队<color=#ffc766>准备技能</color>进入准备状态后，<color=#ffc766>直接发动效果</color>的总次数 | AB39: =IF($A39=0,"",IF(VLOOKUP($A39,成就条件映射!$A$4:$D$66,4)=0,"",VLOOKUP($A39,成就条件映射!$A$4:$D$66,4))) -> 当前累计次数
B40: =IF(A40=0,"",INT(A40/1000)) | C40: =IF($A40=0,"",IF(VLOOKUP($A40,成就条件映射!$A$4:$D$66,2)=0,"",VLOOKUP($A40,成就条件映射!$A$4:$D$66,2))) | D40: =IF($A40=0,"",IF(VLOOKUP($A40,成就条件映射!$A$4:$D$66,3)=0,"",VLOOKUP($A40,成就条件映射!$A$4:$D$66,3))) | E40: =IF($A40=0,"",IF(VLOOKUP($A40,成就条件映射!$A$4:$D$66,4)=0,"",VLOOKUP($A40,成就条件映射!$A$4:$D$66,4))) | I40: =A39*100+J40 -> 102202 | J40: =IF(MOD(ROW()+2,5)=0,MOD(ROW()+2,5)+5,MOD(ROW()+2,5)) -> 2 | M40: ="achievementAccumulative{achieveId:"&Q40&",count:"&R40&"}" -> achievementAccumulative{achieveId:1022,count:240} | N40: 条件与 | O40: 1707532 | Q40: =IF(0=A40,Q39,A40) -> 1022 | R40: 240 | W40: 1 | X40: 22
B41: =IF(A41=0,"",INT(A41/1000)) | C41: =IF($A41=0,"",IF(VLOOKUP($A41,成就条件映射!$A$4:$D$66,2)=0,"",VLOOKUP($A41,成就条件映射!$A$4:$D$66,2))) | D41: =IF($A41=0,"",IF(VLOOKUP($A41,成就条件映射!$A$4:$D$66,3)=0,"",VLOOKUP($A41,成就条件映射!$A$4:$D$66,3))) | E41: =IF($A41=0,"",IF(VLOOKUP($A41,成就条件映射!$A$4:$D$66,4)=0,"",VLOOKUP($A41,成就条件映射!$A$4:$D$66,4))) | I41: =A39*100+J41 -> 102203 | J41: =IF(MOD(ROW()+2,5)=0,MOD(ROW()+2,5)+5,MOD(ROW()+2,5)) -> 3 | M41: ="achievementAccumulative{achieveId:"&Q41&",count:"&R41&"}" -> achievementAccumulative{achieveId:1022,count:1000} | N41: 条件与 | O41: 1707533 | Q41: =IF(0=A41,Q40,A41) -> 1022 | R41: 1000 | W41: 1 | X41: 22
B42: =IF(A42=0,"",INT(A42/1000)) | C42: =IF($A42=0,"",IF(VLOOKUP($A42,成就条件映射!$A$4:$D$66,2)=0,"",VLOOKUP($A42,成就条件映射!$A$4:$D$66,2))) | D42: =IF($A42=0,"",IF(VLOOKUP($A42,成就条件映射!$A$4:$D$66,3)=0,"",VLOOKUP($A42,成就条件映射!$A$4:$D$66,3))) | E42: =IF($A42=0,"",IF(VLOOKUP($A42,成就条件映射!$A$4:$D$66,4)=0,"",VLOOKUP($A42,成就条件映射!$A$4:$D$66,4))) | I42: =A39*100+J42 -> 102204 | J42: =IF(MOD(ROW()+2,5)=0,MOD(ROW()+2,5)+5,MOD(ROW()+2,5)) -> 4 | M42: ="achievementAccumulative{achieveId:"&Q42&",count:"&R42&"}" -> achievementAccumulative{achieveId:1022,count:3000} | N42: 条件与 | O42: 1707534 | Q42: =IF(0=A42,Q41,A42) -> 1022 | R42: 3000 | W42: 1 | X42: 22
B43: =IF(A43=0,"",INT(A43/1000)) | C43: =IF($A43=0,"",IF(VLOOKUP($A43,成就条件映射!$A$4:$D$66,2)=0,"",VLOOKUP($A43,成就条件映射!$A$4:$D$66,2))) | D43: =IF($A43=0,"",IF(VLOOKUP($A43,成就条件映射!$A$4:$D$66,3)=0,"",VLOOKUP($A43,成就条件映射!$A$4:$D$66,3))) | E43: =IF($A43=0,"",IF(VLOOKUP($A43,成就条件映射!$A$4:$D$66,4)=0,"",VLOOKUP($A43,成就条件映射!$A$4:$D$66,4))) | I43: =A39*100+J43 -> 102205 | J43: =IF(MOD(ROW()+2,5)=0,MOD(ROW()+2,5)+5,MOD(ROW()+2,5)) -> 5 | M43: ="achievementAccumulative{achieveId:"&Q43&",count:"&R43&"}" -> achievementAccumulative{achieveId:1022,count:5000} | N43: 条件与 | O43: 1707535 | Q43: =IF(0=A43,Q42,A43) -> 1022 | R43: 5000 | W43: 1 | X43: 22
A44: =W44*1000+X44 -> 1023 | C44: =IF($A44=0,"",IF(VLOOKUP($A44,成就条件映射!$A$4:$D$66,2)=0,"",VLOOKUP($A44,成就条件映射!$A$4:$D$66,2))) | D44: =IF($A44=0,"",IF(VLOOKUP($A44,成就条件映射!$A$4:$D$66,3)=0,"",VLOOKUP($A44,成就条件映射!$A$4:$D$66,3))) | E44: =IF($A44=0,"",IF(VLOOKUP($A44,成就条件映射!$A$4:$D$66,4)=0,"",VLOOKUP($A44,成就条件映射!$A$4:$D$66,4))) | F44: 3 | G44: icon_n_challengemanual | H44: ="icon_kim_"&Y44 -> icon_kim_ | I44: =A44*100+J44 -> 102301 | J44: =IF(MOD(ROW()+2,5)=0,MOD(ROW()+2,5)+5,MOD(ROW()+2,5)) -> 1 | M44: ="achievementAccumulative{achieveId:"&Q44&",count:"&R44&"}" -> achievementAccumulative{achieveId:1023,count:1} | N44: 条件与 | O44: 1707531 | Q44: =IF(0=A44,Q43,A44) -> 1023 | R44: 1 | W44: 1 | X44: 23
B45: =IF(A45=0,"",INT(A45/1000)) | C45: =IF($A45=0,"",IF(VLOOKUP($A45,成就条件映射!$A$4:$D$66,2)=0,"",VLOOKUP($A45,成就条件映射!$A$4:$D$66,2))) | D45: =IF($A45=0,"",IF(VLOOKUP($A45,成就条件映射!$A$4:$D$66,3)=0,"",VLOOKUP($A45,成就条件映射!$A$4:$D$66,3))) | E45: =IF($A45=0,"",IF(VLOOKUP($A45,成就条件映射!$A$4:$D$66,4)=0,"",VLOOKUP($A45,成就条件映射!$A$4:$D$66,4))) | I45: =A44*100+J45 -> 102302 | J45: =IF(MOD(ROW()+2,5)=0,MOD(ROW()+2,5)+5,MOD(ROW()+2,5)) -> 2 | M45: ="achievementAccumulative{achieveId:"&Q45&",count:"&R45&"}" -> achievementAccumulative{achieveId:1023,count:2} | N45: 条件与 | O45: 1707532 | Q45: =IF(0=A45,Q44,A45) -> 1023 | R45: 2 | W45: 1 | X45: 23
B46: =IF(A46=0,"",INT(A46/1000)) | C46: =IF($A46=0,"",IF(VLOOKUP($A46,成就条件映射!$A$4:$D$66,2)=0,"",VLOOKUP($A46,成就条件映射!$A$4:$D$66,2))) | D46: =IF($A46=0,"",IF(VLOOKUP($A46,成就条件映射!$A$4:$D$66,3)=0,"",VLOOKUP($A46,成就条件映射!$A$4:$D$66,3))) | E46: =IF($A46=0,"",IF(VLOOKUP($A46,成就条件映射!$A$4:$D$66,4)=0,"",VLOOKUP($A46,成就条件映射!$A$4:$D$66,4))) | I46: =A44*100+J46 -> 102303 | J46: =IF(MOD(ROW()+2,5)=0,MOD(ROW()+2,5)+5,MOD(ROW()+2,5)) -> 3 | M46: ="achievementAccumulative{achieveId:"&Q46&",count:"&R46&"}" -> achievementAccumulative{achieveId:1023,count:3} | N46: 条件与 | O46: 1707533 | Q46: =IF(0=A46,Q45,A46) -> 1023 | R46: 3 | W46: 1 | X46: 23
B47: =IF(A47=0,"",INT(A47/1000)) | C47: =IF($A47=0,"",IF(VLOOKUP($A47,成就条件映射!$A$4:$D$66,2)=0,"",VLOOKUP($A47,成就条件映射!$A$4:$D$66,2))) | D47: =IF($A47=0,"",IF(VLOOKUP($A47,成就条件映射!$A$4:$D$66,3)=0,"",VLOOKUP($A47,成就条件映射!$A$4:$D$66,3))) | E47: =IF($A47=0,"",IF(VLOOKUP($A47,成就条件映射!$A$4:$D$66,4)=0,"",VLOOKUP($A47,成就条件映射!$A$4:$D$66,4))) | I47: =A44*100+J47 -> 102304 | J47: =IF(MOD(ROW()+2,5)=0,MOD(ROW()+2,5)+5,MOD(ROW()+2,5)) -> 4 | M47: ="achievementAccumulative{achieveId:"&Q47&",count:"&R47&"}" -> achievementAccumulative{achieveId:1023,count:4} | N47: 条件与 | O47: 1707534 | Q47: =IF(0=A47,Q46,A47) -> 1023 | R47: 4 | W47: 1 | X47: 23
B48: =IF(A48=0,"",INT(A48/1000)) | C48: =IF($A48=0,"",IF(VLOOKUP($A48,成就条件映射!$A$4:$D$66,2)=0,"",VLOOKUP($A48,成就条件映射!$A$4:$D$66,2))) | D48: =IF($A48=0,"",IF(VLOOKUP($A48,成就条件映射!$A$4:$D$66,3)=0,"",VLOOKUP($A48,成就条件映射!$A$4:$D$66,3))) | E48: =IF($A48=0,"",IF(VLOOKUP($A48,成就条件映射!$A$4:$D$66,4)=0,"",VLOOKUP($A48,成就条件映射!$A$4:$D$66,4))) | I48: =A44*100+J48 -> 102305 | J48: =IF(MOD(ROW()+2,5)=0,MOD(ROW()+2,5)+5,MOD(ROW()+2,5)) -> 5 | M48: ="achievementAccumulative{achieveId:"&Q48&",count:"&R48&"}" -> achievementAccumulative{achieveId:1023,count:5} | N48: 条件与 | O48: 1707535 | Q48: =IF(0=A48,Q47,A48) -> 1023 | R48: 5 | W48: 1 | X48: 23
A49: =W49*1000+X49 -> 2001 | B49: =IF(A49=0,"",INT(A49/1000)) -> 2 | C49: TID_HeroAchievementConf_1001_name_CN_Main | D49: TID_HeroAchievementConf_2001_des_CN_Main | E49: TID_HeroAchievementConf_1021_des2_CN_Main | F49: 1 | G49: icon_n_challengemanual | H49: ="icon_copper_"&Y49 -> icon_copper_07 | I49: =A49*100+J49 -> 200101 | J49: =IF(MOD(ROW()+2,5)=0,MOD(ROW()+2,5)+5,MOD(ROW()+2,5)) -> 1 | K49: 7253 | L49: 7253 | M49: ="achievementAccumulative{achieveId:"&Q49&",count:"&R49&"}" -> achievementAccumulative{achieveId:2001,count:10} | N49: 条件与 | O49: 1707511 | Q49: =IF(0=A49,Q48,A49) -> 2001 | R49: 10 | W49: 2 | X49: 1 | Y49: 07 | Z49: =IF($A49=0,"",IF(VLOOKUP($A49,成就条件映射!$A$4:$D$66,2)=0,"",VLOOKUP($A49,成就条件映射!$A$4:$D$66,2))) -> 攻克资源点 | AA49: =IF($A49=0,"",IF(VLOOKUP($A49,成就条件映射!$A$4:$D$66,3)=0,"",VLOOKUP($A49,成就条件映射!$A$4:$D$66,3))) -> 在与<color=#ffc766>资源点守军</color>战斗中，我方部队累计对敌军施加<color=#ffc766>燃烧</color>或<color=#ffc766>决水</color>状态的次数 | AB49: =IF($A49=0,"",IF(VLOOKUP($A49,成就条件映射!$A$4:$D$66,4)=0,"",VLOOKUP($A49,成就条件映射!$A$4:$D$66,4))) -> 当前累计次数
B50: =IF(A50=0,"",INT(A50/1000)) | C50: =IF($A50=0,"",IF(VLOOKUP($A50,成就条件映射!$A$4:$D$66,2)=0,"",VLOOKUP($A50,成就条件映射!$A$4:$D$66,2))) | D50: =IF($A50=0,"",IF(VLOOKUP($A50,成就条件映射!$A$4:$D$66,3)=0,"",VLOOKUP($A50,成就条件映射!$A$4:$D$66,3))) | E50: =IF($A50=0,"",IF(VLOOKUP($A50,成就条件映射!$A$4:$D$66,4)=0,"",VLOOKUP($A50,成就条件映射!$A$4:$D$66,4))) | I50: =A49*100+J50 -> 200102 | J50: =IF(MOD(ROW()+2,5)=0,MOD(ROW()+2,5)+5,MOD(ROW()+2,5)) -> 2 | K50: 7253 | L50: 7253 | M50: ="achievementAccumulative{achieveId:"&Q50&",count:"&R50&"}" -> achievementAccumulative{achieveId:2001,count:100} | N50: 条件与 | O50: 1707512 | Q50: =IF(0=A50,Q49,A50) -> 2001 | R50: 100 | W50: 2 | X50: 1
B51: =IF(A51=0,"",INT(A51/1000)) | C51: =IF($A51=0,"",IF(VLOOKUP($A51,成就条件映射!$A$4:$D$66,2)=0,"",VLOOKUP($A51,成就条件映射!$A$4:$D$66,2))) | D51: =IF($A51=0,"",IF(VLOOKUP($A51,成就条件映射!$A$4:$D$66,3)=0,"",VLOOKUP($A51,成就条件映射!$A$4:$D$66,3))) | E51: =IF($A51=0,"",IF(VLOOKUP($A51,成就条件映射!$A$4:$D$66,4)=0,"",VLOOKUP($A51,成就条件映射!$A$4:$D$66,4))) | I51: =A49*100+J51 -> 200103 | J51: =IF(MOD(ROW()+2,5)=0,MOD(ROW()+2,5)+5,MOD(ROW()+2,5)) -> 3 | K51: 7253 | L51: 7253 | M51: ="achievementAccumulative{achieveId:"&Q51&",count:"&R51&"}" -> achievementAccumulative{achieveId:2001,count:400} | N51: 条件与 | O51: 1707513 | Q51: =IF(0=A51,Q50,A51) -> 2001 | R51: 400 | W51: 2 | X51: 1
B52: =IF(A52=0,"",INT(A52/1000)) | C52: =IF($A52=0,"",IF(VLOOKUP($A52,成就条件映射!$A$4:$D$66,2)=0,"",VLOOKUP($A52,成就条件映射!$A$4:$D$66,2))) | D52: =IF($A52=0,"",IF(VLOOKUP($A52,成就条件映射!$A$4:$D$66,3)=0,"",VLOOKUP($A52,成就条件映射!$A$4:$D$66,3))) | E52: =IF($A52=0,"",IF(VLOOKUP($A52,成就条件映射!$A$4:$D$66,4)=0,"",VLOOKUP($A52,成就条件映射!$A$4:$D$66,4))) | I52: =A49*100+J52 -> 200104 | J52: =IF(MOD(ROW()+2,5)=0,MOD(ROW()+2,5)+5,MOD(ROW()+2,5)) -> 4 | K52: 7253 | L52: 7253 | M52: ="achievementAccumulative{achieveId:"&Q52&",count:"&R52&"}" -> achievementAccumulative{achieveId:2001,count:1200} | N52: 条件与 | O52: 1707514 | Q52: =IF(0=A52,Q51,A52) -> 2001 | R52: 1200 | W52: 2 | X52: 1
B53: =IF(A53=0,"",INT(A53/1000)) | C53: =IF($A53=0,"",IF(VLOOKUP($A53,成就条件映射!$A$4:$D$66,2)=0,"",VLOOKUP($A53,成就条件映射!$A$4:$D$66,2))) | D53: =IF($A53=0,"",IF(VLOOKUP($A53,成就条件映射!$A$4:$D$66,3)=0,"",VLOOKUP($A53,成就条件映射!$A$4:$D$66,3))) | E53: =IF($A53=0,"",IF(VLOOKUP($A53,成就条件映射!$A$4:$D$66,4)=0,"",VLOOKUP($A53,成就条件映射!$A$4:$D$66,4))) | I53: =A49*100+J53 -> 200105 | J53: =IF(MOD(ROW()+2,5)=0,MOD(ROW()+2,5)+5,MOD(ROW()+2,5)) -> 5 | K53: 7253 | L53: 7253 | M53: ="achievementAccumulative{achieveId:"&Q53&",count:"&R53&"}" -> achievementAccumulative{achieveId:2001,count:2000} | N53: 条件与 | O53: 1707515 | Q53: =IF(0=A53,Q52,A53) -> 2001 | R53: 2000 | W53: 2 | X53: 1
A54: =W54*1000+X54 -> 2002 | B54: =IF(A54=0,"",INT(A54/1000)) -> 2 | C54: TID_HeroAchievementConf_1002_name_CN_Main | D54: TID_HeroAchievementConf_2002_des_CN_Main | E54: TID_HeroAchievementConf_1021_des2_CN_Main | F54: 1 | G54: icon_n_challengemanual | H54: ="icon_copper_"&Y54 -> icon_copper_10 | I54: =A54*100+J54 -> 200201 | J54: =IF(MOD(ROW()+2,5)=0,MOD(ROW()+2,5)+5,MOD(ROW()+2,5)) -> 1 | K54: 7254 | L54: 7254 | M54: ="achievementAccumulative{achieveId:"&Q54&",count:"&R54&"}" -> achievementAccumulative{achieveId:2002,count:10} | N54: 条件与 | O54: 1707511 | Q54: =IF(0=A54,Q53,A54) -> 2002 | R54: 10 | W54: 2 | X54: 2 | Y54: 10 | Z54: =IF($A54=0,"",IF(VLOOKUP($A54,成就条件映射!$A$4:$D$66,2)=0,"",VLOOKUP($A54,成就条件映射!$A$4:$D$66,2))) -> 蛮族讨伐 | AA54: =IF($A54=0,"",IF(VLOOKUP($A54,成就条件映射!$A$4:$D$66,3)=0,"",VLOOKUP($A54,成就条件映射!$A$4:$D$66,3))) -> 在与<color=#ffc766>野外蛮族</color>战斗中，我方部队累计对敌军施加<color=#ffc766>燃烧</color>或<color=#ffc766>决水</color>状态的次数 | AB54: =IF($A54=0,"",IF(VLOOKUP($A54,成就条件映射!$A$4:$D$66,4)=0,"",VLOOKUP($A54,成就条件映射!$A$4:$D$66,4))) -> 当前累计次数
B55: =IF(A55=0,"",INT(A55/1000)) | C55: =IF($A55=0,"",IF(VLOOKUP($A55,成就条件映射!$A$4:$D$66,2)=0,"",VLOOKUP($A55,成就条件映射!$A$4:$D$66,2))) | D55: =IF($A55=0,"",IF(VLOOKUP($A55,成就条件映射!$A$4:$D$66,3)=0,"",VLOOKUP($A55,成就条件映射!$A$4:$D$66,3))) | E55: =IF($A55=0,"",IF(VLOOKUP($A55,成就条件映射!$A$4:$D$66,4)=0,"",VLOOKUP($A55,成就条件映射!$A$4:$D$66,4))) | I55: =A54*100+J55 -> 200202 | J55: =IF(MOD(ROW()+2,5)=0,MOD(ROW()+2,5)+5,MOD(ROW()+2,5)) -> 2 | K55: 7254 | L55: 7254 | M55: ="achievementAccumulative{achieveId:"&Q55&",count:"&R55&"}" -> achievementAccumulative{achieveId:2002,count:100} | N55: 条件与 | O55: 1707512 | Q55: =IF(0=A55,Q54,A55) -> 2002 | R55: 100 | W55: 2 | X55: 2
B56: =IF(A56=0,"",INT(A56/1000)) | C56: =IF($A56=0,"",IF(VLOOKUP($A56,成就条件映射!$A$4:$D$66,2)=0,"",VLOOKUP($A56,成就条件映射!$A$4:$D$66,2))) | D56: =IF($A56=0,"",IF(VLOOKUP($A56,成就条件映射!$A$4:$D$66,3)=0,"",VLOOKUP($A56,成就条件映射!$A$4:$D$66,3))) | E56: =IF($A56=0,"",IF(VLOOKUP($A56,成就条件映射!$A$4:$D$66,4)=0,"",VLOOKUP($A56,成就条件映射!$A$4:$D$66,4))) | I56: =A54*100+J56 -> 200203 | J56: =IF(MOD(ROW()+2,5)=0,MOD(ROW()+2,5)+5,MOD(ROW()+2,5)) -> 3 | K56: 7254 | L56: 7254 | M56: ="achievementAccumulative{achieveId:"&Q56&",count:"&R56&"}" -> achievementAccumulative{achieveId:2002,count:200} | N56: 条件与 | O56: 1707513 | Q56: =IF(0=A56,Q55,A56) -> 2002 | R56: 200 | W56: 2 | X56: 2
B57: =IF(A57=0,"",INT(A57/1000)) | C57: =IF($A57=0,"",IF(VLOOKUP($A57,成就条件映射!$A$4:$D$66,2)=0,"",VLOOKUP($A57,成就条件映射!$A$4:$D$66,2))) | D57: =IF($A57=0,"",IF(VLOOKUP($A57,成就条件映射!$A$4:$D$66,3)=0,"",VLOOKUP($A57,成就条件映射!$A$4:$D$66,3))) | E57: =IF($A57=0,"",IF(VLOOKUP($A57,成就条件映射!$A$4:$D$66,4)=0,"",VLOOKUP($A57,成就条件映射!$A$4:$D$66,4))) | I57: =A54*100+J57 -> 200204 | J57: =IF(MOD(ROW()+2,5)=0,MOD(ROW()+2,5)+5,MOD(ROW()+2,5)) -> 4 | K57: 7254 | L57: 7254 | M57: ="achievementAccumulative{achieveId:"&Q57&",count:"&R57&"}" -> achievementAccumulative{achieveId:2002,count:600} | N57: 条件与 | O57: 1707514 | Q57: =IF(0=A57,Q56,A57) -> 2002 | R57: 600 | W57: 2 | X57: 2
B58: =IF(A58=0,"",INT(A58/1000)) | C58: =IF($A58=0,"",IF(VLOOKUP($A58,成就条件映射!$A$4:$D$66,2)=0,"",VLOOKUP($A58,成就条件映射!$A$4:$D$66,2))) | D58: =IF($A58=0,"",IF(VLOOKUP($A58,成就条件映射!$A$4:$D$66,3)=0,"",VLOOKUP($A58,成就条件映射!$A$4:$D$66,3))) | E58: =IF($A58=0,"",IF(VLOOKUP($A58,成就条件映射!$A$4:$D$66,4)=0,"",VLOOKUP($A58,成就条件映射!$A$4:$D$66,4))) | I58: =A54*100+J58 -> 200205 | J58: =IF(MOD(ROW()+2,5)=0,MOD(ROW()+2,5)+5,MOD(ROW()+2,5)) -> 5 | K58: 7254 | L58: 7254 | M58: ="achievementAccumulative{achieveId:"&Q58&",count:"&R58&"}" -> achievementAccumulative{achieveId:2002,count:1500} | N58: 条件与 | O58: 1707515 | Q58: =IF(0=A58,Q57,A58) -> 2002 | R58: 1500 | W58: 2 | X58: 2
A59: =W59*1000+X59 -> 2003 | B59: =IF(A59=0,"",INT(A59/1000)) -> 2 | C59: TID_HeroAchievementConf_1003_name_CN_Main | D59: TID_HeroAchievementConf_2003_des_CN_Main | E59: TID_HeroAchievementConf_1021_des2_CN_Main | F59: 1 | G59: icon_n_challengemanual | H59: ="icon_copper_"&Y59 -> icon_copper_04 | I59: =A59*100+J59 -> 200301 | J59: =IF(MOD(ROW()+2,5)=0,MOD(ROW()+2,5)+5,MOD(ROW()+2,5)) -> 1 | M59: ="achievementAccumulative{achieveId:"&Q59&",count:"&R59&"}" -> achievementAccumulative{achieveId:2003,count:10} | N59: 条件与 | O59: 1707511 | Q59: =IF(0=A59,Q58,A59) -> 2003 | R59: 10 | W59: 2 | X59: 3 | Y59: 04 | Z59: =IF($A59=0,"",IF(VLOOKUP($A59,成就条件映射!$A$4:$D$66,2)=0,"",VLOOKUP($A59,成就条件映射!$A$4:$D$66,2))) -> 野战先锋 | AA59: =IF($A59=0,"",IF(VLOOKUP($A59,成就条件映射!$A$4:$D$66,3)=0,"",VLOOKUP($A59,成就条件映射!$A$4:$D$66,3))) -> 野外与<color=#ffc766>玩家</color>部队战斗中，我方部队累计对敌军施加<color=#ffc766>燃烧</color>或<color=#ffc766>决水</color>状态的次数 | AB59: =IF($A59=0,"",IF(VLOOKUP($A59,成就条件映射!$A$4:$D$66,4)=0,"",VLOOKUP($A59,成就条件映射!$A$4:$D$66,4))) -> 当前累计次数
B60: =IF(A60=0,"",INT(A60/1000)) | C60: =IF($A60=0,"",IF(VLOOKUP($A60,成就条件映射!$A$4:$D$66,2)=0,"",VLOOKUP($A60,成就条件映射!$A$4:$D$66,2))) | D60: =IF($A60=0,"",IF(VLOOKUP($A60,成就条件映射!$A$4:$D$66,3)=0,"",VLOOKUP($A60,成就条件映射!$A$4:$D$66,3))) | E60: =IF($A60=0,"",IF(VLOOKUP($A60,成就条件映射!$A$4:$D$66,4)=0,"",VLOOKUP($A60,成就条件映射!$A$4:$D$66,4))) | I60: =A59*100+J60 -> 200302 | J60: =IF(MOD(ROW()+2,5)=0,MOD(ROW()+2,5)+5,MOD(ROW()+2,5)) -> 2 | M60: ="achievementAccumulative{achieveId:"&Q60&",count:"&R60&"}" -> achievementAccumulative{achieveId:2003,count:30} | N60: 条件与 | O60: 1707512 | Q60: =IF(0=A60,Q59,A60) -> 2003 | R60: 30 | W60: 2 | X60: 3
B61: =IF(A61=0,"",INT(A61/1000)) | C61: =IF($A61=0,"",IF(VLOOKUP($A61,成就条件映射!$A$4:$D$66,2)=0,"",VLOOKUP($A61,成就条件映射!$A$4:$D$66,2))) | D61: =IF($A61=0,"",IF(VLOOKUP($A61,成就条件映射!$A$4:$D$66,3)=0,"",VLOOKUP($A61,成就条件映射!$A$4:$D$66,3))) | E61: =IF($A61=0,"",IF(VLOOKUP($A61,成就条件映射!$A$4:$D$66,4)=0,"",VLOOKUP($A61,成就条件映射!$A$4:$D$66,4))) | I61: =A59*100+J61 -> 200303 | J61: =IF(MOD(ROW()+2,5)=0,MOD(ROW()+2,5)+5,MOD(ROW()+2,5)) -> 3 | M61: ="achievementAccumulative{achieveId:"&Q61&",count:"&R61&"}" -> achievementAccumulative{achieveId:2003,count:70} | N61: 条件与 | O61: 1707513 | Q61: =IF(0=A61,Q60,A61) -> 2003 | R61: 70 | W61: 2 | X61: 3
B62: =IF(A62=0,"",INT(A62/1000)) | C62: =IF($A62=0,"",IF(VLOOKUP($A62,成就条件映射!$A$4:$D$66,2)=0,"",VLOOKUP($A62,成就条件映射!$A$4:$D$66,2))) | D62: =IF($A62=0,"",IF(VLOOKUP($A62,成就条件映射!$A$4:$D$66,3)=0,"",VLOOKUP($A62,成就条件映射!$A$4:$D$66,3))) | E62: =IF($A62=0,"",IF(VLOOKUP($A62,成就条件映射!$A$4:$D$66,4)=0,"",VLOOKUP($A62,成就条件映射!$A$4:$D$66,4))) | I62: =A59*100+J62 -> 200304 | J62: =IF(MOD(ROW()+2,5)=0,MOD(ROW()+2,5)+5,MOD(ROW()+2,5)) -> 4 | M62: ="achievementAccumulative{achieveId:"&Q62&",count:"&R62&"}" -> achievementAccumulative{achieveId:2003,count:190} | N62: 条件与 | O62: 1707514 | Q62: =IF(0=A62,Q61,A62) -> 2003 | R62: 190 | W62: 2 | X62: 3
B63: =IF(A63=0,"",INT(A63/1000)) | C63: =IF($A63=0,"",IF(VLOOKUP($A63,成就条件映射!$A$4:$D$66,2)=0,"",VLOOKUP($A63,成就条件映射!$A$4:$D$66,2))) | D63: =IF($A63=0,"",IF(VLOOKUP($A63,成就条件映射!$A$4:$D$66,3)=0,"",VLOOKUP($A63,成就条件映射!$A$4:$D$66,3))) | E63: =IF($A63=0,"",IF(VLOOKUP($A63,成就条件映射!$A$4:$D$66,4)=0,"",VLOOKUP($A63,成就条件映射!$A$4:$D$66,4))) | I63: =A59*100+J63 -> 200305 | J63: =IF(MOD(ROW()+2,5)=0,MOD(ROW()+2,5)+5,MOD(ROW()+2,5)) -> 5 | M63: ="achievementAccumulative{achieveId:"&Q63&",count:"&R63&"}" -> achievementAccumulative{achieveId:2003,count:400} | N63: 条件与 | O63: 1707515 | Q63: =IF(0=A63,Q62,A63) -> 2003 | R63: 400 | W63: 2 | X63: 3
A64: =W64*1000+X64 -> 2011 | B64: =IF(A64=0,"",INT(A64/1000)) -> 2 | C64: TID_HeroAchievementConf_2011_name_CN_Main | D64: TID_HeroAchievementConf_2011_des_CN_Main | E64: TID_HeroAchievementConf_1021_des2_CN_Main | F64: 2 | G64: icon_n_challengemanual | H64: ="icon_silver_"&Y64 -> icon_silver_19 | I64: =A64*100+J64 -> 201101 | J64: =IF(MOD(ROW()+2,5)=0,MOD(ROW()+2,5)+5,MOD(ROW()+2,5)) -> 1 | M64: ="achievementAccumulative{achieveId:"&Q64&",count:"&R64&"}" -> achievementAccumulative{achieveId:2011,count:2} | N64: 条件与 | O64: 1707521 | Q64: =IF(0=A64,Q63,A64) -> 2011 | R64: 2 | W64: 2 | X64: 11 | Y64: 19 | Z64: =IF($A64=0,"",IF(VLOOKUP($A64,成就条件映射!$A$4:$D$66,2)=0,"",VLOOKUP($A64,成就条件映射!$A$4:$D$66,2))) -> 才思泉涌 | AA64: =IF($A64=0,"",IF(VLOOKUP($A64,成就条件映射!$A$4:$D$66,3)=0,"",VLOOKUP($A64,成就条件映射!$A$4:$D$66,3))) -> <color=#ffc766>30秒</color>内，我方部队累计发动<color=#ffc766>固有</color><color=#ffc766>主动技能</color>的<color=#ffc766>最大次数</color> | AB64: =IF($A64=0,"",IF(VLOOKUP($A64,成就条件映射!$A$4:$D$66,4)=0,"",VLOOKUP($A64,成就条件映射!$A$4:$D$66,4))) -> 当前累计次数
B65: =IF(A65=0,"",INT(A65/1000)) | C65: =IF($A65=0,"",IF(VLOOKUP($A65,成就条件映射!$A$4:$D$66,2)=0,"",VLOOKUP($A65,成就条件映射!$A$4:$D$66,2))) | D65: =IF($A65=0,"",IF(VLOOKUP($A65,成就条件映射!$A$4:$D$66,3)=0,"",VLOOKUP($A65,成就条件映射!$A$4:$D$66,3))) | E65: =IF($A65=0,"",IF(VLOOKUP($A65,成就条件映射!$A$4:$D$66,4)=0,"",VLOOKUP($A65,成就条件映射!$A$4:$D$66,4))) | I65: =A64*100+J65 -> 201102 | J65: =IF(MOD(ROW()+2,5)=0,MOD(ROW()+2,5)+5,MOD(ROW()+2,5)) -> 2 | M65: ="achievementAccumulative{achieveId:"&Q65&",count:"&R65&"}" -> achievementAccumulative{achieveId:2011,count:3} | N65: 条件与 | O65: 1707522 | Q65: =IF(0=A65,Q64,A65) -> 2011 | R65: 3 | W65: 2 | X65: 11
B66: =IF(A66=0,"",INT(A66/1000)) | C66: =IF($A66=0,"",IF(VLOOKUP($A66,成就条件映射!$A$4:$D$66,2)=0,"",VLOOKUP($A66,成就条件映射!$A$4:$D$66,2))) | D66: =IF($A66=0,"",IF(VLOOKUP($A66,成就条件映射!$A$4:$D$66,3)=0,"",VLOOKUP($A66,成就条件映射!$A$4:$D$66,3))) | E66: =IF($A66=0,"",IF(VLOOKUP($A66,成就条件映射!$A$4:$D$66,4)=0,"",VLOOKUP($A66,成就条件映射!$A$4:$D$66,4))) | I66: =A64*100+J66 -> 201103 | J66: =IF(MOD(ROW()+2,5)=0,MOD(ROW()+2,5)+5,MOD(ROW()+2,5)) -> 3 | M66: ="achievementAccumulative{achieveId:"&Q66&",count:"&R66&"}" -> achievementAccumulative{achieveId:2011,count:4} | N66: 条件与 | O66: 1707523 | Q66: =IF(0=A66,Q65,A66) -> 2011 | R66: 4 | W66: 2 | X66: 11
B67: =IF(A67=0,"",INT(A67/1000)) | C67: =IF($A67=0,"",IF(VLOOKUP($A67,成就条件映射!$A$4:$D$66,2)=0,"",VLOOKUP($A67,成就条件映射!$A$4:$D$66,2))) | D67: =IF($A67=0,"",IF(VLOOKUP($A67,成就条件映射!$A$4:$D$66,3)=0,"",VLOOKUP($A67,成就条件映射!$A$4:$D$66,3))) | E67: =IF($A67=0,"",IF(VLOOKUP($A67,成就条件映射!$A$4:$D$66,4)=0,"",VLOOKUP($A67,成就条件映射!$A$4:$D$66,4))) | I67: =A64*100+J67 -> 201104 | J67: =IF(MOD(ROW()+2,5)=0,MOD(ROW()+2,5)+5,MOD(ROW()+2,5)) -> 4 | M67: ="achievementAccumulative{achieveId:"&Q67&",count:"&R67&"}" -> achievementAccumulative{achieveId:2011,count:5} | N67: 条件与 | O67: 1707524 | Q67: =IF(0=A67,Q66,A67) -> 2011 | R67: 5 | W67: 2 | X67: 11
B68: =IF(A68=0,"",INT(A68/1000)) | C68: =IF($A68=0,"",IF(VLOOKUP($A68,成就条件映射!$A$4:$D$66,2)=0,"",VLOOKUP($A68,成就条件映射!$A$4:$D$66,2))) | D68: =IF($A68=0,"",IF(VLOOKUP($A68,成就条件映射!$A$4:$D$66,3)=0,"",VLOOKUP($A68,成就条件映射!$A$4:$D$66,3))) | E68: =IF($A68=0,"",IF(VLOOKUP($A68,成就条件映射!$A$4:$D$66,4)=0,"",VLOOKUP($A68,成就条件映射!$A$4:$D$66,4))) | I68: =A64*100+J68 -> 201105 | J68: =IF(MOD(ROW()+2,5)=0,MOD(ROW()+2,5)+5,MOD(ROW()+2,5)) -> 5 | M68: ="achievementAccumulative{achieveId:"&Q68&",count:"&R68&"}" -> achievementAccumulative{achieveId:2011,count:7} | N68: 条件与 | O68: 1707525 | Q68: =IF(0=A68,Q67,A68) -> 2011 | R68: 7 | W68: 2 | X68: 11
A69: =W69*1000+X69 -> 2012 | B69: =IF(A69=0,"",INT(A69/1000)) -> 2 | C69: TID_HeroAchievementConf_2012_name_CN_Main | D69: TID_HeroAchievementConf_2012_des_CN_Main | E69: TID_HeroAchievementConf_1012_des2_CN_Main | F69: 2 | G69: icon_n_challengemanual | H69: ="icon_silver_"&Y69 -> icon_silver_20 | I69: =A69*100+J69 -> 201201 | J69: =IF(MOD(ROW()+2,5)=0,MOD(ROW()+2,5)+5,MOD(ROW()+2,5)) -> 1 | M69: ="achievementAccumulative{achieveId:"&Q69&",count:"&R69&"}" -> achievementAccumulative{achieveId:2012,count:1500} | N69: 条件与 | O69: 1707521 | Q69: =IF(0=A69,Q68,A69) -> 2012 | R69: 1500 | W69: 2 | X69: 12 | Y69: 20 | Z69: =IF($A69=0,"",IF(VLOOKUP($A69,成就条件映射!$A$4:$D$66,2)=0,"",VLOOKUP($A69,成就条件映射!$A$4:$D$66,2))) -> 神箭天降 | AA69: =IF($A69=0,"",IF(VLOOKUP($A69,成就条件映射!$A$4:$D$66,3)=0,"",VLOOKUP($A69,成就条件映射!$A$4:$D$66,3))) -> 我方<color=#ffc766>弓兵</color>部队使用<color=#ffc766>固有</color><color=#ffc766>主动技能</color>造成的<color=#ffc766>单次最大伤害量</color> | AB69: =IF($A69=0,"",IF(VLOOKUP($A69,成就条件映射!$A$4:$D$66,4)=0,"",VLOOKUP($A69,成就条件映射!$A$4:$D$66,4))) -> 当前造成伤害
B70: =IF(A70=0,"",INT(A70/1000)) | C70: =IF($A70=0,"",IF(VLOOKUP($A70,成就条件映射!$A$4:$D$66,2)=0,"",VLOOKUP($A70,成就条件映射!$A$4:$D$66,2))) | D70: =IF($A70=0,"",IF(VLOOKUP($A70,成就条件映射!$A$4:$D$66,3)=0,"",VLOOKUP($A70,成就条件映射!$A$4:$D$66,3))) | E70: =IF($A70=0,"",IF(VLOOKUP($A70,成就条件映射!$A$4:$D$66,4)=0,"",VLOOKUP($A70,成就条件映射!$A$4:$D$66,4))) | I70: =A69*100+J70 -> 201202 | J70: =IF(MOD(ROW()+2,5)=0,MOD(ROW()+2,5)+5,MOD(ROW()+2,5)) -> 2 | M70: ="achievementAccumulative{achieveId:"&Q70&",count:"&R70&"}" -> achievementAccumulative{achieveId:2012,count:2800} | N70: 条件与 | O70: 1707522 | Q70: =IF(0=A70,Q69,A70) -> 2012 | R70: 2800 | W70: 2 | X70: 12
B71: =IF(A71=0,"",INT(A71/1000)) | C71: =IF($A71=0,"",IF(VLOOKUP($A71,成就条件映射!$A$4:$D$66,2)=0,"",VLOOKUP($A71,成就条件映射!$A$4:$D$66,2))) | D71: =IF($A71=0,"",IF(VLOOKUP($A71,成就条件映射!$A$4:$D$66,3)=0,"",VLOOKUP($A71,成就条件映射!$A$4:$D$66,3))) | E71: =IF($A71=0,"",IF(VLOOKUP($A71,成就条件映射!$A$4:$D$66,4)=0,"",VLOOKUP($A71,成就条件映射!$A$4:$D$66,4))) | I71: =A69*100+J71 -> 201203 | J71: =IF(MOD(ROW()+2,5)=0,MOD(ROW()+2,5)+5,MOD(ROW()+2,5)) -> 3 | M71: ="achievementAccumulative{achieveId:"&Q71&",count:"&R71&"}" -> achievementAccumulative{achieveId:2012,count:3500} | N71: 条件与 | O71: 1707523 | Q71: =IF(0=A71,Q70,A71) -> 2012 | R71: 3500 | W71: 2 | X71: 12
B72: =IF(A72=0,"",INT(A72/1000)) | C72: =IF($A72=0,"",IF(VLOOKUP($A72,成就条件映射!$A$4:$D$66,2)=0,"",VLOOKUP($A72,成就条件映射!$A$4:$D$66,2))) | D72: =IF($A72=0,"",IF(VLOOKUP($A72,成就条件映射!$A$4:$D$66,3)=0,"",VLOOKUP($A72,成就条件映射!$A$4:$D$66,3))) | E72: =IF($A72=0,"",IF(VLOOKUP($A72,成就条件映射!$A$4:$D$66,4)=0,"",VLOOKUP($A72,成就条件映射!$A$4:$D$66,4))) | I72: =A69*100+J72 -> 201204 | J72: =IF(MOD(ROW()+2,5)=0,MOD(ROW()+2,5)+5,MOD(ROW()+2,5)) -> 4 | M72: ="achievementAccumulative{achieveId:"&Q72&",count:"&R72&"}" -> achievementAccumulative{achieveId:2012,count:4200} | N72: 条件与 | O72: 1707524 | Q72: =IF(0=A72,Q71,A72) -> 2012 | R72: 4200 | W72: 2 | X72: 12
B73: =IF(A73=0,"",INT(A73/1000)) | C73: =IF($A73=0,"",IF(VLOOKUP($A73,成就条件映射!$A$4:$D$66,2)=0,"",VLOOKUP($A73,成就条件映射!$A$4:$D$66,2))) | D73: =IF($A73=0,"",IF(VLOOKUP($A73,成就条件映射!$A$4:$D$66,3)=0,"",VLOOKUP($A73,成就条件映射!$A$4:$D$66,3))) | E73: =IF($A73=0,"",IF(VLOOKUP($A73,成就条件映射!$A$4:$D$66,4)=0,"",VLOOKUP($A73,成就条件映射!$A$4:$D$66,4))) | I73: =A69*100+J73 -> 201205 | J73: =IF(MOD(ROW()+2,5)=0,MOD(ROW()+2,5)+5,MOD(ROW()+2,5)) -> 5 | M73: ="achievementAccumulative{achieveId:"&Q73&",count:"&R73&"}" -> achievementAccumulative{achieveId:2012,count:5300} | N73: 条件与 | O73: 1707525 | Q73: =IF(0=A73,Q72,A73) -> 2012 | R73: 5300 | W73: 2 | X73: 12
A74: =W74*1000+X74 -> 2013 | C74: TID_HeroAchievementConf_2013_name_CN_Main | D74: TID_HeroAchievementConf_2013_des_CN_Main | E74: TID_HeroAchievementConf_1001_des2_CN_Main | F74: 2 | G74: icon_n_challengemanual | H74: ="icon_silver_"&Y74 -> icon_silver_09 | I74: =A74*100+J74 -> 201301 | J74: =IF(MOD(ROW()+2,5)=0,MOD(ROW()+2,5)+5,MOD(ROW()+2,5)) -> 1 | M74: ="achievementAccumulative{achieveId:"&Q74&",count:"&R74&"}" -> achievementAccumulative{achieveId:2013,count:1} | N74: 条件与 | O74: 1707521 | Q74: =IF(0=A74,Q73,A74) -> 2013 | R74: 1 | W74: 2 | X74: 13 | Y74: 09 | Z74: =IF($A74=0,"",IF(VLOOKUP($A74,成就条件映射!$A$4:$D$66,2)=0,"",VLOOKUP($A74,成就条件映射!$A$4:$D$66,2))) -> 万军射潮 | AA74: =IF($A74=0,"",IF(VLOOKUP($A74,成就条件映射!$A$4:$D$66,3)=0,"",VLOOKUP($A74,成就条件映射!$A$4:$D$66,3))) -> <color=#ffc766>集结战斗</color>中，我方<color=#ffc766>弓兵</color>部队使用<color=#ffc766>固有</color><color=#ffc766>主动技能</color>累计造成的<color=#ffc766>伤害量</color> | AB74: =IF($A74=0,"",IF(VLOOKUP($A74,成就条件映射!$A$4:$D$66,4)=0,"",VLOOKUP($A74,成就条件映射!$A$4:$D$66,4))) -> 当前累计伤害
B75: =IF(A75=0,"",INT(A75/1000)) | C75: =IF($A75=0,"",IF(VLOOKUP($A75,成就条件映射!$A$4:$D$66,2)=0,"",VLOOKUP($A75,成就条件映射!$A$4:$D$66,2))) | D75: =IF($A75=0,"",IF(VLOOKUP($A75,成就条件映射!$A$4:$D$66,3)=0,"",VLOOKUP($A75,成就条件映射!$A$4:$D$66,3))) | E75: =IF($A75=0,"",IF(VLOOKUP($A75,成就条件映射!$A$4:$D$66,4)=0,"",VLOOKUP($A75,成就条件映射!$A$4:$D$66,4))) | I75: =A74*100+J75 -> 201302 | J75: =IF(MOD(ROW()+2,5)=0,MOD(ROW()+2,5)+5,MOD(ROW()+2,5)) -> 2 | M75: ="achievementAccumulative{achieveId:"&Q75&",count:"&R75&"}" -> achievementAccumulative{achieveId:2013,count:2} | N75: 条件与 | O75: 1707522 | Q75: =IF(0=A75,Q74,A75) -> 2013 | R75: 2 | W75: 2 | X75: 13
B76: =IF(A76=0,"",INT(A76/1000)) | C76: =IF($A76=0,"",IF(VLOOKUP($A76,成就条件映射!$A$4:$D$66,2)=0,"",VLOOKUP($A76,成就条件映射!$A$4:$D$66,2))) | D76: =IF($A76=0,"",IF(VLOOKUP($A76,成就条件映射!$A$4:$D$66,3)=0,"",VLOOKUP($A76,成就条件映射!$A$4:$D$66,3))) | E76: =IF($A76=0,"",IF(VLOOKUP($A76,成就条件映射!$A$4:$D$66,4)=0,"",VLOOKUP($A76,成就条件映射!$A$4:$D$66,4))) | I76: =A74*100+J76 -> 201303 | J76: =IF(MOD(ROW()+2,5)=0,MOD(ROW()+2,5)+5,MOD(ROW()+2,5)) -> 3 | M76: ="achievementAccumulative{achieveId:"&Q76&",count:"&R76&"}" -> achievementAccumulative{achieveId:2013,count:3} | N76: 条件与 | O76: 1707523 | Q76: =IF(0=A76,Q75,A76) -> 2013 | R76: 3 | W76: 2 | X76: 13
B77: =IF(A77=0,"",INT(A77/1000)) | C77: =IF($A77=0,"",IF(VLOOKUP($A77,成就条件映射!$A$4:$D$66,2)=0,"",VLOOKUP($A77,成就条件映射!$A$4:$D$66,2))) | D77: =IF($A77=0,"",IF(VLOOKUP($A77,成就条件映射!$A$4:$D$66,3)=0,"",VLOOKUP($A77,成就条件映射!$A$4:$D$66,3))) | E77: =IF($A77=0,"",IF(VLOOKUP($A77,成就条件映射!$A$4:$D$66,4)=0,"",VLOOKUP($A77,成就条件映射!$A$4:$D$66,4))) | I77: =A74*100+J77 -> 201304 | J77: =IF(MOD(ROW()+2,5)=0,MOD(ROW()+2,5)+5,MOD(ROW()+2,5)) -> 4 | M77: ="achievementAccumulative{achieveId:"&Q77&",count:"&R77&"}" -> achievementAccumulative{achieveId:2013,count:4} | N77: 条件与 | O77: 1707524 | Q77: =IF(0=A77,Q76,A77) -> 2013 | R77: 4 | W77: 2 | X77: 13
B78: =IF(A78=0,"",INT(A78/1000)) | C78: =IF($A78=0,"",IF(VLOOKUP($A78,成就条件映射!$A$4:$D$66,2)=0,"",VLOOKUP($A78,成就条件映射!$A$4:$D$66,2))) | D78: =IF($A78=0,"",IF(VLOOKUP($A78,成就条件映射!$A$4:$D$66,3)=0,"",VLOOKUP($A78,成就条件映射!$A$4:$D$66,3))) | E78: =IF($A78=0,"",IF(VLOOKUP($A78,成就条件映射!$A$4:$D$66,4)=0,"",VLOOKUP($A78,成就条件映射!$A$4:$D$66,4))) | I78: =A74*100+J78 -> 201305 | J78: =IF(MOD(ROW()+2,5)=0,MOD(ROW()+2,5)+5,MOD(ROW()+2,5)) -> 5 | M78: ="achievementAccumulative{achieveId:"&Q78&",count:"&R78&"}" -> achievementAccumulative{achieveId:2013,count:5} | N78: 条件与 | O78: 1707525 | Q78: =IF(0=A78,Q77,A78) -> 2013 | R78: 5 | W78: 2 | X78: 13
A79: =W79*1000+X79 -> 2021 | B79: =IF(A79=0,"",INT(A79/1000)) -> 2 | C79: TID_AchievementKeyWordsConf_12_name_CN_Main | D79: TID_HeroAchievementConf_2021_des_CN_Main | E79: TID_HeroAchievementConf_2021_des2_CN_Main | F79: 3 | G79: icon_n_challengemanual | H79: ="icon_kim_"&Y79 -> icon_kim_19 | I79: =A79*100+J79 -> 202101 | J79: =IF(MOD(ROW()+2,5)=0,MOD(ROW()+2,5)+5,MOD(ROW()+2,5)) -> 1 | M79: ="achievementAccumulative{achieveId:"&Q79&",count:"&R79&"}" -> achievementAccumulative{achieveId:2021,count:30000} | N79: 条件与 | O79: 1707531 | Q79: =IF(0=A79,Q78,A79) -> 2021 | R79: 30000 | W79: 2 | X79: 21 | Y79: 19 | Z79: =IF($A79=0,"",IF(VLOOKUP($A79,成就条件映射!$A$4:$D$66,2)=0,"",VLOOKUP($A79,成就条件映射!$A$4:$D$66,2))) -> 万象奇门 | AA79: =IF($A79=0,"",IF(VLOOKUP($A79,成就条件映射!$A$4:$D$66,3)=0,"",VLOOKUP($A79,成就条件映射!$A$4:$D$66,3))) -> <color=#ffc766>万象奇门</color>技能累计<color=#ffc766>治疗</color>的士兵数 | AB79: =IF($A79=0,"",IF(VLOOKUP($A79,成就条件映射!$A$4:$D$66,4)=0,"",VLOOKUP($A79,成就条件映射!$A$4:$D$66,4))) -> 当前累计治疗
B80: =IF(A80=0,"",INT(A80/1000)) | C80: =IF($A80=0,"",IF(VLOOKUP($A80,成就条件映射!$A$4:$D$66,2)=0,"",VLOOKUP($A80,成就条件映射!$A$4:$D$66,2))) | D80: =IF($A80=0,"",IF(VLOOKUP($A80,成就条件映射!$A$4:$D$66,3)=0,"",VLOOKUP($A80,成就条件映射!$A$4:$D$66,3))) | E80: =IF($A80=0,"",IF(VLOOKUP($A80,成就条件映射!$A$4:$D$66,4)=0,"",VLOOKUP($A80,成就条件映射!$A$4:$D$66,4))) | I80: =A79*100+J80 -> 202102 | J80: =IF(MOD(ROW()+2,5)=0,MOD(ROW()+2,5)+5,MOD(ROW()+2,5)) -> 2 | M80: ="achievementAccumulative{achieveId:"&Q80&",count:"&R80&"}" -> achievementAccumulative{achieveId:2021,count:500000} | N80: 条件与 | O80: 1707532 | Q80: =IF(0=A80,Q79,A80) -> 2021 | R80: 500000 | W80: 2 | X80: 21
B81: =IF(A81=0,"",INT(A81/1000)) | C81: =IF($A81=0,"",IF(VLOOKUP($A81,成就条件映射!$A$4:$D$66,2)=0,"",VLOOKUP($A81,成就条件映射!$A$4:$D$66,2))) | D81: =IF($A81=0,"",IF(VLOOKUP($A81,成就条件映射!$A$4:$D$66,3)=0,"",VLOOKUP($A81,成就条件映射!$A$4:$D$66,3))) | E81: =IF($A81=0,"",IF(VLOOKUP($A81,成就条件映射!$A$4:$D$66,4)=0,"",VLOOKUP($A81,成就条件映射!$A$4:$D$66,4))) | I81: =A79*100+J81 -> 202103 | J81: =IF(MOD(ROW()+2,5)=0,MOD(ROW()+2,5)+5,MOD(ROW()+2,5)) -> 3 | M81: ="achievementAccumulative{achieveId:"&Q81&",count:"&R81&"}" -> achievementAccumulative{achieveId:2021,count:2000000} | N81: 条件与 | O81: 1707533 | Q81: =IF(0=A81,Q80,A81) -> 2021 | R81: 2000000 | W81: 2 | X81: 21
B82: =IF(A82=0,"",INT(A82/1000)) | C82: =IF($A82=0,"",IF(VLOOKUP($A82,成就条件映射!$A$4:$D$66,2)=0,"",VLOOKUP($A82,成就条件映射!$A$4:$D$66,2))) | D82: =IF($A82=0,"",IF(VLOOKUP($A82,成就条件映射!$A$4:$D$66,3)=0,"",VLOOKUP($A82,成就条件映射!$A$4:$D$66,3))) | E82: =IF($A82=0,"",IF(VLOOKUP($A82,成就条件映射!$A$4:$D$66,4)=0,"",VLOOKUP($A82,成就条件映射!$A$4:$D$66,4))) | I82: =A79*100+J82 -> 202104 | J82: =IF(MOD(ROW()+2,5)=0,MOD(ROW()+2,5)+5,MOD(ROW()+2,5)) -> 4 | M82: ="achievementAccumulative{achieveId:"&Q82&",count:"&R82&"}" -> achievementAccumulative{achieveId:2021,count:6000000} | N82: 条件与 | O82: 1707534 | Q82: =IF(0=A82,Q81,A82) -> 2021 | R82: 6000000 | W82: 2 | X82: 21
B83: =IF(A83=0,"",INT(A83/1000)) | C83: =IF($A83=0,"",IF(VLOOKUP($A83,成就条件映射!$A$4:$D$66,2)=0,"",VLOOKUP($A83,成就条件映射!$A$4:$D$66,2))) | D83: =IF($A83=0,"",IF(VLOOKUP($A83,成就条件映射!$A$4:$D$66,3)=0,"",VLOOKUP($A83,成就条件映射!$A$4:$D$66,3))) | E83: =IF($A83=0,"",IF(VLOOKUP($A83,成就条件映射!$A$4:$D$66,4)=0,"",VLOOKUP($A83,成就条件映射!$A$4:$D$66,4))) | I83: =A79*100+J83 -> 202105 | J83: =IF(MOD(ROW()+2,5)=0,MOD(ROW()+2,5)+5,MOD(ROW()+2,5)) -> 5 | M83: ="achievementAccumulative{achieveId:"&Q83&",count:"&R83&"}" -> achievementAccumulative{achieveId:2021,count:10000000} | N83: 条件与 | O83: 1707535 | Q83: =IF(0=A83,Q82,A83) -> 2021 | R83: 10000000 | W83: 2 | X83: 21
A84: =W84*1000+X84 -> 2022 | B84: =IF(A84=0,"",INT(A84/1000)) -> 2 | C84: TID_HeroAchievementConf_2022_name_CN_Main | D84: TID_HeroAchievementConf_2022_des_CN_Main | E84: TID_HeroAchievementConf_1021_des2_CN_Main | F84: 3 | G84: icon_n_challengemanual | H84: ="icon_kim_"&Y84 -> icon_kim_05 | I84: =A84*100+J84 -> 202201 | J84: =IF(MOD(ROW()+2,5)=0,MOD(ROW()+2,5)+5,MOD(ROW()+2,5)) -> 1 | M84: ="achievementAccumulative{achieveId:"&Q84&",count:"&R84&"}" -> achievementAccumulative{achieveId:2022,count:40} | N84: 条件与 | O84: 1707531 | Q84: =IF(0=A84,Q83,A84) -> 2022 | R84: 40 | W84: 2 | X84: 22 | Y84: 05 | Z84: =IF($A84=0,"",IF(VLOOKUP($A84,成就条件映射!$A$4:$D$66,2)=0,"",VLOOKUP($A84,成就条件映射!$A$4:$D$66,2))) -> 神乎其技 | AA84: =IF($A84=0,"",IF(VLOOKUP($A84,成就条件映射!$A$4:$D$66,3)=0,"",VLOOKUP($A84,成就条件映射!$A$4:$D$66,3))) -> 我方<color=#ffc766>弓兵</color>部队<color=#ffc766>准备技能</color>进入准备状态后，<color=#ffc766>直接发动效果</color>的总次数 | AB84: =IF($A84=0,"",IF(VLOOKUP($A84,成就条件映射!$A$4:$D$66,4)=0,"",VLOOKUP($A84,成就条件映射!$A$4:$D$66,4))) -> 当前累计次数
B85: =IF(A85=0,"",INT(A85/1000)) | C85: =IF($A85=0,"",IF(VLOOKUP($A85,成就条件映射!$A$4:$D$66,2)=0,"",VLOOKUP($A85,成就条件映射!$A$4:$D$66,2))) | D85: =IF($A85=0,"",IF(VLOOKUP($A85,成就条件映射!$A$4:$D$66,3)=0,"",VLOOKUP($A85,成就条件映射!$A$4:$D$66,3))) | E85: =IF($A85=0,"",IF(VLOOKUP($A85,成就条件映射!$A$4:$D$66,4)=0,"",VLOOKUP($A85,成就条件映射!$A$4:$D$66,4))) | I85: =A84*100+J85 -> 202202 | J85: =IF(MOD(ROW()+2,5)=0,MOD(ROW()+2,5)+5,MOD(ROW()+2,5)) -> 2 | M85: ="achievementAccumulative{achieveId:"&Q85&",count:"&R85&"}" -> achievementAccumulative{achieveId:2022,count:240} | N85: 条件与 | O85: 1707532 | Q85: =IF(0=A85,Q84,A85) -> 2022 | R85: 240 | W85: 2 | X85: 22
B86: =IF(A86=0,"",INT(A86/1000)) | C86: =IF($A86=0,"",IF(VLOOKUP($A86,成就条件映射!$A$4:$D$66,2)=0,"",VLOOKUP($A86,成就条件映射!$A$4:$D$66,2))) | D86: =IF($A86=0,"",IF(VLOOKUP($A86,成就条件映射!$A$4:$D$66,3)=0,"",VLOOKUP($A86,成就条件映射!$A$4:$D$66,3))) | E86: =IF($A86=0,"",IF(VLOOKUP($A86,成就条件映射!$A$4:$D$66,4)=0,"",VLOOKUP($A86,成就条件映射!$A$4:$D$66,4))) | I86: =A84*100+J86 -> 202203 | J86: =IF(MOD(ROW()+2,5)=0,MOD(ROW()+2,5)+5,MOD(ROW()+2,5)) -> 3 | M86: ="achievementAccumulative{achieveId:"&Q86&",count:"&R86&"}" -> achievementAccumulative{achieveId:2022,count:1000} | N86: 条件与 | O86: 1707533 | Q86: =IF(0=A86,Q85,A86) -> 2022 | R86: 1000 | W86: 2 | X86: 22
B87: =IF(A87=0,"",INT(A87/1000)) | C87: =IF($A87=0,"",IF(VLOOKUP($A87,成就条件映射!$A$4:$D$66,2)=0,"",VLOOKUP($A87,成就条件映射!$A$4:$D$66,2))) | D87: =IF($A87=0,"",IF(VLOOKUP($A87,成就条件映射!$A$4:$D$66,3)=0,"",VLOOKUP($A87,成就条件映射!$A$4:$D$66,3))) | E87: =IF($A87=0,"",IF(VLOOKUP($A87,成就条件映射!$A$4:$D$66,4)=0,"",VLOOKUP($A87,成就条件映射!$A$4:$D$66,4))) | I87: =A84*100+J87 -> 202204 | J87: =IF(MOD(ROW()+2,5)=0,MOD(ROW()+2,5)+5,MOD(ROW()+2,5)) -> 4 | M87: ="achievementAccumulative{achieveId:"&Q87&",count:"&R87&"}" -> achievementAccumulative{achieveId:2022,count:3000} | N87: 条件与 | O87: 1707534 | Q87: =IF(0=A87,Q86,A87) -> 2022 | R87: 3000 | W87: 2 | X87: 22
C88: =IF($A88=0,"",IF(VLOOKUP($A88,成就条件映射!$A$4:$D$66,2)=0,"",VLOOKUP($A88,成就条件映射!$A$4:$D$66,2))) | D88: =IF($A88=0,"",IF(VLOOKUP($A88,成就条件映射!$A$4:$D$66,3)=0,"",VLOOKUP($A88,成就条件映射!$A$4:$D$66,3))) | E88: =IF($A88=0,"",IF(VLOOKUP($A88,成就条件映射!$A$4:$D$66,4)=0,"",VLOOKUP($A88,成就条件映射!$A$4:$D$66,4))) | I88: =A84*100+J88 -> 202205 | J88: =IF(MOD(ROW()+2,5)=0,MOD(ROW()+2,5)+5,MOD(ROW()+2,5)) -> 5 | M88: ="achievementAccumulative{achieveId:"&Q88&",count:"&R88&"}" -> achievementAccumulative{achieveId:2022,count:5000} | N88: 条件与 | O88: 1707535 | Q88: =IF(0=A88,Q87,A88) -> 2022 | R88: 5000 | W88: 2 | X88: 22
A89: =W89*1000+X89 -> 2023 | C89: =IF($A89=0,"",IF(VLOOKUP($A89,成就条件映射!$A$4:$D$66,2)=0,"",VLOOKUP($A89,成就条件映射!$A$4:$D$66,2))) | D89: =IF($A89=0,"",IF(VLOOKUP($A89,成就条件映射!$A$4:$D$66,3)=0,"",VLOOKUP($A89,成就条件映射!$A$4:$D$66,3))) | E89: =IF($A89=0,"",IF(VLOOKUP($A89,成就条件映射!$A$4:$D$66,4)=0,"",VLOOKUP($A89,成就条件映射!$A$4:$D$66,4))) | F89: 3 | G89: icon_n_challengemanual | H89: ="icon_kim_"&Y89 -> icon_kim_ | I89: =A89*100+J89 -> 202301 | J89: =IF(MOD(ROW()+2,5)=0,MOD(ROW()+2,5)+5,MOD(ROW()+2,5)) -> 1 | M89: ="achievementAccumulative{achieveId:"&Q89&",count:"&R89&"}" -> achievementAccumulative{achieveId:2023,count:1} | N89: 条件与 | O89: 1707531 | Q89: =IF(0=A89,Q88,A89) -> 2023 | R89: 1 | W89: 2 | X89: 23
C90: =IF($A90=0,"",IF(VLOOKUP($A90,成就条件映射!$A$4:$D$66,2)=0,"",VLOOKUP($A90,成就条件映射!$A$4:$D$66,2))) | D90: =IF($A90=0,"",IF(VLOOKUP($A90,成就条件映射!$A$4:$D$66,3)=0,"",VLOOKUP($A90,成就条件映射!$A$4:$D$66,3))) | E90: =IF($A90=0,"",IF(VLOOKUP($A90,成就条件映射!$A$4:$D$66,4)=0,"",VLOOKUP($A90,成就条件映射!$A$4:$D$66,4))) | I90: =A89*100+J90 -> 202302 | J90: =IF(MOD(ROW()+2,5)=0,MOD(ROW()+2,5)+5,MOD(ROW()+2,5)) -> 2 | M90: ="achievementAccumulative{achieveId:"&Q90&",count:"&R90&"}" -> achievementAccumulative{achieveId:2023,count:2} | N90: 条件与 | O90: 1707532 | Q90: =IF(0=A90,Q89,A90) -> 2023 | R90: 2 | W90: 2 | X90: 23
B91: =IF(A91=0,"",INT(A91/1000)) | C91: =IF($A91=0,"",IF(VLOOKUP($A91,成就条件映射!$A$4:$D$66,2)=0,"",VLOOKUP($A91,成就条件映射!$A$4:$D$66,2))) | D91: =IF($A91=0,"",IF(VLOOKUP($A91,成就条件映射!$A$4:$D$66,3)=0,"",VLOOKUP($A91,成就条件映射!$A$4:$D$66,3))) | E91: =IF($A91=0,"",IF(VLOOKUP($A91,成就条件映射!$A$4:$D$66,4)=0,"",VLOOKUP($A91,成就条件映射!$A$4:$D$66,4))) | I91: =A89*100+J91 -> 202303 | J91: =IF(MOD(ROW()+2,5)=0,MOD(ROW()+2,5)+5,MOD(ROW()+2,5)) -> 3 | M91: ="achievementAccumulative{achieveId:"&Q91&",count:"&R91&"}" -> achievementAccumulative{achieveId:2023,count:3} | N91: 条件与 | O91: 1707533 | Q91: =IF(0=A91,Q90,A91) -> 2023 | R91: 3 | W91: 2 | X91: 23
B92: =IF(A92=0,"",INT(A92/1000)) | C92: =IF($A92=0,"",IF(VLOOKUP($A92,成就条件映射!$A$4:$D$66,2)=0,"",VLOOKUP($A92,成就条件映射!$A$4:$D$66,2))) | D92: =IF($A92=0,"",IF(VLOOKUP($A92,成就条件映射!$A$4:$D$66,3)=0,"",VLOOKUP($A92,成就条件映射!$A$4:$D$66,3))) | E92: =IF($A92=0,"",IF(VLOOKUP($A92,成就条件映射!$A$4:$D$66,4)=0,"",VLOOKUP($A92,成就条件映射!$A$4:$D$66,4))) | I92: =A89*100+J92 -> 202304 | J92: =IF(MOD(ROW()+2,5)=0,MOD(ROW()+2,5)+5,MOD(ROW()+2,5)) -> 4 | M92: ="achievementAccumulative{achieveId:"&Q92&",count:"&R92&"}" -> achievementAccumulative{achieveId:2023,count:4} | N92: 条件与 | O92: 1707534 | Q92: =IF(0=A92,Q91,A92) -> 2023 | R92: 4 | W92: 2 | X92: 23
B93: =IF(A93=0,"",INT(A93/1000)) | C93: =IF($A93=0,"",IF(VLOOKUP($A93,成就条件映射!$A$4:$D$66,2)=0,"",VLOOKUP($A93,成就条件映射!$A$4:$D$66,2))) | D93: =IF($A93=0,"",IF(VLOOKUP($A93,成就条件映射!$A$4:$D$66,3)=0,"",VLOOKUP($A93,成就条件映射!$A$4:$D$66,3))) | E93: =IF($A93=0,"",IF(VLOOKUP($A93,成就条件映射!$A$4:$D$66,4)=0,"",VLOOKUP($A93,成就条件映射!$A$4:$D$66,4))) | I93: =A89*100+J93 -> 202305 | J93: =IF(MOD(ROW()+2,5)=0,MOD(ROW()+2,5)+5,MOD(ROW()+2,5)) -> 5 | M93: ="achievementAccumulative{achieveId:"&Q93&",count:"&R93&"}" -> achievementAccumulative{achieveId:2023,count:5} | N93: 条件与 | O93: 1707535 | Q93: =IF(0=A93,Q92,A93) -> 2023 | R93: 5 | W93: 2 | X93: 23
A94: =W94*1000+X94 -> 3001 | B94: =IF(A94=0,"",INT(A94/1000)) -> 3 | C94: TID_HeroAchievementConf_1001_name_CN_Main | D94: TID_HeroAchievementConf_3001_des_CN_Main | E94: TID_HeroAchievementConf_1001_des2_CN_Main | F94: 1 | G94: icon_n_challengemanual | H94: ="icon_copper_"&Y94 -> icon_copper_07 | I94: =A94*100+J94 -> 300101 | J94: =IF(MOD(ROW()+2,5)=0,MOD(ROW()+2,5)+5,MOD(ROW()+2,5)) -> 1 | K94: 7253 | L94: 7253 | M94: ="achievementAccumulative{achieveId:"&Q94&",count:"&R94&"}" -> achievementAccumulative{achieveId:3001,count:40000} | N94: 条件与 | O94: 1707511 | Q94: =IF(0=A94,Q93,A94) -> 3001 | R94: 40000 | W94: 3 | X94: 1 | Y94: 07 | Z94: =IF($A94=0,"",IF(VLOOKUP($A94,成就条件映射!$A$4:$D$66,2)=0,"",VLOOKUP($A94,成就条件映射!$A$4:$D$66,2))) -> 攻克资源点 | AA94: =IF($A94=0,"",IF(VLOOKUP($A94,成就条件映射!$A$4:$D$66,3)=0,"",VLOOKUP($A94,成就条件映射!$A$4:$D$66,3))) -> 在与<color=#ffc766>资源点守军</color>战斗中，我方部队使用<color=#ffc766>指挥技能</color>累计造成的<color=#ffc766>伤害量</color> | AB94: =IF($A94=0,"",IF(VLOOKUP($A94,成就条件映射!$A$4:$D$66,4)=0,"",VLOOKUP($A94,成就条件映射!$A$4:$D$66,4))) -> 当前累计伤害
B95: =IF(A95=0,"",INT(A95/1000)) | C95: =IF($A95=0,"",IF(VLOOKUP($A95,成就条件映射!$A$4:$D$66,2)=0,"",VLOOKUP($A95,成就条件映射!$A$4:$D$66,2))) | D95: =IF($A95=0,"",IF(VLOOKUP($A95,成就条件映射!$A$4:$D$66,3)=0,"",VLOOKUP($A95,成就条件映射!$A$4:$D$66,3))) | E95: =IF($A95=0,"",IF(VLOOKUP($A95,成就条件映射!$A$4:$D$66,4)=0,"",VLOOKUP($A95,成就条件映射!$A$4:$D$66,4))) | I95: =A94*100+J95 -> 300102 | J95: =IF(MOD(ROW()+2,5)=0,MOD(ROW()+2,5)+5,MOD(ROW()+2,5)) -> 2 | K95: 7253 | L95: 7253 | M95: ="achievementAccumulative{achieveId:"&Q95&",count:"&R95&"}" -> achievementAccumulative{achieveId:3001,count:650000} | N95: 条件与 | O95: 1707512 | Q95: =IF(0=A95,Q94,A95) -> 3001 | R95: 650000 | W95: 3 | X95: 1
B96: =IF(A96=0,"",INT(A96/1000)) | C96: =IF($A96=0,"",IF(VLOOKUP($A96,成就条件映射!$A$4:$D$66,2)=0,"",VLOOKUP($A96,成就条件映射!$A$4:$D$66,2))) | D96: =IF($A96=0,"",IF(VLOOKUP($A96,成就条件映射!$A$4:$D$66,3)=0,"",VLOOKUP($A96,成就条件映射!$A$4:$D$66,3))) | E96: =IF($A96=0,"",IF(VLOOKUP($A96,成就条件映射!$A$4:$D$66,4)=0,"",VLOOKUP($A96,成就条件映射!$A$4:$D$66,4))) | I96: =A94*100+J96 -> 300103 | J96: =IF(MOD(ROW()+2,5)=0,MOD(ROW()+2,5)+5,MOD(ROW()+2,5)) -> 3 | K96: 7253 | L96: 7253 | M96: ="achievementAccumulative{achieveId:"&Q96&",count:"&R96&"}" -> achievementAccumulative{achieveId:3001,count:4000000} | N96: 条件与 | O96: 1707513 | Q96: =IF(0=A96,Q95,A96) -> 3001 | R96: 4000000 | W96: 3 | X96: 1
B97: =IF(A97=0,"",INT(A97/1000)) | C97: =IF($A97=0,"",IF(VLOOKUP($A97,成就条件映射!$A$4:$D$66,2)=0,"",VLOOKUP($A97,成就条件映射!$A$4:$D$66,2))) | D97: =IF($A97=0,"",IF(VLOOKUP($A97,成就条件映射!$A$4:$D$66,3)=0,"",VLOOKUP($A97,成就条件映射!$A$4:$D$66,3))) | E97: =IF($A97=0,"",IF(VLOOKUP($A97,成就条件映射!$A$4:$D$66,4)=0,"",VLOOKUP($A97,成就条件映射!$A$4:$D$66,4))) | I97: =A94*100+J97 -> 300104 | J97: =IF(MOD(ROW()+2,5)=0,MOD(ROW()+2,5)+5,MOD(ROW()+2,5)) -> 4 | K97: 7253 | L97: 7253 | M97: ="achievementAccumulative{achieveId:"&Q97&",count:"&R97&"}" -> achievementAccumulative{achieveId:3001,count:15000000} | N97: 条件与 | O97: 1707514 | Q97: =IF(0=A97,Q96,A97) -> 3001 | R97: 15000000 | W97: 3 | X97: 1
B98: =IF(A98=0,"",INT(A98/1000)) | C98: =IF($A98=0,"",IF(VLOOKUP($A98,成就条件映射!$A$4:$D$66,2)=0,"",VLOOKUP($A98,成就条件映射!$A$4:$D$66,2))) | D98: =IF($A98=0,"",IF(VLOOKUP($A98,成就条件映射!$A$4:$D$66,3)=0,"",VLOOKUP($A98,成就条件映射!$A$4:$D$66,3))) | E98: =IF($A98=0,"",IF(VLOOKUP($A98,成就条件映射!$A$4:$D$66,4)=0,"",VLOOKUP($A98,成就条件映射!$A$4:$D$66,4))) | I98: =A94*100+J98 -> 300105 | J98: =IF(MOD(ROW()+2,5)=0,MOD(ROW()+2,5)+5,MOD(ROW()+2,5)) -> 5 | K98: 7253 | L98: 7253 | M98: ="achievementAccumulative{achieveId:"&Q98&",count:"&R98&"}" -> achievementAccumulative{achieveId:3001,count:30000000} | N98: 条件与 | O98: 1707515 | Q98: =IF(0=A98,Q97,A98) -> 3001 | R98: 30000000 | W98: 3 | X98: 1
A99: =W99*1000+X99 -> 3002 | B99: =IF(A99=0,"",INT(A99/1000)) -> 3 | C99: TID_HeroAchievementConf_1002_name_CN_Main | D99: TID_HeroAchievementConf_3002_des_CN_Main | E99: TID_HeroAchievementConf_1001_des2_CN_Main | F99: 1 | G99: icon_n_challengemanual | H99: ="icon_copper_"&Y99 -> icon_copper_10 | I99: =A99*100+J99 -> 300201 | J99: =IF(MOD(ROW()+2,5)=0,MOD(ROW()+2,5)+5,MOD(ROW()+2,5)) -> 1 | K99: 7254 | L99: 7254 | M99: ="achievementAccumulative{achieveId:"&Q99&",count:"&R99&"}" -> achievementAccumulative{achieveId:3002,count:40000} | N99: 条件与 | O99: 1707511 | Q99: =IF(0=A99,Q98,A99) -> 3002 | R99: 40000 | W99: 3 | X99: 2 | Y99: 10 | Z99: =IF($A99=0,"",IF(VLOOKUP($A99,成就条件映射!$A$4:$D$66,2)=0,"",VLOOKUP($A99,成就条件映射!$A$4:$D$66,2))) -> 蛮族讨伐 | AA99: =IF($A99=0,"",IF(VLOOKUP($A99,成就条件映射!$A$4:$D$66,3)=0,"",VLOOKUP($A99,成就条件映射!$A$4:$D$66,3))) -> 在与<color=#ffc766>野外蛮族</color>战斗中，我方部队使用<color=#ffc766>指挥技能</color>累计造成的<color=#ffc766>伤害量</color> | AB99: =IF($A99=0,"",IF(VLOOKUP($A99,成就条件映射!$A$4:$D$66,4)=0,"",VLOOKUP($A99,成就条件映射!$A$4:$D$66,4))) -> 当前累计伤害
B100: =IF(A100=0,"",INT(A100/1000)) | C100: =IF($A100=0,"",IF(VLOOKUP($A100,成就条件映射!$A$4:$D$66,2)=0,"",VLOOKUP($A100,成就条件映射!$A$4:$D$66,2))) | D100: =IF($A100=0,"",IF(VLOOKUP($A100,成就条件映射!$A$4:$D$66,3)=0,"",VLOOKUP($A100,成就条件映射!$A$4:$D$66,3))) | E100: =IF($A100=0,"",IF(VLOOKUP($A100,成就条件映射!$A$4:$D$66,4)=0,"",VLOOKUP($A100,成就条件映射!$A$4:$D$66,4))) | I100: =A99*100+J100 -> 300202 | J100: =IF(MOD(ROW()+2,5)=0,MOD(ROW()+2,5)+5,MOD(ROW()+2,5)) -> 2 | K100: 7254 | L100: 7254 | M100: ="achievementAccumulative{achieveId:"&Q100&",count:"&R100&"}" -> achievementAccumulative{achieveId:3002,count:680000} | N100: 条件与 | O100: 1707512 | Q100: =IF(0=A100,Q99,A100) -> 3002 | R100: 680000 | W100: 3 | X100: 2
...

Sheet 成就条件映射
A1: convert(ResHero.proto, table_AchievementRealizeCondition, AchievementRealizeCondition.pbin)
A2: 成就目标Id | B2: 成就名称 | C2: 成就描述 | D2: 目标描述 | E2: 条件类别 | F2: 己方兵种 | G2: 战场环境 | H2: 技能类别 | I2: 技能类别关系 | J2: 技能id | K2: 计数类别 | M2: 额外参数 | N2: 时间参数
A3: achieveId | E3: conditionType | F3: soldierType | G3: envType[;] | H3: skillType[;] | I3: skillTypeRelation | J3: skillId[;] | K3: countType | M3: extraInfo | N3: timeDurationSec
A4: =O4*1000+P4+(Q4-1)*10 -> 1001 | B4: 攻克资源点 | C4: 在与<color=#ffc766>资源点守军</color>战斗中，我方<color=#ffc766>剑士</color>部队使用<color=#ffc766>固有</color><color=#ffc766>主动技能</color>累计造成的<color=#ffc766>伤害量</color> | D4: 当前累计伤害 | E4: 累计型 | F4: 剑士 | G4: 打田 | H4: 主动技;固有技能 | I4: TRUE | K4: 伤害量 | O4: =INT((ROW()-4)/9)+1 -> 1 | P4: 1 | Q4: 1
A5: =O5*1000+P5+(Q5-1)*10 -> 1002 | B5: 蛮族讨伐 | C5: 在与<color=#ffc766>野外蛮族</color>战斗中，我方<color=#ffc766>剑士</color>部队使用<color=#ffc766>固有</color><color=#ffc766>主动技能</color>累计造成的<color=#ffc766>伤害量</color> | D5: 当前累计伤害 | E5: 累计型 | F5: 剑士 | G5: 打野 | H5: 主动技;固有技能 | I5: TRUE | K5: 伤害量 | O5: =INT((ROW()-4)/9)+1 -> 1 | P5: 2 | Q5: 1
A6: =O6*1000+P6+(Q6-1)*10 -> 1003 | B6: 野战先锋 | C6: 野外与<color=#ffc766>玩家</color>部队战斗中，我方<color=#ffc766>剑士</color>部队使用<color=#ffc766>固有</color><color=#ffc766>主动技能</color>累计对敌方玩家造成的<color=#ffc766>伤害量</color> | D6: 当前累计伤害 | E6: 累计型 | F6: 剑士 | G6: PVP | H6: 主动技;固有技能 | I6: TRUE | K6: 伤害量 | O6: =INT((ROW()-4)/9)+1 -> 1 | P6: 3 | Q6: 1
A7: =O7*1000+P7+(Q7-1)*10 -> 1011 | B7: 临而不发 | C7: <color=#ffc766>60秒</color>内，我方部队使用<color=#ffc766>准备技能</color>累计造成的<color=#ffc766>最大伤害量</color> | D7: 当前累计伤害 | E7: 限时型 | G7: 全部 | H7: 准备技能 | K7: 伤害量 | N7: 60 | O7: =INT((ROW()-4)/9)+1 -> 1 | P7: 1 | Q7: 2
A8: =O8*1000+P8+(Q8-1)*10 -> 1012 | B8: 一剑西来 | C8: 我方<color=#ffc766>剑士</color>部队使用<color=#ffc766>固有</color><color=#ffc766>主动技能</color>造成的<color=#ffc766>单次最大伤害量</color> | D8: 当前造成伤害 | E8: 单次触发型 | F8: 剑士 | G8: 全部 | H8: 主动技;固有技能 | I8: TRUE | K8: 单次触发最大 | O8: =INT((ROW()-4)/9)+1 -> 1 | P8: 2 | Q8: 2
A9: =O9*1000+P9+(Q9-1)*10 -> 1013 | B9: 北斗七星阵 | C9: <color=#ffc766>集结战斗</color>中，我方<color=#ffc766>剑士</color>部队使用<color=#ffc766>固有</color><color=#ffc766>主动技能</color>累计造成的<color=#ffc766>伤害量</color> | D9: 当前累计伤害 | E9: 累计型 | F9: 剑士 | G9: 身处集结 | H9: 主动技;固有技能 | I9: TRUE | K9: 伤害量 | O9: =INT((ROW()-4)/9)+1 -> 1 | P9: 3 | Q9: 2
A10: =O10*1000+P10+(Q10-1)*10 -> 1021 | B10: 兵家至圣 | C10: 我方部队进入<color=#ffc766>兵圣状态</color>的次数 | D10: 当前累计次数 | E10: 累计型 | G10: 全部 | J10: 101400;101401;101402;101403;101404 | K10: 触发次数 | O10: =INT((ROW()-4)/9)+1 -> 1 | P10: 1 | Q10: 3
A11: =O11*1000+P11+(Q11-1)*10 -> 1022 | B11: 决胜须臾 | C11: 我方<color=#ffc766>剑士</color>部队<color=#ffc766>准备技能</color>进入准备状态后，<color=#ffc766>直接发动效果</color>的总次数 | D11: 当前累计次数 | E11: 累计型 | F11: 剑士 | G11: 全部 | H11: 准备技能 | K11: 直接触发次数 | O11: =INT((ROW()-4)/9)+1 -> 1 | P11: 2 | Q11: 3
A12: =O12*1000+P12+(Q12-1)*10 -> 1023 | O12: =INT((ROW()-4)/9)+1 -> 1 | P12: 3 | Q12: 3
A13: =O13*1000+P13+(Q13-1)*10 -> 2001 | B13: 攻克资源点 | C13: 在与<color=#ffc766>资源点守军</color>战斗中，我方部队累计对敌军施加<color=#ffc766>燃烧</color>或<color=#ffc766>决水</color>状态的次数 | D13: 当前累计次数 | E13: 累计型 | G13: 打田 | J13: 121201;121202;121203;121204;200001;200060;200073;102001;102002;102003;102004 | K13: 触发次数 | O13: =INT((ROW()-4)/9)+1 -> 2 | P13: 1 | Q13: 1
A14: =O14*1000+P14+(Q14-1)*10 -> 2002 | B14: 蛮族讨伐 | C14: 在与<color=#ffc766>野外蛮族</color>战斗中，我方部队累计对敌军施加<color=#ffc766>燃烧</color>或<color=#ffc766>决水</color>状态的次数 | D14: 当前累计次数 | E14: 累计型 | G14: 打野 | J14: 121201;121202;121203;121204;200001;200060;200073;102001;102002;102003;102004 | K14: 触发次数 | O14: =INT((ROW()-4)/9)+1 -> 2 | P14: 2 | Q14: 1
A15: =O15*1000+P15+(Q15-1)*10 -> 2003 | B15: 野战先锋 | C15: 野外与<color=#ffc766>玩家</color>部队战斗中，我方部队累计对敌军施加<color=#ffc766>燃烧</color>或<color=#ffc766>决水</color>状态的次数 | D15: 当前累计次数 | E15: 累计型 | G15: PVP | J15: 121201;121202;121203;121204;200001;200060;200073;102001;102002;102003;102004 | K15: 触发次数 | O15: =INT((ROW()-4)/9)+1 -> 2 | P15: 3 | Q15: 1
A16: =O16*1000+P16+(Q16-1)*10 -> 2011 | B16: 才思泉涌 | C16: <color=#ffc766>30秒</color>内，我方部队累计发动<color=#ffc766>固有</color><color=#ffc766>主动技能</color>的<color=#ffc766>最大次数</color> | D16: 当前累计次数 | E16: 限时型 | G16: 全部 | H16: 主动技;固有技能 | I16: TRUE | K16: 触发次数 | N16: 30 | O16: =INT((ROW()-4)/9)+1 -> 2 | P16: 1 | Q16: 2
A17: =O17*1000+P17+(Q17-1)*10 -> 2012 | B17: 神箭天降 | C17: 我方<color=#ffc766>弓兵</color>部队使用<color=#ffc766>固有</color><color=#ffc766>主动技能</color>造成的<color=#ffc766>单次最大伤害量</color> | D17: 当前造成伤害 | E17: 单次触发型 | F17: 弓兵 | G17: 全部 | H17: 主动技;固有技能 | I17: TRUE | K17: 单次触发最大 | O17: =INT((ROW()-4)/9)+1 -> 2 | P17: 2 | Q17: 2
A18: =O18*1000+P18+(Q18-1)*10 -> 2013 | B18: 万军射潮 | C18: <color=#ffc766>集结战斗</color>中，我方<color=#ffc766>弓兵</color>部队使用<color=#ffc766>固有</color><color=#ffc766>主动技能</color>累计造成的<color=#ffc766>伤害量</color> | D18: 当前累计伤害 | E18: 累计型 | F18: 弓兵 | G18: 身处集结 | H18: 主动技;固有技能 | I18: TRUE | K18: 伤害量 | O18: =INT((ROW()-4)/9)+1 -> 2 | P18: 3 | Q18: 2
A19: =O19*1000+P19+(Q19-1)*10 -> 2021 | B19: 万象奇门 | C19: <color=#ffc766>万象奇门</color>技能累计<color=#ffc766>治疗</color>的士兵数 | D19: 当前累计治疗 | E19: 累计型 | G19: 全部 | J19: 103301;103302;103303;103304 | K19: 治疗量 | O19: =INT((ROW()-4)/9)+1 -> 2 | P19: 1 | Q19: 3
A20: =O20*1000+P20+(Q20-1)*10 -> 2022 | B20: 神乎其技 | C20: 我方<color=#ffc766>弓兵</color>部队<color=#ffc766>准备技能</color>进入准备状态后，<color=#ffc766>直接发动效果</color>的总次数 | D20: 当前累计次数 | E20: 累计型 | F20: 弓兵 | G20: 全部 | H20: 准备技能 | K20: 直接触发次数 | O20: =INT((ROW()-4)/9)+1 -> 2 | P20: 2 | Q20: 3
A21: =O21*1000+P21+(Q21-1)*10 -> 2023 | O21: =INT((ROW()-4)/9)+1 -> 2 | P21: 3 | Q21: 3
A22: =O22*1000+P22+(Q22-1)*10 -> 3001 | B22: 攻克资源点 | C22: 在与<color=#ffc766>资源点守军</color>战斗中，我方部队使用<color=#ffc766>指挥技能</color>累计造成的<color=#ffc766>伤害量</color> | D22: 当前累计伤害 | E22: 累计型 | G22: 打田 | H22: 指挥技 | K22: 伤害量 | O22: =INT((ROW()-4)/9)+1 -> 3 | P22: 1 | Q22: 1
A23: =O23*1000+P23+(Q23-1)*10 -> 3002 | B23: 蛮族讨伐 | C23: 在与<color=#ffc766>野外蛮族</color>战斗中，我方部队使用<color=#ffc766>指挥技能</color>累计造成的<color=#ffc766>伤害量</color> | D23: 当前累计伤害 | E23: 累计型 | G23: 打野 | H23: 指挥技 | K23: 伤害量 | O23: =INT((ROW()-4)/9)+1 -> 3 | P23: 2 | Q23: 1
A24: =O24*1000+P24+(Q24-1)*10 -> 3003 | B24: 野战先锋 | C24: 野外与<color=#ffc766>玩家</color>部队战斗中，我方部队使用<color=#ffc766>指挥技能</color>累计对敌方玩家造成的<color=#ffc766>伤害量</color> | D24: 当前累计伤害 | E24: 累计型 | G24: PVP | H24: 指挥技 | K24: 伤害量 | O24: =INT((ROW()-4)/9)+1 -> 3 | P24: 3 | Q24: 1
A25: =O25*1000+P25+(Q25-1)*10 -> 3011 | B25: 驭兵之道 | C25: <color=#ffc766>30秒</color>内，我方部队累计发动<color=#ffc766>指挥技能</color>的<color=#ffc766>最大次数</color> | D25: 当前累计次数 | E25: 限时型 | G25: 全部 | H25: 指挥技 | K25: 触发次数 | N25: 30 | O25: =INT((ROW()-4)/9)+1 -> 3 | P25: 1 | Q25: 2
A26: =O26*1000+P26+(Q26-1)*10 -> 3012 | B26: 铁军威严 | C26: <color=#ffc766>集结战斗</color>中，我方部队使用<color=#ffc766>指挥技能</color>累计造成的<color=#ffc766>伤害量</color> | D26: 当前累计伤害 | E26: 累计型 | G26: 身处集结 | H26: 指挥技 | K26: 伤害量 | O26: =INT((ROW()-4)/9)+1 -> 3 | P26: 2 | Q26: 2
A27: =O27*1000+P27+(Q27-1)*10 -> 3013 | B27: 手足同心 | C27: <color=#ffc766>60秒</color>内，我方部队累计<color=#ffc766>治疗</color>的士兵数 | D27: 当前累计治疗 | E27: 限时型 | G27: 全部 | H27: 全部 | K27: 治疗量 | N27: 60 | O27: =INT((ROW()-4)/9)+1 -> 3 | P27: 3 | Q27: 2
A28: =O28*1000+P28+(Q28-1)*10 -> 3021 | B28: 荣耀之证 | C28: <color=#ffc766>30秒</color>内，我方部队使用<color=#ffc766>指挥技能</color>累计造成的<color=#ffc766>最大伤害量</color> | D28: 当前累计伤害 | E28: 限时型 | G28: 全部 | H28: 指挥技 | K28: 伤害量 | N28: 30 | O28: =INT((ROW()-4)/9)+1 -> 3 | P28: 1 | Q28: 3
A29: =O29*1000+P29+(Q29-1)*10 -> 3022 | B29: 将军！ | C29: 我方部队使用<color=#ffc766>指挥技能</color>造成的<color=#ffc766>单次最大伤害量</color> | D29: 当前造成伤害 | E29: 单次触发型 | G29: 全部 | H29: 指挥技 | K29: 单次触发最大 | O29: =INT((ROW()-4)/9)+1 -> 3 | P29: 2 | Q29: 3
A30: =O30*1000+P30+(Q30-1)*10 -> 3023 | O30: =INT((ROW()-4)/9)+1 -> 3 | P30: 3 | Q30: 3
A31: =O31*1000+P31+(Q31-1)*10 -> 4001 | B31: 攻克资源点 | C31: 在与<color=#ffc766>资源点守军</color>战斗中，我方部队使用<color=#ffc766>被动技能</color>累计造成的<color=#ffc766>伤害量</color> | D31: 当前累计伤害 | E31: 累计型 | G31: 打田 | H31: 被动技 | K31: 伤害量 | O31: =INT((ROW()-4)/9)+1 -> 4 | P31: 1 | Q31: 1
A32: =O32*1000+P32+(Q32-1)*10 -> 4002 | B32: 蛮族讨伐 | C32: 在与<color=#ffc766>野外蛮族</color>战斗中，我方部队使用<color=#ffc766>被动技能</color>累计造成的<color=#ffc766>伤害量</color> | D32: 当前累计伤害 | E32: 累计型 | G32: 打野 | H32: 被动技 | K32: 伤害量 | O32: =INT((ROW()-4)/9)+1 -> 4 | P32: 2 | Q32: 1
A33: =O33*1000+P33+(Q33-1)*10 -> 4003 | B33: 野战先锋 | C33: 野外与<color=#ffc766>玩家</color>部队战斗中，我方部队使用<color=#ffc766>被动技能</color>累计对敌方玩家造成的<color=#ffc766>伤害量</color> | D33: 当前累计伤害 | E33: 累计型 | G33: PVP | H33: 被动技 | K33: 伤害量 | O33: =INT((ROW()-4)/9)+1 -> 4 | P33: 3 | Q33: 1
A34: =O34*1000+P34+(Q34-1)*10 -> 4011 | B34: 以牙还牙 | C34: <color=#ffc766>30秒</color>内，我方部队累计发动<color=#ffc766>反击</color>攻击的<color=#ffc766>最大次数</color> | D34: 当前累计次数 | E34: 限时型 | G34: 全部 | J34: 101101;101102;101103;101104;102501;102502;102503;102504;102701;102703;102704;200037;200040;200100;200119 | K34: 触发次数 | N34: 30 | O34: =INT((ROW()-4)/9)+1 -> 4 | P34: 1 | Q34: 2
A35: =O35*1000+P35+(Q35-1)*10 -> 4012 | B35: 巴巴罗萨 | C35: <color=#ffc766>不败誓言</color>技能累计<color=#ffc766>治疗</color>的士兵数 | D35: 当前累计治疗 | E35: 累计型 | G35: 全部 | J35: 101701;101702;101703;101704 | K35: 治疗量 | O35: =INT((ROW()-4)/9)+1 -> 4 | P35: 2 | Q35: 2
A36: =O36*1000+P36+(Q36-1)*10 -> 4013 | O36: =INT((ROW()-4)/9)+1 -> 4 | P36: 3 | Q36: 2
A37: =O37*1000+P37+(Q37-1)*10 -> 4021 | B37: 谁在打我？ | C37: <color=#ffc766>30秒</color>内，我方部队使用<color=#ffc766>反击</color>类技能累计造成的<color=#ffc766>最大伤害量</color> | D37: 当前累计伤害 | E37: 限时型 | G37: 全部 | J37: 101101;101102;101103;101104;102501;102502;102503;102504;102701;102703;102704;200037;200040;200100;200119 | K37: 伤害量 | N37: 30 | O37: =INT((ROW()-4)/9)+1 -> 4 | P37: 1 | Q37: 3
A38: =O38*1000+P38+(Q38-1)*10 -> 4022 | B38: 绝处逢生 | C38: 我方部队使用<color=#ffc766>被动技能</color>造成的<color=#ffc766>单次最大伤害量</color> | D38: 当前战胜人数 | E38: 单次触发型 | G38: 全部 | H38: 被动技 | K38: 单次触发最大 | N38: -1 | O38: =INT((ROW()-4)/9)+1 -> 4 | P38: 2 | Q38: 3
A39: =O39*1000+P39+(Q39-1)*10 -> 4023 | O39: =INT((ROW()-4)/9)+1 -> 4 | P39: 3 | Q39: 3
A40: =O40*1000+P40+(Q40-1)*10 -> 5001 | B40: 攻克资源点 | C40: 在与<color=#ffc766>资源点守军</color>战斗中，我方部队使用<color=#ffc766>追击技能</color>累计造成的<color=#ffc766>武力</color><color=#ffc766>伤害量</color> | D40: 当前累计伤害 | E40: 累计型 | G40: 打田 | H40: 追击技 | K40: 武力伤害 | O40: =INT((ROW()-4)/9)+1 -> 5 | P40: 1 | Q40: 1
A41: =O41*1000+P41+(Q41-1)*10 -> 5002 | B41: 蛮族讨伐 | C41: 在与<color=#ffc766>野外蛮族</color>战斗中，我方部队使用<color=#ffc766>追击技能</color>累计造成的<color=#ffc766>武力</color><color=#ffc766>伤害量</color> | D41: 当前累计伤害 | E41: 累计型 | G41: 打野 | H41: 追击技 | K41: 武力伤害 | O41: =INT((ROW()-4)/9)+1 -> 5 | P41: 2 | Q41: 1
A42: =O42*1000+P42+(Q42-1)*10 -> 5003 | B42: 野战先锋 | C42: 野外与<color=#ffc766>玩家</color>部队战斗中，我方部队使用<color=#ffc766>追击技能</color>累计对敌方玩家造成的<color=#ffc766>武力</color><color=#ffc766>伤害量</color> | D42: 当前累计伤害 | E42: 累计型 | G42: PVP | H42: 追击技 | K42: 武力伤害 | O42: =INT((ROW()-4)/9)+1 -> 5 | P42: 3 | Q42: 1
A43: =O43*1000+P43+(Q43-1)*10 -> 5011 | B43: 无尽追击 | C43: <color=#ffc766>30秒</color>内，我方部队累计发动<color=#ffc766>追击技能</color>的<color=#ffc766>最大次数</color> | D43: 当前累计次数 | E43: 限时型 | G43: 全部 | H43: 追击技 | K43: 触发次数 | N43: 30 | O43: =INT((ROW()-4)/9)+1 -> 5 | P43: 1 | Q43: 2
A44: =O44*1000+P44+(Q44-1)*10 -> 5012 | B44: 狼群狂猎 | C44: <color=#ffc766>集结战斗</color>中，我方部队使用<color=#ffc766>追击技能</color>累计造成的<color=#ffc766>武力</color><color=#ffc766>伤害量</color> | D44: 当前累计伤害 | E44: 累计型 | G44: 身处集结 | H44: 追击技 | K44: 武力伤害 | O44: =INT((ROW()-4)/9)+1 -> 5 | P44: 2 | Q44: 2
A45: =O45*1000+P45+(Q45-1)*10 -> 5013 | O45: =INT((ROW()-4)/9)+1 -> 5 | P45: 3 | Q45: 2
A46: =O46*1000+P46+(Q46-1)*10 -> 5021 | B46: 真正的野蛮 | C46: 在<color=#ffc766>单场战斗</color>中，<color=#ffc766>普通攻击</color>累计造成的<color=#ffc766>最大伤害量</color>（包括暴击） | D46: 当前累计伤害 | E46: 单次战斗中 | G46: 全部 | H46: 全部 | K46: 累计普攻伤害 | O46: =INT((ROW()-4)/9)+1 -> 5 | P46: 1 | Q46: 3
A47: =O47*1000+P47+(Q47-1)*10 -> 5022 | B47: 一刺穿心 | C47: 我方部队<color=#ffc766>追击技能</color>造成的<color=#ffc766>单次最大武力</color><color=#ffc766>伤害量</color> | D47: 当前造成伤害 | E47: 单次触发型 | G47: 全部 | H47: 追击技 | K47: 单次触发武力最大 | O47: =INT((ROW()-4)/9)+1 -> 5 | P47: 2 | Q47: 3
A48: =O48*1000+P48+(Q48-1)*10 -> 5023 | O48: =INT((ROW()-4)/9)+1 -> 5 | P48: 3 | Q48: 3
A49: =O49*1000+P49+(Q49-1)*10 -> 6001 | B49: 攻克资源点 | C49: 在与<color=#ffc766>资源点守军</color>战斗中，我方部队使用<color=#ffc766>追击技能</color>累计造成的<color=#ffc766>谋略</color><color=#ffc766>伤害量</color> | D49: 当前累计伤害 | E49: 累计型 | G49: 打田 | H49: 追击技 | K49: 谋略伤害 | O49: =INT((ROW()-4)/9)+1 -> 6 | P49: 1 | Q49: 1
A50: =O50*1000+P50+(Q50-1)*10 -> 6002 | B50: 蛮族讨伐 | C50: 在与<color=#ffc766>野外蛮族</color>战斗中，我方部队使用<color=#ffc766>追击技能</color>累造成的<color=#ffc766>谋略</color><color=#ffc766>伤害量</color> | D50: 当前累计伤害 | E50: 累计型 | G50: 打野 | H50: 追击技 | K50: 谋略伤害 | O50: =INT((ROW()-4)/9)+1 -> 6 | P50: 2 | Q50: 1
A51: =O51*1000+P51+(Q51-1)*10 -> 6003 | B51: 野战先锋 | C51: 野外与<color=#ffc766>玩家</color>部队战斗中，我方部队使用<color=#ffc766>追击技能</color>累计对敌方玩家造成的<color=#ffc766>谋略</color><color=#ffc766>伤害量</color> | D51: 当前累计伤害 | E51: 累计型 | G51: PVP | H51: 追击技 | K51: 谋略伤害 | O51: =INT((ROW()-4)/9)+1 -> 6 | P51: 3 | Q51: 1
A52: =O52*1000+P52+(Q52-1)*10 -> 6011 | B52: 法典之佑 | C52: <color=#ffc766>防御突击</color>技能累计<color=#ffc766>治疗</color>的士兵数 | D52: 当前累计治疗 | E52: 累计型 | G52: 全部 | J52: 101001;101002;101003;101004 | K52: 治疗量 | O52: =INT((ROW()-4)/9)+1 -> 6 | P52: 1 | Q52: 2
A53: =O53*1000+P53+(Q53-1)*10 -> 6012 | B53: 文明倾轧 | C53: 在<color=#ffc766>集结战斗</color>中，我方部队使用<color=#ffc766>追击技能</color>累计造成的<color=#ffc766>谋略</color><color=#ffc766>伤害量</color> | D53: 当前累计伤害 | E53: 累计型 | G53: 身处集结 | H53: 追击技 | K53: 谋略伤害 | O53: =INT((ROW()-4)/9)+1 -> 6 | P53: 2 | Q53: 2
A54: =O54*1000+P54+(Q54-1)*10 -> 6013 | O54: =INT((ROW()-4)/9)+1 -> 6 | P54: 3 | Q54: 2
A55: =O55*1000+P55+(Q55-1)*10 -> 6021 | B55: 翻越阿尔卑斯 | C55: 我方部队累计获取敌军玩家主将<color=#ffc766>属性弱化</color>值的次数 | D55: 当前累计次数 | E55: 累计型 | G55: PVP | J55: 102300 | K55: 触发次数 | O55: =INT((ROW()-4)/9)+1 -> 6 | P55: 1 | Q55: 3
A56: =O56*1000+P56+(Q56-1)*10 -> 6022 | B56: 文武双全 | C56: 我方部队使用<color=#ffc766>追击技能</color>造成的<color=#ffc766>单次最大谋略</color><color=#ffc766>伤害量</color> | D56: 当前造成伤害 | E56: 单次触发型 | G56: 全部 | H56: 追击技 | K56: 单次触发谋略最大 | N56: 30 | O56: =INT((ROW()-4)/9)+1 -> 6 | P56: 2 | Q56: 3
A57: =O57*1000+P57+(Q57-1)*10 -> 6023 | O57: =INT((ROW()-4)/9)+1 -> 6 | P57: 3 | Q57: 3
A58: =O58*1000+P58+(Q58-1)*10 -> 7001 | B58: 攻克资源点 | C58: 在与<color=#ffc766>资源点守军</color>战斗中，我方部队使用<color=#ffc766>主将技</color>累计造成的<color=#ffc766>伤害量</color> | D58: 当前累计伤害 | E58: 累计型 | G58: 打田 | H58: 主将技 | K58: 伤害量 | O58: =INT((ROW()-4)/9)+1 -> 7 | P58: 1 | Q58: 1
A59: =O59*1000+P59+(Q59-1)*10 -> 7002 | B59: 蛮族讨伐 | C59: 在与<color=#ffc766>野外蛮族</color>战斗中，我方部队使用<color=#ffc766>主将技</color>累计造成的<color=#ffc766>伤害量</color> | D59: 当前累计伤害 | E59: 累计型 | G59: 打野 | H59: 主将技 | K59: 伤害量 | O59: =INT((ROW()-4)/9)+1 -> 7 | P59: 2 | Q59: 1
A60: =O60*1000+P60+(Q60-1)*10 -> 7003 | B60: 野战先锋 | C60: 野外与<color=#ffc766>玩家</color>部队战斗中，我方部队使用<color=#ffc766>主将技</color>累计对敌方玩家造成的<color=#ffc766>伤害量</color> | D60: 当前累计伤害 | E60: 累计型 | G60: PVP | H60: 主将技 | K60: 伤害量 | O60: =INT((ROW()-4)/9)+1 -> 7 | P60: 3 | Q60: 1
A61: =O61*1000+P61+(Q61-1)*10 -> 7011 | B61: 品德教育 | C61: 我方部队使用<color=#ffc766>固有</color><color=#ffc766>主动技能</color>，降低敌方玩家属性的次数 | D61: 当前累计次数 | E61: 累计型 | G61: PVP | J61: 101501;100801;100802;100803;100804 | K61: 触发次数 | O61: =INT((ROW()-4)/9)+1 -> 7 | P61: 1 | Q61: 2
A62: =O62*1000+P62+(Q62-1)*10 -> 7012 | B62: 天子一怒 | C62: 我方部队使用<color=#ffc766>固有技能</color>，累计回复的怒气量 | D62: 当前累计回复 | E62: 累计型 | G62: 全部 | H62: 固有技能 | J62: 100601;100602;100603;100604;101201;101202;101203;101204 | K62: 回魔量 | O62: =INT((ROW()-4)/9)+1 -> 7 | P62: 2 | Q62: 2
A63: =O63*1000+P63+(Q63-1)*10 -> 7013 | O63: =INT((ROW()-4)/9)+1 -> 7 | P63: 3 | Q63: 2
A64: =O64*1000+P64+(Q64-1)*10 -> 7021 | B64: 众卿平身 | C64: 我方部队<color=#ffc766>主将技</color>造成的<color=#ffc766>单次最大伤害量</color> | D64: 当前造成伤害 | E64: 单次触发型 | G64: 全部 | H64: 主将技 | K64: 单次触发最大 | O64: =INT((ROW()-4)/9)+1 -> 7 | P64: 1 | Q64: 3
A65: =O65*1000+P65+(Q65-1)*10 -> 7022 | B65: 六合绝艺 | C65: <color=#ffc766>60秒</color>内，我方部队累计发动的<color=#ffc766>主将技</color>次数 | D65: 当前累计次数 | E65: 限时型 | G65: 全部 | H65: 主将技 | K65: 触发次数 | N65: 60 | O65: =INT((ROW()-4)/9)+1 -> 7 | P65: 2 | Q65: 3
A66: =O66*1000+P66+(Q66-1)*10 -> 7023 | O66: =INT((ROW()-4)/9)+1 -> 7 | P66: 3 | Q66: 3

Sheet 成就关键字
A1: convert(ResHero.proto, table_AchievementKeyWordsConf, AchievementKeyWordsConf.pbin)
A2: id | B2: 特性名 | C2: 特性解释
A3: id | B3: name | C3: desc
A4: 1 | B4: TID_AchievementKeyWordsConf_1_name_CN_Main | C4: TID_AchievementKeyWordsConf_1_desc_CN_Main
A5: 2 | B5: TID_AchievementKeyWordsConf_2_name_CN_Main | C5: TID_AchievementKeyWordsConf_2_desc_CN_Main
A6: 3 | B6: TID_AchievementKeyWordsConf_3_name_CN_Main | C6: TID_AchievementKeyWordsConf_3_desc_CN_Main
A7: 4 | B7: TID_AchievementKeyWordsConf_4_name_CN_Main | C7: TID_AchievementKeyWordsConf_4_desc_CN_Main
A8: 5 | B8: TID_AchievementKeyWordsConf_5_name_CN_Main | C8: TID_AchievementKeyWordsConf_5_desc_CN_Main
A9: 6 | B9: TID_AchievementKeyWordsConf_6_name_CN_Main | C9: TID_AchievementKeyWordsConf_6_desc_CN_Main
A10: 7 | B10: TID_AchievementKeyWordsConf_7_name_CN_Main | C10: TID_AchievementKeyWordsConf_7_desc_CN_Main
A11: 8 | B11: TID_AchievementKeyWordsConf_8_name_CN_Main | C11: TID_AchievementKeyWordsConf_8_desc_CN_Main
A12: 9 | B12: TID_AchievementKeyWordsConf_9_name_CN_Main | C12: TID_AchievementKeyWordsConf_9_desc_CN_Main
A13: 10 | B13: TID_AchievementKeyWordsConf_10_name_CN_Main | C13: TID_AchievementKeyWordsConf_10_desc_CN_Main
A14: 11 | B14: TID_AchievementKeyWordsConf_11_name_CN_Main | C14: TID_AchievementKeyWordsConf_11_desc_CN_Main
A15: 12 | B15: TID_AchievementKeyWordsConf_12_name_CN_Main | C15: TID_AchievementKeyWordsConf_12_desc_CN_Main
... A19: 16 | B19: TID_AchievementKeyWordsConf_16_name_CN_Main | C19: TID_AchievementKeyWordsConf_16_desc_CN_Main

Sheet 技能场景配置
A1: convert(ResBattleCore.proto, table_CombatEnv4HeroAchievementConf, CombatEnv4HeroAchievementConf.pbin)
A2: 战场环境 | B2: 攻击方类型 | C2: 防御方类型 | D2: 战斗地图场景
A3: env | B3: combatEnvUnits.attackerType | C3: combatEnvUnits.defenderType | D3: combatEnvUnits.worldScene
A4: PVP | B4: 部队 | C4: 部队 | D4: 大地图
B5: 部队 | C5: 集结部队 | D5: 大地图
A6: 打野 | B6: 部队 | C6: 野怪 | D6: 大地图
B7: 部队 | C7: 挑衅野怪 | D7: 大地图
A8: 打田 | B8: 部队 | C8: 资源田野怪 | D8: 大地图
A9: 身处集结 | B9: 集结部队 | C9: 所有类型 | D9: 大地图
B10: 玩家主城 | C10: 所有类型 | D10: 大地图
B11: 皇城主城 | C11: 所有类型 | D11: 大地图
B12: 皇城中立建筑 | C12: 所有类型 | D12: 大地图
B13: 名城关卡 | C13: 所有类型 | D13: 大地图
B14: 名城码头 | C14: 所有类型 | D14: 大地图
B15: 名城箭塔 | C15: 所有类型 | D15: 大地图
B16: 名城城墙 | C16: 所有类型 | D16: 大地图
B17: 名城其他建筑 | C17: 所有类型 | D17: 大地图
B18: 名城内城粮仓 | C18: 所有类型 | D18: 大地图
B19: 名城城门 | C19: 所有类型 | D19: 大地图
B20: 名城主城 | C20: 所有类型 | D20: 大地图
B21: 城镇 | C21: 所有类型 | D21: 大地图

Sheet 杂项配置
A1: convertTrans(ResHero.proto, table_HeroAchievementMiscConf, HeroAchievementMiscConf.pbin)
A2: ID | B2: id | C2: 0
A3: 对应时代的解锁流派个数 | B3: ageUnlockCount[|] | C3: 0|1|2|3
A4: 成就阶段名称 | B4: stageName[|] | C4: TID_HeroAchievementMiscConf_0_stageName_CN_Main|TID_HeroAchievementMiscConf_0_stageName_1057848373033_CN_Main|TID_HeroAchievementMiscConf_0_stageName_682240917164_CN_Main|TID_HeroAchievementMiscConf_0_stageName_440872424509_CN_Main|TID_HeroAchievementMiscConf_0_stageName_156580853841_CN_Main

Sheet 阶段奖励领取限制
A1: convert(ResHero.proto, table_StageRewardLimitConf, StageRewardLimitConf.pbin)
A2: 阶段 | B2: 可领取次数
A3: stateLevel | B3: rewardCnt
A4: 1 | B4: 3
A5: 2 | B5: 3
A6: 3 | B6: 3
A7: 4 | B7: 3
A8: 5 | B8: 3

Sheet 英雄推荐配置
A1: convert(ResHero.proto, table_HeroFactionRecommend, HeroFactionRecommend.pbin)
A2: 推荐Id | B2: 阵容名称 | C2: 推荐标签（付费） | D2: 战斗风格 | E2: 兵种类型 | F2: 阵容说明 | G2: 英雄1id | H2: 英雄1技能1【备注】 | I2: 英雄1技能1 | J2: 英雄1技能2【备注】 | K2: 英雄1技能2 | L2: 英雄1坐骑id | M2: 英雄2id | N2: 英雄2技能1【备注】 | O2: 英雄2技能1 | P2: 英雄2技能2【备注】 | Q2: 英雄2技能2 | R2: 英雄2坐骑id | S2: 英雄3id | T2: 英雄3技能1【备注】 | U2: 英雄3技能1 | V2: 英雄3技能2【备注】 | W2: 英雄3技能2 | X2: 英雄3坐骑id | Y2: 阵容大标题 | Z2: 标签1背景 | AA2: 推荐标签（赛季） | AB2: 推荐英雄Id | AC2: 推荐英雄技能 | AD2: 推荐马 | AE2: 推荐英雄Id | AF2: 推荐英雄技能 | AG2: 推荐马 | AH2: 推荐英雄Id | AI2: 推荐英雄技能 | AJ2: 推荐马 | AK2: 推荐英雄技能1 | AL2: 推荐英雄技能1 | AM2: 推荐英雄技能1 | AN2: 推荐英雄技能2 | AO2: 推荐英雄技能2 | AP2: 推荐英雄技能2
A3: id | B3: name | C3: tags[1] | D3: battleStyle | E3: soldierType | F3: des | Y3: title | Z3: imgIdx | AA3: tags[2] | AB3: heros[1].heroId | AC3: heros[1].skillId[|] | AD3: heros[1].horseId | AE3: heros[2].heroId | AF3: heros[2].skillId[|] | AG3: heros[2].horseId | AH3: heros[3].heroId | AI3: heros[3].skillId[|] | AJ3: heros[3].horseId | AK3: heroSkill[1].skillId[|] | AL3: heroSkill[2].skillId[|] | AM3: heroSkill[3].skillId[|] | AN3: heroSkill[4].skillId[|] | AO3: heroSkill[5].skillId[|] | AP3: heroSkill[6].skillId[|] | AQ3: heroSkill[7].skillId[|] | AR3: heroSkill[8].skillId[|] | AS3: heroSkill[9].skillId[|] | AT3: heroSkill[10].skillId[|] | AU3: heroSkill[11].skillId[|] | AV3: heroSkill[12].skillId[|]
A4: 1001 | B4: TID_HeroFactionRecommend_1001_name_CN_Main | C4: TID_HeroFactionRecommend_1001_tags_CN_Main | D4: 智谋 | E4: 剑士 | F4: TID_HeroFactionRecommend_1001_des_CN_Main | G4: 14 | H4: 军神赠礼 | I4: 200016 | J4: 灵光乍现 | K4: 200063 | L4: 703002 | M4: 18 | N4: 避芒击惰 | O4: 200065 | P4: 毁灭的预示 | Q4: 200008 | R4: 703105 | S4: 16 | T4: 胜利的代价 | U4: 200064 | V4: 燎天之火 | W4: 200060 | X4: 703002 | Y4: =B4 -> TID_HeroFactionRecommend_1001_name_CN_Main | Z4: =IF(C4="大神",3,IF(C4="进阶",2,IF(C4="标准",1,0))) -> 0 | AA4: S1 | AB4: =G4 -> 14 | AC4: =I4&"|"&K4 -> 200016|200063 | AD4: =L4 -> 703002 | AE4: =M4 -> 18 | AF4: =O4&"|"&Q4 -> 200065|200008 | AG4: =R4 -> 703105 | AH4: =S4 -> 16 | AI4: =U4&"|"&W4 -> 200064|200060 | AJ4: =X4 -> 703002 | AK4: =IF($AX4=0,"",VLOOKUP(AX4,'#Sheet1'!$N$2:$O$192,2,0)&"|"&VLOOKUP(AY4,'#Sheet1'!$N$2:$O$192,2,0)) -> 200008|200015 | AL4: =IF($AX4=0,"",VLOOKUP(AZ4,'#Sheet1'!$N$2:$O$192,2,0)&"|"&VLOOKUP(BA4,'#Sheet1'!$N$2:$O$192,2,0)) -> 200060|200042 | AM4: =IF($AX4=0,"",VLOOKUP(BB4,'#Sheet1'!$N$2:$O$192,2,0)&"|"&VLOOKUP(BC4,'#Sheet1'!$N$2:$O$192,2,0)) -> 200021|200116 | AN4: =IF($BD4=0,"",VLOOKUP(BD4,'#Sheet1'!$N$2:$O$192,2,0)&"|"&VLOOKUP(BE4,'#Sheet1'!$N$2:$O$192,2,0)) | AO4: =IF($BD4=0,"",VLOOKUP(BF4,'#Sheet1'!$N$2:$O$192,2,0)&"|"&VLOOKUP(BG4,'#Sheet1'!$N$2:$O$192,2,0)) | AP4: =IF($BD4=0,"",VLOOKUP(BH4,'#Sheet1'!$N$2:$O$192,2,0)&"|"&VLOOKUP(BI4,'#Sheet1'!$N$2:$O$192,2,0)) | AX4: 毁灭的预示 | AY4: 战争祝福 | AZ4: 燎天之火 | BA4: 百战之体 | BB4: 丰收祝福 | BC4: 机变
A5: 1002 | B5: TID_HeroFactionRecommend_1002_name_CN_Main | C5: TID_HeroFactionRecommend_1002_tags_CN_Main | D5: 智谋 | E5: 剑士 | F5: TID_HeroFactionRecommend_1002_des_CN_Main | G5: 14 | H5: 军神赠礼 | I5: 200016 | J5: 灵光乍现 | K5: 200063 | L5: 703002 | M5: 4 | N5: 连击 | O5: 200020 | P5: 压迫之袭 | Q5: 200074 | R5: 701005 | S5: 16 | T5: 毁灭的预示 | U5: 200008 | V5: 避芒击惰 | W5: 200065 | X5: 703002 | Y5: =B5 -> TID_HeroFactionRecommend_1002_name_CN_Main | Z5: =IF(C5="大神",3,IF(C5="进阶",2,IF(C5="标准",1,0))) -> 0 | AA5: S1 | AB5: =G5 -> 14 | AC5: =I5&"|"&K5 -> 200016|200063 | AD5: =L5 -> 703002 | AE5: =M5 -> 4 | AF5: =O5&"|"&Q5 -> 200020|200074 | AG5: =R5 -> 701005 | AH5: =S5 -> 16 | AI5: =U5&"|"&W5 -> 200008|200065 | AJ5: =X5 -> 703002 | AK5: =IF($AX5=0,"",VLOOKUP(AX5,'#Sheet1'!$N$2:$O$192,2,0)&"|"&VLOOKUP(AY5,'#Sheet1'!$N$2:$O$192,2,0)) -> 200008|200015 | AL5: =IF($AX5=0,"",VLOOKUP(AZ5,'#Sheet1'!$N$2:$O$192,2,0)&"|"&VLOOKUP(BA5,'#Sheet1'!$N$2:$O$192,2,0)) -> 200020|200115 | AM5: =IF($AX5=0,"",VLOOKUP(BB5,'#Sheet1'!$N$2:$O$192,2,0)&"|"&VLOOKUP(BC5,'#Sheet1'!$N$2:$O$192,2,0)) -> 200116|200060 | AN5: =IF($BD5=0,"",VLOOKUP(BD5,'#Sheet1'!$N$2:$O$192,2,0)&"|"&VLOOKUP(BE5,'#Sheet1'!$N$2:$O$192,2,0)) | AO5: =IF($BD5=0,"",VLOOKUP(BF5,'#Sheet1'!$N$2:$O$192,2,0)&"|"&VLOOKUP(BG5,'#Sheet1'!$N$2:$O$192,2,0)) | AP5: =IF($BD5=0,"",VLOOKUP(BH5,'#Sheet1'!$N$2:$O$192,2,0)&"|"&VLOOKUP(BI5,'#Sheet1'!$N$2:$O$192,2,0)) | AX5: 毁灭的预示 | AY5: 战争祝福 | AZ5: 连击 | BA5: 反间 | BB5: 机变 | BC5: 燎天之火
A6: 1003 | B6: TID_HeroFactionRecommend_1003_name_CN_Main | C6: TID_HeroFactionRecommend_1003_tags_CN_Main | D6: 智谋 | E6: 剑士 | F6: TID_HeroFactionRecommend_1003_des_CN_Main | G6: 16 | H6: 燎天之火 | I6: 200060 | J6: 以战养战 | K6: 200047 | L6: 703002 | M6: 4 | N6: 连击 | O6: 200020 | P6: 压迫之袭 | Q6: 200074 | R6: 701005 | S6: 205 | T6: 冲冠一怒 | U6: 200070 | V6: 光明护佑 | W6: 200011 | X6: 703002 | Y6: =B6 -> TID_HeroFactionRecommend_1003_name_CN_Main | Z6: =IF(C6="大神",3,IF(C6="进阶",2,IF(C6="标准",1,0))) -> 0 | AA6: S1 | AB6: =G6 -> 16 | AC6: =I6&"|"&K6 -> 200060|200047 | AD6: =L6 -> 703002 | AE6: =M6 -> 4 | AF6: =O6&"|"&Q6 -> 200020|200074 | AG6: =R6 -> 701005 | AH6: =S6 -> 205 | AI6: =U6&"|"&W6 -> 200070|200011 | AJ6: =X6 -> 703002 | AK6: =IF($AX6=0,"",VLOOKUP(AX6,'#Sheet1'!$N$2:$O$192,2,0)&"|"&VLOOKUP(AY6,'#Sheet1'!$N$2:$O$192,2,0)) -> 200116|200001 | AL6: =IF($AX6=0,"",VLOOKUP(AZ6,'#Sheet1'!$N$2:$O$192,2,0)&"|"&VLOOKUP(BA6,'#Sheet1'!$N$2:$O$192,2,0)) -> 200020|200115 | AM6: =IF($AX6=0,"",VLOOKUP(BB6,'#Sheet1'!$N$2:$O$192,2,0)&"|"&VLOOKUP(BC6,'#Sheet1'!$N$2:$O$192,2,0)) -> 200070|200021 | AN6: =IF($BD6=0,"",VLOOKUP(BD6,'#Sheet1'!$N$2:$O$192,2,0)&"|"&VLOOKUP(BE6,'#Sheet1'!$N$2:$O$192,2,0)) | AO6: =IF($BD6=0,"",VLOOKUP(BF6,'#Sheet1'!$N$2:$O$192,2,0)&"|"&VLOOKUP(BG6,'#Sheet1'!$N$2:$O$192,2,0)) | AP6: =IF($BD6=0,"",VLOOKUP(BH6,'#Sheet1'!$N$2:$O$192,2,0)&"|"&VLOOKUP(BI6,'#Sheet1'!$N$2:$O$192,2,0)) | AX6: 机变 | AY6: 火球轰击 | AZ6: 连击 | BA6: 反间 | BB6: 冲冠一怒 | BC6: 丰收祝福
A7: 2001 | B7: TID_HeroFactionRecommend_2001_name_CN_Main | C7: TID_HeroFactionRecommend_1001_tags_CN_Main | D7: 智谋 | E7: 弓兵 | F7: TID_HeroFactionRecommend_2001_des_CN_Main | G7: 33 | H7: 军神赠礼 | I7: 200016 | J7: 灵光乍现 | K7: 200063 | L7: 704002 | M7: 18 | N7: 避芒击惰 | O7: 200065 | P7: 胜利的代价 | Q7: 200064 | R7: 704105 | S7: 24 | T7: 以战养战 | U7: 200047 | V7: 侵蚀之焰 | W7: 200073 | X7: 704103 | Y7: =B7 -> TID_HeroFactionRecommend_2001_name_CN_Main | Z7: =IF(C7="大神",3,IF(C7="进阶",2,IF(C7="标准",1,0))) -> 0 | AA7: S1 | AB7: =G7 -> 33 | AC7: =I7&"|"&K7 -> 200016|200063 | AD7: =L7 -> 704002 | AE7: =M7 -> 18 | AF7: =O7&"|"&Q7 -> 200065|200064 | AG7: =R7 -> 704105 | AH7: =S7 -> 24 | AI7: =U7&"|"&W7 -> 200047|200073 | AJ7: =X7 -> 704103 | AK7: =IF($AX7=0,"",VLOOKUP(AX7,'#Sheet1'!$N$2:$O$192,2,0)&"|"&VLOOKUP(AY7,'#Sheet1'!$N$2:$O$192,2,0)) -> 200015|200063 | AL7: =IF($AX7=0,"",VLOOKUP(AZ7,'#Sheet1'!$N$2:$O$192,2,0)&"|"&VLOOKUP(BA7,'#Sheet1'!$N$2:$O$192,2,0)) -> 200060|200042 | AM7: =IF($AX7=0,"",VLOOKUP(BB7,'#Sheet1'!$N$2:$O$192,2,0)&"|"&VLOOKUP(BC7,'#Sheet1'!$N$2:$O$192,2,0)) -> 200021|200116 | AN7: =IF($BD7=0,"",VLOOKUP(BD7,'#Sheet1'!$N$2:$O$192,2,0)&"|"&VLOOKUP(BE7,'#Sheet1'!$N$2:$O$192,2,0)) | AO7: =IF($BD7=0,"",VLOOKUP(BF7,'#Sheet1'!$N$2:$O$192,2,0)&"|"&VLOOKUP(BG7,'#Sheet1'!$N$2:$O$192,2,0)) | AP7: =IF($BD7=0,"",VLOOKUP(BH7,'#Sheet1'!$N$2:$O$192,2,0)&"|"&VLOOKUP(BI7,'#Sheet1'!$N$2:$O$192,2,0)) | AX7: 战争祝福 | AY7: 灵光乍现 | AZ7: 燎天之火 | BA7: 百战之体 | BB7: 丰收祝福 | BC7: 机变
A8: 2002 | B8: TID_HeroFactionRecommend_2002_name_CN_Main | C8: TID_HeroFactionRecommend_1002_tags_CN_Main | D8: 智谋 | E8: 弓兵 | F8: TID_HeroFactionRecommend_2002_des_CN_Main | G8: 33 | H8: 军神赠礼 | I8: 200016 | J8: 灵光乍现 | K8: 200063 | L8: 704002 | M8: 20 | N8: 以战养战 | O8: 200047 | P8: 火球冲击 | Q8: 200001 | R8: 704105 | S8: 24 | T8: 毁灭的预示 | U8: 200008 | V8: 燎天之火 | W8: 200060 | X8: 704103 | Y8: =B8 -> TID_HeroFactionRecommend_2002_name_CN_Main | Z8: =IF(C8="大神",3,IF(C8="进阶",2,IF(C8="标准",1,0))) -> 0 | AA8: S1 | AB8: =G8 -> 33 | AC8: =I8&"|"&K8 -> 200016|200063 | AD8: =L8 -> 704002 | AE8: =M8 -> 20 | AF8: =O8&"|"&Q8 -> 200047|200001 | AG8: =R8 -> 704105 | AH8: =S8 -> 24 | AI8: =U8&"|"&W8 -> 200008|200060 | AJ8: =X8 -> 704103 | AK8: =IF($AX8=0,"",VLOOKUP(AX8,'#Sheet1'!$N$2:$O$192,2,0)&"|"&VLOOKUP(AY8,'#Sheet1'!$N$2:$O$192,2,0)) -> 200116|200047 | AL8: =IF($AX8=0,"",VLOOKUP(AZ8,'#Sheet1'!$N$2:$O$192,2,0)&"|"&VLOOKUP(BA8,'#Sheet1'!$N$2:$O$192,2,0)) -> 200011|200021 | AM8: =IF($AX8=0,"",VLOOKUP(BB8,'#Sheet1'!$N$2:$O$192,2,0)&"|"&VLOOKUP(BC8,'#Sheet1'!$N$2:$O$192,2,0)) -> 200015|200060 | AN8: =IF($BD8=0,"",VLOOKUP(BD8,'#Sheet1'!$N$2:$O$192,2,0)&"|"&VLOOKUP(BE8,'#Sheet1'!$N$2:$O$192,2,0)) | AO8: =IF($BD8=0,"",VLOOKUP(BF8,'#Sheet1'!$N$2:$O$192,2,0)&"|"&VLOOKUP(BG8,'#Sheet1'!$N$2:$O$192,2,0)) | AP8: =IF($BD8=0,"",VLOOKUP(BH8,'#Sheet1'!$N$2:$O$192,2,0)&"|"&VLOOKUP(BI8,'#Sheet1'!$N$2:$O$192,2,0)) | AX8: 机变 | AY8: 以战养战 | AZ8: 光明护佑 | BA8: 丰收祝福 | BB8: 战争祝福 | BC8: 燎天之火
A9: 2003 | B9: TID_HeroFactionRecommend_2003_name_CN_Main | C9: TID_HeroFactionRecommend_1003_tags_CN_Main | D9: 智谋 | E9: 弓兵 | F9: TID_HeroFactionRecommend_2003_des_CN_Main | G9: 20 | H9: 燎天之火 | I9: 200060 | J9: 以战养战 | K9: 200047 | L9: 704002 | M9: 4 | N9: 连击 | O9: 200020 | P9: 命运操弄 | Q9: 200014 | R9: 704105 | S9: 212 | T9: 冲冠一怒 | U9: 200070 | V9: 光明护佑 | W9: 200011 | X9: 700201 | Y9: =B9 -> TID_HeroFactionRecommend_2003_name_CN_Main | Z9: =IF(C9="大神",3,IF(C9="进阶",2,IF(C9="标准",1,0))) -> 0 | AA9: S1 | AB9: =G9 -> 20 | AC9: =I9&"|"&K9 -> 200060|200047 | AD9: =L9 -> 704002 | AE9: =M9 -> 4 | AF9: =O9&"|"&Q9 -> 200020|200014 | AG9: =R9 -> 704105 | AH9: =S9 -> 212 | AI9: =U9&"|"&W9 -> 200070|200011 | AJ9: =X9 -> 700201 | AK9: =IF($AX9=0,"",VLOOKUP(AX9,'#Sheet1'!$N$2:$O$192,2,0)&"|"&VLOOKUP(AY9,'#Sheet1'!$N$2:$O$192,2,0)) -> 200015|200001 | AL9: =IF($AX9=0,"",VLOOKUP(AZ9,'#Sheet1'!$N$2:$O$192,2,0)&"|"&VLOOKUP(BA9,'#Sheet1'!$N$2:$O$192,2,0)) -> 200020|200115 | AM9: =IF($AX9=0,"",VLOOKUP(BB9,'#Sheet1'!$N$2:$O$192,2,0)&"|"&VLOOKUP(BC9,'#Sheet1'!$N$2:$O$192,2,0)) -> 200025|200021 | AN9: =IF($BD9=0,"",VLOOKUP(BD9,'#Sheet1'!$N$2:$O$192,2,0)&"|"&VLOOKUP(BE9,'#Sheet1'!$N$2:$O$192,2,0)) | AO9: =IF($BD9=0,"",VLOOKUP(BF9,'#Sheet1'!$N$2:$O$192,2,0)&"|"&VLOOKUP(BG9,'#Sheet1'!$N$2:$O$192,2,0)) | AP9: =IF($BD9=0,"",VLOOKUP(BH9,'#Sheet1'!$N$2:$O$192,2,0)&"|"&VLOOKUP(BI9,'#Sheet1'!$N$2:$O$192,2,0)) | AX9: 战争祝福 | AY9: 火球轰击 | AZ9: 连击 | BA9: 反间 | BB9: 钢铁之躯 | BC9: 丰收祝福
A10: 3001 | B10: TID_HeroFactionRecommend_3001_name_CN_Main | C10: TID_HeroFactionRecommend_3001_tags_CN_Main | D10: 统率 | E10: 枪兵 | F10: TID_HeroFactionRecommend_3001_des_CN_Main | G10: 13 | H10: 蛮勇侵袭 | I10: 200080 | J10: 怒火猛攻 | K10: 200005 | L10: 702003 | M10: 34 | N10: 王者之剑 | O10: 200068 | P10: 沉默誓言 | Q10: 200012 | R10: 702003 | S10: 22 | T10: 三重攻势 | U10: 200013 | V10: 恩泽庇护 | W10: 200010 | X10: 702104 | Y10: =B10 -> TID_HeroFactionRecommend_3001_name_CN_Main | Z10: =IF(C10="大神",3,IF(C10="进阶",2,IF(C10="标准",1,0))) -> 0 | AA10: S1 | AB10: =G10 -> 13 | AC10: =I10&"|"&K10 -> 200080|200005 | AD10: =L10 -> 702003 | AE10: =M10 -> 34 | AF10: =O10&"|"&Q10 -> 200068|200012 | AG10: =R10 -> 702003 | AH10: =S10 -> 22 | AI10: =U10&"|"&W10 -> 200013|200010 | AJ10: =X10 -> 702104 | AK10: =IF($AX10=0,"",VLOOKUP(AX10,'#Sheet1'!$N$2:$O$192,2,0)&"|"&VLOOKUP(AY10,'#Sheet1'!$N$2:$O$192,2,0)) -> 200061|200037 | AL10: =IF($AX10=0,"",VLOOKUP(AZ10,'#Sheet1'!$N$2:$O$192,2,0)&"|"&VLOOKUP(BA10,'#Sheet1'!$N$2:$O$192,2,0)) -> 200069|200122 | AM10: =IF($AX10=0,"",VLOOKUP(BB10,'#Sheet1'!$N$2:$O$192,2,0)&"|"&VLOOKUP(BC10,'#Sheet1'!$N$2:$O$192,2,0)) -> 200042|200121 | AN10: =IF($BD10=0,"",VLOOKUP(BD10,'#Sheet1'!$N$2:$O$192,2,0)&"|"&VLOOKUP(BE10,'#Sheet1'!$N$2:$O$192,2,0)) | AO10: =IF($BD10=0,"",VLOOKUP(BF10,'#Sheet1'!$N$2:$O$192,2,0)&"|"&VLOOKUP(BG10,'#Sheet1'!$N$2:$O$192,2,0)) | AP10: =IF($BD10=0,"",VLOOKUP(BH10,'#Sheet1'!$N$2:$O$192,2,0)&"|"&VLOOKUP(BI10,'#Sheet1'!$N$2:$O$192,2,0)) | AX10: 泰山压顶 | AY10: 反戈一击 | AZ10: 列阵御敌 | BA10: 变阵 | BB10: 百战之体 | BC10: 掌军
A11: 3002 | B11: TID_HeroFactionRecommend_3002_name_CN_Main | C11: TID_HeroFactionRecommend_1001_tags_CN_Main | D11: 统率 | E11: 剑士 | F11: TID_HeroFactionRecommend_3002_des_CN_Main | G11: 3 | H11: 怒火猛攻 | I11: 200005 | J11: 蛮勇侵袭 | K11: 200080 | L11: 703001 | M11: 2 | N11: 王者之剑 | O11: 200068 | P11: 沉默誓言 | Q11: 200012 | R11: 703001 | S11: 22 | T11: 三重攻势 | U11: 200013 | V11: 恩泽庇护 | W11: 200010 | X11: 703104 | Y11: =B11 -> TID_HeroFactionRecommend_3002_name_CN_Main | Z11: =IF(C11="大神",3,IF(C11="进阶",2,IF(C11="标准",1,0))) -> 0 | AA11: S1 | AB11: =G11 -> 3 | AC11: =I11&"|"&K11 -> 200005|200080 | AD11: =L11 -> 703001 | AE11: =M11 -> 2 | AF11: =O11&"|"&Q11 -> 200068|200012 | AG11: =R11 -> 703001 | AH11: =S11 -> 22 | AI11: =U11&"|"&W11 -> 200013|200010 | AJ11: =X11 -> 703104 | AK11: =IF($AX11=0,"",VLOOKUP(AX11,'#Sheet1'!$N$2:$O$192,2,0)&"|"&VLOOKUP(AY11,'#Sheet1'!$N$2:$O$192,2,0)) -> 200061|200037 | AL11: =IF($AX11=0,"",VLOOKUP(AZ11,'#Sheet1'!$N$2:$O$192,2,0)&"|"&VLOOKUP(BA11,'#Sheet1'!$N$2:$O$192,2,0)) -> 200069|200122 | AM11: =IF($AX11=0,"",VLOOKUP(BB11,'#Sheet1'!$N$2:$O$192,2,0)&"|"&VLOOKUP(BC11,'#Sheet1'!$N$2:$O$192,2,0)) -> 200042|200121 | AN11: =IF($BD11=0,"",VLOOKUP(BD11,'#Sheet1'!$N$2:$O$192,2,0)&"|"&VLOOKUP(BE11,'#Sheet1'!$N$2:$O$192,2,0)) | AO11: =IF($BD11=0,"",VLOOKUP(BF11,'#Sheet1'!$N$2:$O$192,2,0)&"|"&VLOOKUP(BG11,'#Sheet1'!$N$2:$O$192,2,0)) | AP11: =IF($BD11=0,"",VLOOKUP(BH11,'#Sheet1'!$N$2:$O$192,2,0)&"|"&VLOOKUP(BI11,'#Sheet1'!$N$2:$O$192,2,0)) | AX11: 泰山压顶 | AY11: 反戈一击 | AZ11: 列阵御敌 | BA11: 变阵 | BB11: 百战之体 | BC11: 掌军
A12: 3003 | B12: TID_HeroFactionRecommend_3003_name_CN_Main | C12: TID_HeroFactionRecommend_1001_tags_CN_Main | D12: 统率 | E12: 枪兵 | F12: TID_HeroFactionRecommend_3003_des_CN_Main | G12: 13 | H12: 蛮勇侵袭 | I12: 200080 | J12: 怒火猛攻 | K12: 200005 | L12: 702003 | M12: 34 | N12: 王者之剑 | O12: 200068 | P12: 沉默誓言 | Q12: 200012 | R12: 702003 | S12: 19 | T12: 恩泽庇护 | U12: 200010 | V12: 三重攻势 | W12: 200013 | X12: 702002 | Y12: =B12 -> TID_HeroFactionRecommend_3003_name_CN_Main | Z12: =IF(C12="大神",3,IF(C12="进阶",2,IF(C12="标准",1,0))) -> 0 | AA12: S1 | AB12: =G12 -> 13 | AC12: =I12&"|"&K12 -> 200080|200005 | AD12: =L12 -> 702003 | AE12: =M12 -> 34 | AF12: =O12&"|"&Q12 -> 200068|200012 | AG12: =R12 -> 702003 | AH12: =S12 -> 19 | AI12: =U12&"|"&W12 -> 200010|200013 | AJ12: =X12 -> 702002 | AK12: =IF($AX12=0,"",VLOOKUP(AX12,'#Sheet1'!$N$2:$O$192,2,0)&"|"&VLOOKUP(AY12,'#Sheet1'!$N$2:$O$192,2,0)) -> 200061|200037 | AL12: =IF($AX12=0,"",VLOOKUP(AZ12,'#Sheet1'!$N$2:$O$192,2,0)&"|"&VLOOKUP(BA12,'#Sheet1'!$N$2:$O$192,2,0)) -> 200069|200122 | AM12: =IF($AX12=0,"",VLOOKUP(BB12,'#Sheet1'!$N$2:$O$192,2,0)&"|"&VLOOKUP(BC12,'#Sheet1'!$N$2:$O$192,2,0)) -> 200042|200121 | AN12: =IF($BD12=0,"",VLOOKUP(BD12,'#Sheet1'!$N$2:$O$192,2,0)&"|"&VLOOKUP(BE12,'#Sheet1'!$N$2:$O$192,2,0)) | AO12: =IF($BD12=0,"",VLOOKUP(BF12,'#Sheet1'!$N$2:$O$192,2,0)&"|"&VLOOKUP(BG12,'#Sheet1'!$N$2:$O$192,2,0)) | AP12: =IF($BD12=0,"",VLOOKUP(BH12,'#Sheet1'!$N$2:$O$192,2,0)&"|"&VLOOKUP(BI12,'#Sheet1'!$N$2:$O$192,2,0)) | AX12: 泰山压顶 | AY12: 反戈一击 | AZ12: 列阵御敌 | BA12: 变阵 | BB12: 百战之体 | BC12: 掌军
A13: 3004 | B13: TID_HeroFactionRecommend_3004_name_CN_Main | C13: TID_HeroFactionRecommend_1002_tags_CN_Main | D13: 统率 | E13: 枪兵 | F13: TID_HeroFactionRecommend_3004_des_CN_Main | G13: 3 | H13: 王者之剑 | I13: 200068 | J13: 风卷残云 | K13: 200006 | L13: 702003 | M13: 19 | N13: 恩泽庇护 | O13: 200010 | P13: 百战之体 | Q13: 200042 | R13: 702002 | S13: 13 | T13: 怒火猛攻 | U13: 200005 | V13: 蛮勇侵袭 | W13: 200080 | X13: 702003 | Y13: =B13 -> TID_HeroFactionRecommend_3004_name_CN_Main | Z13: =IF(C13="大神",3,IF(C13="进阶",2,IF(C13="标准",1,0))) -> 0 | AA13: S1 | AB13: =G13 -> 3 | AC13: =I13&"|"&K13 -> 200068|200006 | AD13: =L13 -> 702003 | AE13: =M13 -> 19 | AF13: =O13&"|"&Q13 -> 200010|200042 | AG13: =R13 -> 702002 | AH13: =S13 -> 13 | AI13: =U13&"|"&W13 -> 200005|200080 | AJ13: =X13 -> 702003 | AK13: =IF($AX13=0,"",VLOOKUP(AX13,'#Sheet1'!$N$2:$O$192,2,0)&"|"&VLOOKUP(AY13,'#Sheet1'!$N$2:$O$192,2,0)) -> 200061|200040 | AL13: =IF($AX13=0,"",VLOOKUP(AZ13,'#Sheet1'!$N$2:$O$192,2,0)&"|"&VLOOKUP(BA13,'#Sheet1'!$N$2:$O$192,2,0)) -> 200010|200045 | AM13: =IF($AX13=0,"",VLOOKUP(BB13,'#Sheet1'!$N$2:$O$192,2,0)&"|"&VLOOKUP(BC13,'#Sheet1'!$N$2:$O$192,2,0)) -> 200068|200121 | AN13: =IF($BD13=0,"",VLOOKUP(BD13,'#Sheet1'!$N$2:$O$192,2,0)&"|"&VLOOKUP(BE13,'#Sheet1'!$N$2:$O$192,2,0)) | AO13: =IF($BD13=0,"",VLOOKUP(BF13,'#Sheet1'!$N$2:$O$192,2,0)&"|"&VLOOKUP(BG13,'#Sheet1'!$N$2:$O$192,2,0)) | AP13: =IF($BD13=0,"",VLOOKUP(BH13,'#Sheet1'!$N$2:$O$192,2,0)&"|"&VLOOKUP(BI13,'#Sheet1'!$N$2:$O$192,2,0)) | AX13: 泰山压顶 | AY13: 反击 | AZ13: 恩泽庇护 | BA13: 不屈信念 | BB13: 王者之剑 | BC13: 掌军
A14: 3005 | B14: TID_HeroFactionRecommend_3005_name_CN_Main | C14: TID_HeroFactionRecommend_1002_tags_CN_Main | D14: 统率 | E14: 剑士 | F14: TID_HeroFactionRecommend_3005_des_CN_Main | G14: 3 | H14: 蛮勇侵袭 | I14: 200080 | J14: 怒火猛攻 | K14: 200005 | L14: 703001 | M14: 2 | N14: 王者之剑 | O14: 200068 | P14: 风卷残云 | Q14: 200006 | R14: 703001 | S14: 1 | T14: 三重攻势 | U14: 200013 | V14: 光明护佑 | W14: 200011 | X14: 703104 | Y14: =B14 -> TID_HeroFactionRecommend_3005_name_CN_Main | Z14: =IF(C14="大神",3,IF(C14="进阶",2,IF(C14="标准",1,0))) -> 0 | AA14: S1 | AB14: =G14 -> 3 | AC14: =I14&"|"&K14 -> 200080|200005 | AD14: =L14 -> 703001 | AE14: =M14 -> 2 | AF14: =O14&"|"&Q14 -> 200068|200006 | AG14: =R14 -> 703001 | AH14: =S14 -> 1 | AI14: =U14&"|"&W14 -> 200013|200011 | AJ14: =X14 -> 703104 | AK14: =IF($AX14=0,"",VLOOKUP(AX14,'#Sheet1'!$N$2:$O$192,2,0)&"|"&VLOOKUP(AY14,'#Sheet1'!$N$2:$O$192,2,0)) -> 200061|200040 | AL14: =IF($AX14=0,"",VLOOKUP(AZ14,'#Sheet1'!$N$2:$O$192,2,0)&"|"&VLOOKUP(BA14,'#Sheet1'!$N$2:$O$192,2,0)) -> 200121|200069 | AM14: =IF($AX14=0,"",VLOOKUP(BB14,'#Sheet1'!$N$2:$O$192,2,0)&"|"&VLOOKUP(BC14,'#Sheet1'!$N$2:$O$192,2,0)) -> 200021|200001 | AN14: =IF($BD14=0,"",VLOOKUP(BD14,'#Sheet1'!$N$2:$O$192,2,0)&"|"&VLOOKUP(BE14,'#Sheet1'!$N$2:$O$192,2,0)) | AO14: =IF($BD14=0,"",VLOOKUP(BF14,'#Sheet1'!$N$2:$O$192,2,0)&"|"&VLOOKUP(BG14,'#Sheet1'!$N$2:$O$192,2,0)) | AP14: =IF($BD14=0,"",VLOOKUP(BH14,'#Sheet1'!$N$2:$O$192,2,0)&"|"&VLOOKUP(BI14,'#Sheet1'!$N$2:$O$192,2,0)) | AX14: 泰山压顶 | AY14: 反击 | AZ14: 掌军 | BA14: 列阵御敌 | BB14: 丰收祝福 | BC14: 火球轰击
A15: 3006 | B15: TID_HeroFactionRecommend_3006_name_CN_Main | C15: TID_HeroFactionRecommend_1003_tags_CN_Main | D15: 统率 | E15: 剑士 | F15: TID_HeroFactionRecommend_3006_des_CN_Main | G15: 2 | H15: 泰山压顶 | I15: 200061 | J15: 天地无双斩 | K15: 200007 | L15: 703001 | M15: 1 | N15: 恩泽庇护 | O15: 200010 | P15: 丰收祝福 | Q15: 200021 | R15: 703104 | S15: 201 | T15: 列阵御敌 | U15: 200069 | V15: 巨石冲击 | W15: 200002 | X15: 703001 | Y15: =B15 -> TID_HeroFactionRecommend_3006_name_CN_Main | Z15: =IF(C15="大神",3,IF(C15="进阶",2,IF(C15="标准",1,0))) -> 0 | AA15: S1 | AB15: =G15 -> 2 | AC15: =I15&"|"&K15 -> 200061|200007 | AD15: =L15 -> 703001 | AE15: =M15 -> 1 | AF15: =O15&"|"&Q15 -> 200010|200021 | AG15: =R15 -> 703104 | AH15: =S15 -> 201 | AI15: =U15&"|"&W15 -> 200069|200002 | AJ15: =X15 -> 703001 | AK15: =IF($AX15=0,"",VLOOKUP(AX15,'#Sheet1'!$N$2:$O$192,2,0)&"|"&VLOOKUP(AY15,'#Sheet1'!$N$2:$O$192,2,0)) -> 200002|200040 | AL15: =IF($AX15=0,"",VLOOKUP(AZ15,'#Sheet1'!$N$2:$O$192,2,0)&"|"&VLOOKUP(BA15,'#Sheet1'!$N$2:$O$192,2,0)) -> 200021|200001 | AM15: =IF($AX15=0,"",VLOOKUP(BB15,'#Sheet1'!$N$2:$O$192,2,0)&"|"&VLOOKUP(BC15,'#Sheet1'!$N$2:$O$192,2,0)) -> 200069|200121 | AN15: =IF($BD15=0,"",VLOOKUP(BD15,'#Sheet1'!$N$2:$O$192,2,0)&"|"&VLOOKUP(BE15,'#Sheet1'!$N$2:$O$192,2,0)) | AO15: =IF($BD15=0,"",VLOOKUP(BF15,'#Sheet1'!$N$2:$O$192,2,0)&"|"&VLOOKUP(BG15,'#Sheet1'!$N$2:$O$192,2,0)) | AP15: =IF($BD15=0,"",VLOOKUP(BH15,'#Sheet1'!$N$2:$O$192,2,0)&"|"&VLOOKUP(BI15,'#Sheet1'!$N$2:$O$192,2,0)) | AX15: 巨石冲击 | AY15: 反击 | AZ15: 丰收祝福 | BA15: 火球轰击 | BB15: 列阵御敌 | BC15: 掌军
... A21: 5002 | B21: TID_HeroFactionRecommend_5002_name_CN_Main | C21: TID_HeroFactionRecommend_1001_tags_CN_Main | D21: 勇武 | E21: 骑兵 | F21: TID_HeroFactionRecommend_5002_des_CN_Main | G21: 26 | H21: 弱点进攻 | I21: 200072 | J21: 慈悲终结 | K21: 200031 | L21: 701001 | M21: 5 | N21: 致命一击 | O21: 200028 | P21: 战争狂热 | Q21: 200027 | R21: 701006 | S21: 27 | T21: 胜利军规 | U21: 200029 | V21: 破敌之眼 | W21: 200036 | X21: 701104 | Y21: =B21 -> TID_HeroFactionRecommend_5002_name_CN_Main | Z21: =IF(C21="大神",3,IF(C21="进阶",2,IF(C21="标准",1,0))) -> 0 | AA21: S1 | AB21: =G21 -> 26 | AC21: =I21&"|"&K21 -> 200072|200031 | AD21: =L21 -> 701001 | AE21: =M21 -> 5 | AF21: =O21&"|"&Q21 -> 200028|200027 | AG21: =R21 -> 701006 | AH21: =S21 -> 27 | AI21: =U21&"|"&W21 -> 200029|200036 | AJ21: =X21 -> 701104 | AK21: =IF($AX21=0,"",VLOOKUP(AX21,'#Sheet1'!$N$2:$O$192,2,0)&"|"&VLOOKUP(AY21,'#Sheet1'!$N$2:$O$192,2,0)) -> 200019|200113 | AL21: =IF($AX21=0,"",VLOOKUP(AZ21,'#Sheet1'!$N$2:$O$192,2,0)&"|"&VLOOKUP(BA21,'#Sheet1'!$N$2:$O$192,2,0)) -> 200028|200027 | AM21: =IF($AX21=0,"",VLOOKUP(BB21,'#Sheet1'!$N$2:$O$192,2,0)&"|"&VLOOKUP(BC21,'#Sheet1'!$N$2:$O$192,2,0)) -> 200030|200112 | AN21: =IF($BD21=0,"",VLOOKUP(BD21,'#Sheet1'!$N$2:$O$192,2,0)&"|"&VLOOKUP(BE21,'#Sheet1'!$N$2:$O$192,2,0)) | AO21: =IF($BD21=0,"",VLOOKUP(BF21,'#Sheet1'!$N$2:$O$192,2,0)&"|"&VLOOKUP(BG21,'#Sheet1'!$N$2:$O$192,2,0)) | AP21: =IF($BD21=0,"",VLOOKUP(BH21,'#Sheet1'!$N$2:$O$192,2,0)&"|"&VLOOKUP(BI21,'#Sheet1'!$N$2:$O$192,2,0)) | AX21: 冲锋的极意 | AY21: 激昂 | AZ21: 致命一击 | BA21: 战争狂热 | BB21: 怒涛之击 | BC21: 燃身战意
A22: 5003 | B22: TID_HeroFactionRecommend_5003_name_CN_Main | C22: TID_HeroFactionRecommend_1002_tags_CN_Main | D22: 勇武 | E22: 骑兵 | F22: TID_HeroFactionRecommend_5003_des_CN_Main | G22: 26 | H22: 冲锋的极意 | I22: 200019 | J22: 慈悲终结 | K22: 200031 | L22: 701001 | M22: 5 | N22: 致命一击 | O22: 200028 | P22: 战争狂热 | Q22: 200027 | R22: 701006 | S22: 28 | T22: 光明护佑 | U22: 200011 | V22: 泰山压顶 | W22: 200061 | X22: 701104 | Y22: =B22 -> TID_HeroFactionRecommend_5003_name_CN_Main | Z22: =IF(C22="大神",3,IF(C22="进阶",2,IF(C22="标准",1,0))) -> 0 | AA22: S1 | AB22: =G22 -> 26 | AC22: =I22&"|"&K22 -> 200019|200031 | AD22: =L22 -> 701001 | AE22: =M22 -> 5 | AF22: =O22&"|"&Q22 -> 200028|200027 | AG22: =R22 -> 701006 | AH22: =S22 -> 28 | AI22: =U22&"|"&W22 -> 200011|200061 | AJ22: =X22 -> 701104 | AK22: =IF($AX22=0,"",VLOOKUP(AX22,'#Sheet1'!$N$2:$O$192,2,0)&"|"&VLOOKUP(AY22,'#Sheet1'!$N$2:$O$192,2,0)) -> 200078|200030 | AL22: =IF($AX22=0,"",VLOOKUP(AZ22,'#Sheet1'!$N$2:$O$192,2,0)&"|"&VLOOKUP(BA22,'#Sheet1'!$N$2:$O$192,2,0)) -> 200028|200027 | AM22: =IF($AX22=0,"",VLOOKUP(BB22,'#Sheet1'!$N$2:$O$192,2,0)&"|"&VLOOKUP(BC22,'#Sheet1'!$N$2:$O$192,2,0)) -> 200112|200007 | AN22: =IF($BD22=0,"",VLOOKUP(BD22,'#Sheet1'!$N$2:$O$192,2,0)&"|"&VLOOKUP(BE22,'#Sheet1'!$N$2:$O$192,2,0)) -> 200030|200032 | AO22: =IF($BD22=0,"",VLOOKUP(BF22,'#Sheet1'!$N$2:$O$192,2,0)&"|"&VLOOKUP(BG22,'#Sheet1'!$N$2:$O$192,2,0)) -> 200027|200026 | AP22: =IF($BD22=0,"",VLOOKUP(BH22,'#Sheet1'!$N$2:$O$192,2,0)&"|"&VLOOKUP(BI22,'#Sheet1'!$N$2:$O$192,2,0)) -> 200112|200025 | AX22: 胜利怒吼 | AY22: 怒涛之击 | AZ22: 致命一击 | BA22: 战争狂热 | BB22: 燃身战意 | BC22: 天地无双斩 | BD22: 怒涛之击 | BE22: 撕裂 | BF22: 战争狂热 | BG22: 破怒斩 | BH22: 燃身战意 | BI22: 钢铁之躯
A23: 5004 | B23: TID_HeroFactionRecommend_5004_name_CN_Main | C23: TID_HeroFactionRecommend_1002_tags_CN_Main | D23: 勇武 | E23: 弓兵 | F23: TID_HeroFactionRecommend_5004_des_CN_Main | G23: 9 | H23: 冲锋的极意 | I23: 200019 | J23: 慈悲终结 | K23: 200031 | L23: 704003 | M23: 36 | N23: 天地无双斩 | O23: 200007 | P23: 泰山压顶 | Q23: 200061 | R23: 704104 | S23: 28 | T23: 饥渴之刃 | U23: 200041 | V23: 光明护佑 | W23: 200011 | X23: 704104 | Y23: =B23 -> TID_HeroFactionRecommend_5004_name_CN_Main | Z23: =IF(C23="大神",3,IF(C23="进阶",2,IF(C23="标准",1,0))) -> 0 | AA23: S1 | AB23: =G23 -> 9 | AC23: =I23&"|"&K23 -> 200019|200031 | AD23: =L23 -> 704003 | AE23: =M23 -> 36 | AF23: =O23&"|"&Q23 -> 200007|200061 | AG23: =R23 -> 704104 | AH23: =S23 -> 28 | AI23: =U23&"|"&W23 -> 200041|200011 | AJ23: =X23 -> 704104 | AK23: =IF($AX23=0,"",VLOOKUP(AX23,'#Sheet1'!$N$2:$O$192,2,0)&"|"&VLOOKUP(AY23,'#Sheet1'!$N$2:$O$192,2,0)) -> 200078|200113 | AL23: =IF($AX23=0,"",VLOOKUP(AZ23,'#Sheet1'!$N$2:$O$192,2,0)&"|"&VLOOKUP(BA23,'#Sheet1'!$N$2:$O$192,2,0)) -> 200020|200030 | AM23: =IF($AX23=0,"",VLOOKUP(BB23,'#Sheet1'!$N$2:$O$192,2,0)&"|"&VLOOKUP(BC23,'#Sheet1'!$N$2:$O$192,2,0)) -> 200112|200034 | AN23: =IF($BD23=0,"",VLOOKUP(BD23,'#Sheet1'!$N$2:$O$192,2,0)&"|"&VLOOKUP(BE23,'#Sheet1'!$N$2:$O$192,2,0)) | AO23: =IF($BD23=0,"",VLOOKUP(BF23,'#Sheet1'!$N$2:$O$192,2,0)&"|"&VLOOKUP(BG23,'#Sheet1'!$N$2:$O$192,2,0)) | AP23: =IF($BD23=0,"",VLOOKUP(BH23,'#Sheet1'!$N$2:$O$192,2,0)&"|"&VLOOKUP(BI23,'#Sheet1'!$N$2:$O$192,2,0)) | AX23: 胜利怒吼 | AY23: 激昂 | AZ23: 连击 | BA23: 怒涛之击 | BB23: 燃身战意 | BC23: 持久战
A24: 5005 | B24: TID_HeroFactionRecommend_5005_name_CN_Main | C24: TID_HeroFactionRecommend_1003_tags_CN_Main | D24: 勇武 | E24: 弓兵 | F24: TID_HeroFactionRecommend_5005_des_CN_Main | G24: 9 | H24: 冲锋的极意 | I24: 200019 | J24: 连击 | K24: 200020 | L24: 704003 | M24: 36 | N24: 恩泽庇护 | O24: 200010 | P24: 持久战 | Q24: 200034 | R24: 704104 | S24: 208 | T24: 泰山压顶 | U24: 200061 | V24: 剑盾突击 | W24: 200043 | X24: 700202 | Y24: =B24 -> TID_HeroFactionRecommend_5005_name_CN_Main | Z24: =IF(C24="大神",3,IF(C24="进阶",2,IF(C24="标准",1,0))) -> 0 | AA24: S1 | AB24: =G24 -> 9 | AC24: =I24&"|"&K24 -> 200019|200020 | AD24: =L24 -> 704003 | AE24: =M24 -> 36 | AF24: =O24&"|"&Q24 -> 200010|200034 | AG24: =R24 -> 704104 | AH24: =S24 -> 208 | AI24: =U24&"|"&W24 -> 200061|200043 | AJ24: =X24 -> 700202 | AK24: =IF($AX24=0,"",VLOOKUP(AX24,'#Sheet1'!$N$2:$O$192,2,0)&"|"&VLOOKUP(AY24,'#Sheet1'!$N$2:$O$192,2,0)) -> 200020|200030 | AL24: =IF($AX24=0,"",VLOOKUP(AZ24,'#Sheet1'!$N$2:$O$192,2,0)&"|"&VLOOKUP(BA24,'#Sheet1'!$N$2:$O$192,2,0)) -> 200034|200113 | AM24: =IF($AX24=0,"",VLOOKUP(BB24,'#Sheet1'!$N$2:$O$192,2,0)&"|"&VLOOKUP(BC24,'#Sheet1'!$N$2:$O$192,2,0)) -> 200025|200045 | AN24: =IF($BD24=0,"",VLOOKUP(BD24,'#Sheet1'!$N$2:$O$192,2,0)&"|"&VLOOKUP(BE24,'#Sheet1'!$N$2:$O$192,2,0)) | AO24: =IF($BD24=0,"",VLOOKUP(BF24,'#Sheet1'!$N$2:$O$192,2,0)&"|"&VLOOKUP(BG24,'#Sheet1'!$N$2:$O$192,2,0)) | AP24: =IF($BD24=0,"",VLOOKUP(BH24,'#Sheet1'!$N$2:$O$192,2,0)&"|"&VLOOKUP(BI24,'#Sheet1'!$N$2:$O$192,2,0)) | AX24: 连击 | AY24: 怒涛之击 | AZ24: 持久战 | BA24: 激昂 | BB24: 钢铁之躯 | BC24: 不屈信念
A25: 5006 | B25: TID_HeroFactionRecommend_5006_name_CN_Main | C25: TID_HeroFactionRecommend_1003_tags_CN_Main | D25: 勇武 | E25: 骑兵 | F25: TID_HeroFactionRecommend_5006_des_CN_Main | G25: 5 | H25: 致命一击 | I25: 200028 | J25: 战争狂热 | K25: 200027 | L25: 701006 | M25: 202 | N25: 怒涛之击 | O25: 200030 | P25: 连击 | Q25: 200020 | R25: 701001 | S25: 28 | T25: 持久战 | U25: 200034 | V25: 泰山压顶 | W25: 200061 | X25: 701104 | Y25: =B25 -> TID_HeroFactionRecommend_5006_name_CN_Main | Z25: =IF(C25="大神",3,IF(C25="进阶",2,IF(C25="标准",1,0))) -> 0 | AA25: S1 | AB25: =G25 -> 5 | AC25: =I25&"|"&K25 -> 200028|200027 | AD25: =L25 -> 701006 | AE25: =M25 -> 202 | AF25: =O25&"|"&Q25 -> 200030|200020 | AG25: =R25 -> 701001 | AH25: =S25 -> 28 | AI25: =U25&"|"&W25 -> 200034|200061 | AJ25: =X25 -> 701104 | AK25: =IF($AX25=0,"",VLOOKUP(AX25,'#Sheet1'!$N$2:$O$192,2,0)&"|"&VLOOKUP(AY25,'#Sheet1'!$N$2:$O$192,2,0)) -> 200028|200027 | AL25: =IF($AX25=0,"",VLOOKUP(AZ25,'#Sheet1'!$N$2:$O$192,2,0)&"|"&VLOOKUP(BA25,'#Sheet1'!$N$2:$O$192,2,0)) -> 200026|200113 | AM25: =IF($AX25=0,"",VLOOKUP(BB25,'#Sheet1'!$N$2:$O$192,2,0)&"|"&VLOOKUP(BC25,'#Sheet1'!$N$2:$O$192,2,0)) -> 200034|200025 | AN25: =IF($BD25=0,"",VLOOKUP(BD25,'#Sheet1'!$N$2:$O$192,2,0)&"|"&VLOOKUP(BE25,'#Sheet1'!$N$2:$O$192,2,0)) | AO25: =IF($BD25=0,"",VLOOKUP(BF25,'#Sheet1'!$N$2:$O$192,2,0)&"|"&VLOOKUP(BG25,'#Sheet1'!$N$2:$O$192,2,0)) | AP25: =IF($BD25=0,"",VLOOKUP(BH25,'#Sheet1'!$N$2:$O$192,2,0)&"|"&VLOOKUP(BI25,'#Sheet1'!$N$2:$O$192,2,0)) | AX25: 致命一击 | AY25: 战争狂热 | AZ25: 破怒斩 | BA25: 激昂 | BB25: 持久战 | BC25: 钢铁之躯
A26: 6001 | B26: TID_HeroFactionRecommend_6001_name_CN_Main | C26: TID_HeroFactionRecommend_1001_tags_CN_Main | D26: 智谋 | E26: 骑兵 | F26: TID_HeroFactionRecommend_6001_des_CN_Main | G26: 23 | H26: 波澜攻势 | I26: 200079 | J26: 战术冲锋 | K26: 200018 | L26: 701005 | M26: 35 | N26: 弱点进攻 | O26: 200072 | P26: 慈悲终结 | Q26: 200031 | R26: 701001 | S26: 10 | T26: 恩泽庇护 | U26: 200010 | V26: 压迫之袭 | W26: 200074 | X26: 701004 | Y26: =B26 -> TID_HeroFactionRecommend_6001_name_CN_Main | Z26: =IF(C26="大神",3,IF(C26="进阶",2,IF(C26="标准",1,0))) -> 0 | AA26: S1 | AB26: =G26 -> 23 | AC26: =I26&"|"&K26 -> 200079|200018 | AD26: =L26 -> 701005 | AE26: =M26 -> 35 | AF26: =O26&"|"&Q26 -> 200072|200031 | AG26: =R26 -> 701001 | AH26: =S26 -> 10 | AI26: =U26&"|"&W26 -> 200010|200074 | AJ26: =X26 -> 701004 | AK26: =IF($AX26=0,"",VLOOKUP(AX26,'#Sheet1'!$N$2:$O$192,2,0)&"|"&VLOOKUP(AY26,'#Sheet1'!$N$2:$O$192,2,0)) -> 200115|200020 | AL26: =IF($AX26=0,"",VLOOKUP(AZ26,'#Sheet1'!$N$2:$O$192,2,0)&"|"&VLOOKUP(BA26,'#Sheet1'!$N$2:$O$192,2,0)) -> 200030|200113 | AM26: =IF($AX26=0,"",VLOOKUP(BB26,'#Sheet1'!$N$2:$O$192,2,0)&"|"&VLOOKUP(BC26,'#Sheet1'!$N$2:$O$192,2,0)) -> 200021|200034 | AN26: =IF($BD26=0,"",VLOOKUP(BD26,'#Sheet1'!$N$2:$O$192,2,0)&"|"&VLOOKUP(BE26,'#Sheet1'!$N$2:$O$192,2,0)) | AO26: =IF($BD26=0,"",VLOOKUP(BF26,'#Sheet1'!$N$2:$O$192,2,0)&"|"&VLOOKUP(BG26,'#Sheet1'!$N$2:$O$192,2,0)) | AP26: =IF($BD26=0,"",VLOOKUP(BH26,'#Sheet1'!$N$2:$O$192,2,0)&"|"&VLOOKUP(BI26,'#Sheet1'!$N$2:$O$192,2,0)) | AX26: 反间 | AY26: 连击 | AZ26: 怒涛之击 | BA26: 激昂 | BB26: 丰收祝福 | BC26: 持久战
A27: 6002 | B27: TID_HeroFactionRecommend_6002_name_CN_Main | C27: TID_HeroFactionRecommend_1002_tags_CN_Main | D27: 智谋 | E27: 骑兵 | F27: TID_HeroFactionRecommend_6002_des_CN_Main | G27: 23 | H27: 战术冲锋 | I27: 200018 | J27: 压迫之袭 | K27: 200074 | L27: 701005 | M27: 4 | N27: 燎天之火 | O27: 200060 | P27: 以战养战 | Q27: 200047 | R27: 701005 | S27: 10 | T27: 恩泽庇护 | U27: 200010 | V27: 光明护佑 | W27: 200011 | X27: 701004 | Y27: =B27 -> TID_HeroFactionRecommend_6002_name_CN_Main | Z27: =IF(C27="大神",3,IF(C27="进阶",2,IF(C27="标准",1,0))) -> 0 | AA27: S1 | AB27: =G27 -> 23 | AC27: =I27&"|"&K27 -> 200018|200074 | AD27: =L27 -> 701005 | AE27: =M27 -> 4 | AF27: =O27&"|"&Q27 -> 200060|200047 | AG27: =R27 -> 701005 | AH27: =S27 -> 10 | AI27: =U27&"|"&W27 -> 200010|200011 | AJ27: =X27 -> 701004 | AK27: =IF($AX27=0,"",VLOOKUP(AX27,'#Sheet1'!$N$2:$O$192,2,0)&"|"&VLOOKUP(AY27,'#Sheet1'!$N$2:$O$192,2,0)) -> 200115|200020 | AL27: =IF($AX27=0,"",VLOOKUP(AZ27,'#Sheet1'!$N$2:$O$192,2,0)&"|"&VLOOKUP(BA27,'#Sheet1'!$N$2:$O$192,2,0)) -> 200021|200035 | AM27: =IF($AX27=0,"",VLOOKUP(BB27,'#Sheet1'!$N$2:$O$192,2,0)&"|"&VLOOKUP(BC27,'#Sheet1'!$N$2:$O$192,2,0)) -> 200034|200112 | AN27: =IF($BD27=0,"",VLOOKUP(BD27,'#Sheet1'!$N$2:$O$192,2,0)&"|"&VLOOKUP(BE27,'#Sheet1'!$N$2:$O$192,2,0)) | AO27: =IF($BD27=0,"",VLOOKUP(BF27,'#Sheet1'!$N$2:$O$192,2,0)&"|"&VLOOKUP(BG27,'#Sheet1'!$N$2:$O$192,2,0)) | AP27: =IF($BD27=0,"",VLOOKUP(BH27,'#Sheet1'!$N$2:$O$192,2,0)&"|"&VLOOKUP(BI27,'#Sheet1'!$N$2:$O$192,2,0)) | AX27: 反间 | AY27: 连击 | AZ27: 丰收祝福 | BA27: 惩戒者 | BB27: 持久战 | BC27: 燃身战意
A28: 6003 | B28: TID_HeroFactionRecommend_6003_name_CN_Main | C28: TID_HeroFactionRecommend_1002_tags_CN_Main | D28: 智谋 | E28: 骑兵 | F28: TID_HeroFactionRecommend_6003_des_CN_Main | G28: 35 | H28: 弱点进攻 | I28: 200072 | J28: 慈悲终结 | K28: 200031 | L28: 701001 | M28: 10 | N28: 恩泽庇护 | O28: 200010 | P28: 以战养战 | Q28: 200047 | R28: 701004 | S28: 4 | T28: 连击 | U28: 200020 | V28: 压迫之袭 | W28: 200074 | X28: 701005 | Y28: =B28 -> TID_HeroFactionRecommend_6003_name_CN_Main | Z28: =IF(C28="大神",3,IF(C28="进阶",2,IF(C28="标准",1,0))) -> 0 | AA28: S1 | AB28: =G28 -> 35 | AC28: =I28&"|"&K28 -> 200072|200031 | AD28: =L28 -> 701001 | AE28: =M28 -> 10 | AF28: =O28&"|"&Q28 -> 200010|200047 | AG28: =R28 -> 701004 | AH28: =S28 -> 4 | AI28: =U28&"|"&W28 -> 200020|200074 | AJ28: =X28 -> 701005 | AK28: =IF($AX28=0,"",VLOOKUP(AX28,'#Sheet1'!$N$2:$O$192,2,0)&"|"&VLOOKUP(AY28,'#Sheet1'!$N$2:$O$192,2,0)) -> 200019|200113 | AL28: =IF($AX28=0,"",VLOOKUP(AZ28,'#Sheet1'!$N$2:$O$192,2,0)&"|"&VLOOKUP(BA28,'#Sheet1'!$N$2:$O$192,2,0)) -> 200011|200112 | AM28: =IF($AX28=0,"",VLOOKUP(BB28,'#Sheet1'!$N$2:$O$192,2,0)&"|"&VLOOKUP(BC28,'#Sheet1'!$N$2:$O$192,2,0)) -> 200020|200115 | AN28: =IF($BD28=0,"",VLOOKUP(BD28,'#Sheet1'!$N$2:$O$192,2,0)&"|"&VLOOKUP(BE28,'#Sheet1'!$N$2:$O$192,2,0)) | AO28: =IF($BD28=0,"",VLOOKUP(BF28,'#Sheet1'!$N$2:$O$192,2,0)&"|"&VLOOKUP(BG28,'#Sheet1'!$N$2:$O$192,2,0)) | AP28: =IF($BD28=0,"",VLOOKUP(BH28,'#Sheet1'!$N$2:$O$192,2,0)&"|"&VLOOKUP(BI28,'#Sheet1'!$N$2:$O$192,2,0)) | AX28: 冲锋的极意 | AY28: 激昂 | AZ28: 光明护佑 | BA28: 燃身战意 | BB28: 连击 | BC28: 反间
A29: 7001 | B29: TID_HeroFactionRecommend_7001_name_CN_Main | C29: TID_HeroFactionRecommend_3001_tags_CN_Main | D29: 统率 | E29: 弓兵 | F29: TID_HeroFactionRecommend_7001_des_CN_Main | G29: 15 | H29: 军神赠礼 | I29: 200016 | J29: 毁灭的预示 | K29: 200008 | L29: 704001 | M29: 12 | N29: 胜利怒吼 | O29: 200078 | P29: 狂怒血脉 | Q29: 200023 | R29: 704101 | S29: 6 | T29: 胜利的代价 | U29: 200064 | V29: 孤注一掷 | W29: 200022 | X29: 704001 | Y29: =B29 -> TID_HeroFactionRecommend_7001_name_CN_Main | Z29: =IF(C29="大神",3,IF(C29="进阶",2,IF(C29="标准",1,0))) -> 0 | AA29: S1 | AB29: =G29 -> 15 | AC29: =I29&"|"&K29 -> 200016|200008 | AD29: =L29 -> 704001 | AE29: =M29 -> 12 | AF29: =O29&"|"&Q29 -> 200078|200023 | AG29: =R29 -> 704101 | AH29: =S29 -> 6 | AI29: =U29&"|"&W29 -> 200064|200022 | AJ29: =X29 -> 704001 | AK29: =IF($AX29=0,"",VLOOKUP(AX29,'#Sheet1'!$N$2:$O$192,2,0)&"|"&VLOOKUP(AY29,'#Sheet1'!$N$2:$O$192,2,0)) -> 200016|200060 | AL29: =IF($AX29=0,"",VLOOKUP(AZ29,'#Sheet1'!$N$2:$O$192,2,0)&"|"&VLOOKUP(BA29,'#Sheet1'!$N$2:$O$192,2,0)) -> 200011|200024 | AM29: =IF($AX29=0,"",VLOOKUP(BB29,'#Sheet1'!$N$2:$O$192,2,0)&"|"&VLOOKUP(BC29,'#Sheet1'!$N$2:$O$192,2,0)) -> 200047|200015 | AN29: =IF($BD29=0,"",VLOOKUP(BD29,'#Sheet1'!$N$2:$O$192,2,0)&"|"&VLOOKUP(BE29,'#Sheet1'!$N$2:$O$192,2,0)) | AO29: =IF($BD29=0,"",VLOOKUP(BF29,'#Sheet1'!$N$2:$O$192,2,0)&"|"&VLOOKUP(BG29,'#Sheet1'!$N$2:$O$192,2,0)) | AP29: =IF($BD29=0,"",VLOOKUP(BH29,'#Sheet1'!$N$2:$O$192,2,0)&"|"&VLOOKUP(BI29,'#Sheet1'!$N$2:$O$192,2,0)) | AX29: 军神赠礼 | AY29: 燎天之火 | AZ29: 光明护佑 | BA29: 怒不可遏 | BB29: 以战养战 | BC29: 战争祝福
A30: 7002 | B30: TID_HeroFactionRecommend_7002_name_CN_Main | C30: TID_HeroFactionRecommend_1003_tags_CN_Main | D30: 统率 | E30: 弓兵 | F30: TID_HeroFactionRecommend_7002_des_CN_Main | G30: 6 | H30: 燎天之火 | I30: 200060 | J30: 以战养战 | K30: 200047 | L30: 704103 | M30: 8 | N30: 文武双全 | O30: 200039 | P30: 战术冲锋 | Q30: 200018 | R30: 704102 | S30: 204 | T30: 火球冲击 | U30: 200001 | V30: 命运操弄 | W30: 200014 | X30: 700201 | Y30: =B30 -> TID_HeroFactionRecommend_7002_name_CN_Main | Z30: =IF(C30="大神",3,IF(C30="进阶",2,IF(C30="标准",1,0))) -> 0 | AA30: S1 | AB30: =G30 -> 6 | AC30: =I30&"|"&K30 -> 200060|200047 | AD30: =L30 -> 704103 | AE30: =M30 -> 8 | AF30: =O30&"|"&Q30 -> 200039|200018 | AG30: =R30 -> 704102 | AH30: =S30 -> 204 | AI30: =U30&"|"&W30 -> 200001|200014 | AJ30: =X30 -> 700201 | AK30: =IF($AX30=0,"",VLOOKUP(AX30,'#Sheet1'!$N$2:$O$192,2,0)&"|"&VLOOKUP(AY30,'#Sheet1'!$N$2:$O$192,2,0)) -> 200114|200021 | AL30: =IF($AX30=0,"",VLOOKUP(AZ30,'#Sheet1'!$N$2:$O$192,2,0)&"|"&VLOOKUP(BA30,'#Sheet1'!$N$2:$O$192,2,0)) -> 200014|200025 | AM30: =IF($AX30=0,"",VLOOKUP(BB30,'#Sheet1'!$N$2:$O$192,2,0)&"|"&VLOOKUP(BC30,'#Sheet1'!$N$2:$O$192,2,0)) -> 200017|200124 | AN30: =IF($BD30=0,"",VLOOKUP(BD30,'#Sheet1'!$N$2:$O$192,2,0)&"|"&VLOOKUP(BE30,'#Sheet1'!$N$2:$O$192,2,0)) | AO30: =IF($BD30=0,"",VLOOKUP(BF30,'#Sheet1'!$N$2:$O$192,2,0)&"|"&VLOOKUP(BG30,'#Sheet1'!$N$2:$O$192,2,0)) | AP30: =IF($BD30=0,"",VLOOKUP(BH30,'#Sheet1'!$N$2:$O$192,2,0)&"|"&VLOOKUP(BI30,'#Sheet1'!$N$2:$O$192,2,0)) | AX30: 阳谋 | AY30: 丰收祝福 | AZ30: 命运操弄 | BA30: 钢铁之躯 | BB30: 名门之后 | BC30: 伏击

Sheet #Sheet1
A1: ID | B1: 英雄名称 | C1: 艺名 | D1: 固有技能 | E1: 主将技能 | F1: ID | H1: 兵种ID | I1: 兵种 | J1: 兵种ID | M1: ID | N1: 技能名称 | O1: ID | T1: 装配技能 | U1: ID | Y1: 主将技能 | Z1: ID
A2: 1 | B2: 琼恩 | C2: 琼恩 | D2: 胜者旗帜 | E2: 钢铁意志 | F2: 1 | H2: 101002001 | I2: 剑士1 | J2: 101002001 | M2: 100100 | N2: 钢铁意志 | O2: 100100 | T2: 火球轰击 | U2: =VLOOKUP(T2,$N:$O,2,FALSE) -> 200001 | Y2: 胜者旗帜 | Z2: =VLOOKUP(Y2,$N:$O,2,FALSE) -> 100101 | AB2: 100101 | AD2: 胜者旗帜 | AE2: 友军英雄每次发动固有主动技能、固有指挥技能或固有追击技能时，叠加1层旗帜印记。叠满6层后消耗印记，回复我军一定兵力（治疗率：320%，谋略加成），并造成一次谋略伤害（伤害率：500%，谋略加成）
A3: 2 | B3: 影武者 | C3: 影武者 | D3: 神速斩 | E3: 落樱斩 | F3: 2 | H3: 101002002 | I3: 剑士2 | J3: 101002002 | M3: 100101 | N3: 胜者旗帜 | O3: 100101 | T3: 巨石冲击 | U3: =VLOOKUP(T3,$N:$O,2,FALSE) -> 200002 | Y3: 天下布武 | Z3: =VLOOKUP(Y3,$N:$O,2,FALSE) -> #N/A | AB3: 100201 | AD3: 神速斩 | AE3: 每9s一次，对敌军造成武力伤害（伤害率180%，武力加成）；有30%概率改为造成3段武力伤害（伤害率90%，武力加成）。
A4: 3 | B4: 尤里乌斯 | C4: 尤里乌斯 | D4: 无冕之王 | E4: 凯旋 | F4: 3 | H4: 101002003 | I4: 剑士3 | J4: 101002003 | M4: 100200 | N4: 落樱斩 | O4: 100200 | T4: 攻城大师 | U4: =VLOOKUP(T4,$N:$O,2,FALSE) -> 200003 | Y4: 无冕之王 | Z4: =VLOOKUP(Y4,$N:$O,2,FALSE) -> 100301 | AB4: 100301 | AD4: 无冕之王 | AE4: 每6s一次，对敌军造成武力伤害（伤害率180%，武力加成）
A5: 4 | B5: 艳后 | C5: 艳后 | D5: 夺神迷情 | E5: 倾国俘心 | F5: 4 | H5: 101002004 | I5: 剑士4 | J5: 101002004 | M5: 100201 | N5: 神速斩 | O5: 100201 | T5: 迸裂 | U5: =VLOOKUP(T5,$N:$O,2,FALSE) -> 200004 | Y5: 破釜沉舟 | Z5: =VLOOKUP(Y5,$N:$O,2,FALSE) -> 100701 | AB5: 100701 | AD5: 破釜沉舟 | AE5: 我军每次受到普通攻击，会叠加一层霸王印记（每秒最多叠加2层），叠满20层后消耗印记，并对敌军造成一次武力伤害（伤害率280%，武力加成）。 我军每下降1%兵力提升1点武力（兵力50%时达到最大加成50点武力）。
A6: 5 | B6: 关羽 | C6: 关羽 | D6: 单刀赴会 | E6: 青龙偃月 | F6: 5 | H6: 101002005 | I6: 剑士5 | J6: 101002005 | M6: 100300 | N6: 凯旋 | O6: 100300 | T6: 战争祝福 | U6: =VLOOKUP(T6,$N:$O,2,FALSE) -> 200015 | Y6: 天妒英才 | Z6: =VLOOKUP(Y6,$N:$O,2,FALSE) -> 100601 | AB6: 100601 | AD6: 天妒英才 | AE6: 对敌军造成谋略伤害（伤害率200%，谋略加成），并在3秒内，每秒提升我军10点怒气。
A7: 6 | B7: 亨利 | C7: 亨利 | D7: 天妒英才 | E7: 长弓齐射 | F7: 6 | H7: 102002001 | I7: 枪兵1 | J7: 102002001 | M7: 100301 | N7: 无冕之王 | O7: 100301 | T7: 名门之后 | U7: =VLOOKUP(T7,$N:$O,2,FALSE) -> 200017 | Y7: 入阵曲 | Z7: =VLOOKUP(Y7,$N:$O,2,FALSE) -> 200125 | AB7: 102701 | AD7: 战意涌动 | AE7: 我军随机2-3名英雄进入连击状态，持续3秒，释放几率25%
A8: 7 | B8: 项楚 | C8: 项楚 | D8: 破釜沉舟 | E8: 霸王降世 | F8: 7 | H8: 102002002 | I8: 枪兵2 | J8: 102002002 | M8: 100400 | N8: 倾国俘心 | O8: 100400 | T8: 连击 | U8: =VLOOKUP(T8,$N:$O,2,FALSE) -> 200020 | Y8: 一身是胆 | Z8: =VLOOKUP(Y8,$N:$O,2,FALSE) -> #N/A | AB8: 102601 | AD8: 龙影 | AE8: 提升自身30点全属性。造成伤害时有10%概率无视对方的防御属性。
A9: 8 | B9: 康斯坦丁 | C9: 康斯坦丁 | D9: 警戒 | E9: 重装出击 | F9: 8 | H9: 102002003 | I9: 枪兵3 | J9: 102002003 | M9: 100401 | N9: 夺神迷情 | O9: 100401 | T9: 神圣恩典 | U9: =VLOOKUP(T9,$N:$O,2,FALSE) -> #N/A | Y9: 温泉关战神 | Z9: =VLOOKUP(Y9,$N:$O,2,FALSE) -> #N/A | AB9: 101301 | AD9: 不败誓言 | AE9: 我军兵力低于50%时，在9秒内，我军每秒恢复兵力（恢复率90%，守备加成），受到伤害降低40%。 （该效果在2分钟内最多触发一次） 我军兵力越低，自身守备越高，每下降1%兵力提升1.5守备值（兵力50%时达到最大加成）。
A10: 9 | B10: 魏兰 | C10: 魏兰 | D10: 欺星逐月 | E10: 飞燕回环 | F10: 9 | H10: 102002004 | I10: 枪兵4 | J10: 102002004 | M10: 100500 | N10: 青龙偃月 | O10: 100500 | T10: 怒不可遏 | U10: =VLOOKUP(T10,$N:$O,2,FALSE) -> 200024 | Y10: 武圣 | Z10: =VLOOKUP(Y10,$N:$O,2,FALSE) -> #N/A | AB10: 100501 | AD10: 单刀赴会 | AE10: 提升自身30%暴击率。 进入战斗后的前三次攻击（前9秒），额外提升自身70%暴击率（该效果在2分钟内只能触发一次）。
A11: 10 | B11: 查士丁尼 | C11: 查士丁尼 | D11: 防御突击 | E11: 和平使者 | F11: 10 | H11: 102002005 | I11: 枪兵5 | J11: 102002005 | M11: 100501 | N11: 单刀赴会 | O11: 100501 | T11: 破怒斩 | U11: =VLOOKUP(T11,$N:$O,2,FALSE) -> 200026 | Y11: 天后威严 | Z11: =VLOOKUP(Y11,$N:$O,2,FALSE) -> 101501 | AB11: 101501 | AD11: 天后威严 | AE11: 对敌军造成谋略伤害（伤害率200%，谋略加成），降低敌军全体英雄30点武力、谋略、守备（谋略加成），持续3秒，并回复10点怒气（谋略加成）
A12: 11 | B12: 布狄卡 | C12: 布狄卡 | D12: 逆转反击 | E12: 锯齿长枪 | F12: 11 | H12: 103002001 | I12: 骑兵1 | J12: 103002001 | M12: 100600 | N12: 长弓齐射 | O12: 100600 | T12: 胜利军规 | U12: =VLOOKUP(T12,$N:$O,2,FALSE) -> 200029 | Y12: 钢铁意志 | Z12: =VLOOKUP(Y12,$N:$O,2,FALSE) -> 100100 | AB12: 103200 | AD12: 游牧部落 | AE12: 自身和周围友军造成武力伤害提升15%（武力加成），持续9秒（该效果无法叠加，对联盟军团中的部队无效）
A13: 12 | B13: 萨拉丁 | C13: 萨拉丁 | D13: 骑士精神 | E13: 以一退三 | F13: 12 | H13: 103002002 | I13: 骑兵2 | J13: 103002002 | M13: 100601 | N13: 天妒英才 | O13: 100601 | T13: 怒涛之击 | U13: =VLOOKUP(T13,$N:$O,2,FALSE) -> 200030 | Y13: 第六天魔王 | Z13: =VLOOKUP(Y13,$N:$O,2,FALSE) -> #N/A | AB13: 101200 | AD13: 以一退三 | AE13: 对前方扇形范围内的最多3支敌军造成340%武力伤害（武力加成，谋略加成），并造成沉默效果，持续3秒
... A21: 20 | B21: 李舜臣 | C21: 李舜臣 | D21: 水战八法 | E21: 龟船破浪 | F21: 20 | H21: 104002005 | I21: 弓兵5 | J21: 104002005 | M21: 101001 | N21: 防御突击 | O21: 101001 | T21: 天地无双斩 | U21: =VLOOKUP(T21,$N:$O,2,FALSE) -> 200007 | Y21: 神龙降世 | Z21: =VLOOKUP(Y21,$N:$O,2,FALSE) -> 101500 | AB21: 100100 | AD21: 钢铁意志 | AE21: 在18秒内，每次友军英雄发动固有主动技能、固有指挥技能或固有追击技能时，额外叠加1层旗帜印记
A22: 21 | B22: 亚瑟王 | C22: 亚瑟王 | D22: 光辉之剑 | E22: 骑士荣耀 | F22: 21 | M22: 101100 | N22: 锯齿长枪 | O22: 101100 | T22: 毁灭的预示 | U22: =VLOOKUP(T22,$N:$O,2,FALSE) -> 200008 | AB22: 100200 | AD22: 第六天魔王 | AE22: 对敌军造成武力伤害（伤害率950%，武力加成）
A23: 22 | B23: 亚历山大 | C23: 亚历山大 | D23: 无上军心 | E23: 万疆征服 | F23: 22 | M23: 101101 | N23: 逆转反击 | O23: 101101 | T23: 正义裁决 | U23: =VLOOKUP(T23,$N:$O,2,FALSE) -> 200009 | AB23: 100300 | AD23: 凯旋 | AE23: 对前方范围内最多3支敌军造成武力伤害（伤害率520%，武力加成），并在6秒内，我军全体英雄造成伤害提升30%
A24: 23 | B24: 汉尼拔 | C24: 汉尼拔 | D24: 智勇双绝 | E24: 出奇制胜 | F24: 23 | M24: 101200 | N24: 以一退三 | O24: 101200 | T24: 恩泽庇护 | U24: =VLOOKUP(T24,$N:$O,2,FALSE) -> 200010 | AB24: 100700 | AD24: 霸王降世 | AE24: 对周身范围内最多3支敌军造成武力伤害（伤害率310%，武力加成），根据当前拥有的霸王印记层数造成额外伤害（每层提升10%，最多100%，乘法计算，伤害率最大翻倍），并使敌军在3秒内，移动速度降低20%。
A25: 24 | B25: 黄月英 | C25: 黄月英 | D25: 奇门遁甲 | E25: 机巧神兵 | F25: 24 | M25: 101201 | N25: 骑士精神 | O25: 101201 | T25: 光明护佑 | U25: =VLOOKUP(T25,$N:$O,2,FALSE) -> 200011 | AB25: 100600 | AD25: 长弓齐射 | AE25: 对前方范围内最多3支敌军造成谋略伤害（伤害率680%，谋略加成）
A26: 25 | B26: 穆桂英 | C26: 穆桂英 | D26: 平南总帅 | E26: 浑天军刃 | F26: 25 | M26: 101300 | N26: 定关猛击 | O26: 101300 | T26: 沉默誓言 | U26: =VLOOKUP(T26,$N:$O,2,FALSE) -> 200012 | AB26: 102700 | AD26: 疾风之势 | AE26: 我军全体英雄进入连击状态，并使我军移动速度提升30%，持续9秒
A27: 26 | B27: 赵云 | C27: 赵云 | D27: 东洲龙影 | E27: 盘龙七击 | F27: 26 | M27: 101301 | N27: 不屈战魂 | O27: 101301 | T27: 三重攻势 | U27: =VLOOKUP(T27,$N:$O,2,FALSE) -> 200013 | AB27: 102600 | AD27: 龙闪 | AE27: 对敌军造成7段武力伤害（伤害率110%，武力加成）
A28: 27 | B28: 兰陵王 | C28: 兰陵王 | D28: 战意涌动 | E28: 疾风之势 | F28: 27 | M28: 101400 | N28: 上兵伐谋 | O28: 101400 | T28: 命运操弄 | U28: =VLOOKUP(T28,$N:$O,2,FALSE) -> 200014 | AB28: 101300 | AD28: 王者庇护 | AE28: 使周身范围内友军受到武力伤害降低14%（守备加成），持续12秒
A29: 28 | B29: 虞姬 | C29: 虞姬 | D29: 美人恩 | E29: 阵前舞 | F29: 28 | M29: 101401 | N29: 兵者诡道 | O29: 101401 | T29: 军神赠礼 | U29: =VLOOKUP(T29,$N:$O,2,FALSE) -> 200016 | AB29: 100500 | AD29: 青龙偃月 | AE29: 对敌军造成武力伤害（伤害率620%，武力加成），并使自身暴击率提升100%，持续3秒。
A30: 29 | B30: 白起 | C30: 白起 | D30: 追亡逐溃 | E30: 破军凶威 | F30: 29 | M30: 101500 | N30: 神龙降世 | O30: 101500 | T30: 战术冲锋 | U30: =VLOOKUP(T30,$N:$O,2,FALSE) -> 200018 | AB30: 101500 | AD30: 神龙降世 | AE30: 对前方范围内最多3支敌军造成谋略伤害（伤害率880%，谋略加成），并恢复技能所造成伤害25%的兵力（初始怒气增加）
A31: 30 | B31: 秦叔宝 | C31: 秦叔宝 | D31: 裂伤之击 | E31: 冲阵斩敌 | F31: 30 | M31: 101501 | N31: 天后威严 | O31: 101501 | T31: 冲锋的极意 | U31: =VLOOKUP(T31,$N:$O,2,FALSE) -> 200019 | AB31: 103201 | AD31: 毁灭者 | AE31: 自身发动追击技能时，有75%概率对敌军造成一次武力伤害（伤害率210%，武力加成）。我军发动主将技，自身追击技能发动概率提升5%，持续6秒。
A32: 31 | B32: 尉迟恭 | C32: 尉迟恭 | D32: 破碎一击 | E32: 勇猛无前 | F32: 31 | M32: 101600 | N32: 美如冠玉 | O32: 101600 | T32: 孤注一掷 | U32: =VLOOKUP(T32,$N:$O,2,FALSE) -> 200022 | AB32: 101201 | AD32: 骑士精神 | AE32: 我军每6秒回复6点怒气（武力加成，谋略加成），并在全队发动主动技能或追击技能时，有25%的概率额外回复我军怒气12点（武力加成，谋略加成）
A33: 32 | B33: 阿提拉 | C33: 阿提拉 | D33: 毁灭者 | E33: 游牧部落 | F33: 32 | M33: 101601 | N33: 至高王权 | O33: 101601 | T33: 狂怒血脉 | U33: =VLOOKUP(T33,$N:$O,2,FALSE) -> 200023 | AB33: 101401 | AD33: 兵家至圣 | AE33: 进入准备状态，3秒后对敌军造成谋略伤害（伤害率：220%，谋略加成），随后使自身进入兵圣状态，持续6秒。 如果该技能在发动时已经处于兵圣状态，会造成额外谋略伤害（伤害率：220%，谋略加成），并刷新兵圣状态持续时间。
... A47: 210 | B47: 克洛特 | C47: 克洛特 | D47: 诡计 | E47: 阴谋 | F47: 210 | M47: 102301 | N47: 智勇双绝 | O47: 102301 | T47: 敏锐洞察 | U47: =VLOOKUP(T47,$N:$O,2,FALSE) -> 200046 | AB47: 100801 | AD47: 警戒 | AE47: 普攻后，对敌军造成190%武力伤害（守备加成），并使我军受到伤害降低8%（守备加成），伤害降低效果持续9秒。
A48: 211 | B48: 高猛 | C48: 高猛 | D48: 长盾庇护 | E48: 盾牌猛击 | F48: 211 | M48: 102400 | N48: 机巧神兵 | O48: 102400 | AB48: 100900 | AD48: 飞燕回环 | AE48: 连续射击，对目标造成4次武力伤害（伤害率：240%，武力加成）
A49: 212 | B49: 袁夏 | C49: 袁夏 | D49: 烈火 | E49: 焚焰 | F49: 212 | M49: 102401 | N49: 奇门遁甲 | O49: 102401 | AB49: 100901 | AD49: 欺星逐月 | AE49: 普攻攻击后，再次向目标发起一次武力攻击（伤害率：300%，武力加成）。该次攻击有50%概率变为三次武力伤害（伤害率：200%，武力加成）
M50: 102500 | N50: 浑天军刃 | O50: 102500 | AB50: 101700 | AD50: 压制 | AE50: 对目标敌军造成武力伤害（伤害率：350%，守备加成），并在6秒内附加缴械
M51: 102501 | N51: 平南总帅 | O51: 102501 | AB51: 101701 | AD51: 扰乱袭击 | AE51: 使敌军进入缴械状态，持续3秒，释放概率：25%
M52: 102600 | N52: 盘龙七击 | O52: 102600 | AB52: 120500 | AD52: 机谋 | AE52: 对目标造成谋略伤害（伤害率：560%，谋略加成）
M53: 102601 | N53: 东洲龙影 | O53: 102601 | AB53: 120501 | AD53: 伺机待发 | AE53: 进入准备状态，3秒后对敌军造成谋略伤害（伤害率：230%，谋略加成），同时有50%概率使我军主将造成的谋略伤害提升20%（谋略加成），持续3秒
M54: 102700 | N54: 疾风之势 | O54: 102700 | AB54: 120600 | AD54: 纵横猛攻 | AE54: 攻击目标敌军，造成武力伤害（伤害率：560%，武力加成）
M55: 102701 | N55: 战意涌动 | O55: 102701 | AB55: 120601 | AD55: 凶猛追击 | AE55: 普攻攻击后，再次造成一次武力伤害（伤害率：200%，武力加成），并在3秒内提升自身造成的武力伤害20%（武力加成）
M56: 102800 | N56: 阵前舞 | O56: 102800 | AB56: 120700 | AD56: 横扫 | AE56: 对前方扇形范围内最多2名个敌人造成武力伤害（伤害率：460%，武力加成）
M57: 102801 | N57: 美人恩 | O57: 102801 | AB57: 120701 | AD57: 以眼还眼 | AE57: 受到普通攻击时，有25%概率进行一次反击，造成武力伤害（伤害率：75%，武力加成）
M58: 102900 | N58: 破军凶威 | O58: 102900 | AB58: 120800 | AD58: 战意 | AE58: 使用后，3秒内提升我军全体英雄追击技能发动概率17.5%（武力加成）
M59: 102901 | N59: 追亡逐溃 | O59: 102901 | AB59: 120801 | AD59: 列阵待发 | AE59: 自身为副将时，增加我军主将固有追击技能发动概率3.5%（武力加成）。自身为主将时，增加自身追击技能发动概率5%（武力加成）
M60: 103000 | N60: 冲阵斩敌 | O60: 103000 | AB60: 102100 | AD60: 骑士荣耀 | AE60: 对前方扇形范围内最多3名敌军造成180%武力伤害（武力加成，谋略加成），同时全面提升自身武力、守备、谋略15点（武力加成，谋略加成），持续6秒。使用技能时立即获得5层光辉印记。
M61: 103001 | N61: 裂伤之击 | O61: 103001 | AB61: 102101 | AD61: 光辉之剑 | AE61: 进行一次攻击，造成160%武力或谋略伤害（武力加成，谋略加成。攻击时以我军武力和谋略较高的一项属性进行伤害结算），并为自身附加1层光辉印记，同时有10%*技能等级概率额外叠加1层。光辉印记叠满9层时将清除所有印记，并使自身进入光辉祝福状态，持续9秒。光辉祝福期间自身造成伤害时无视对方防御，但不再获得光辉印记。
... M158: 200061 | N158: 泰山压顶 | O158: 200061 | AB158: 200077 | AD158: 暴烈勇猛 | AE158: 使自身固有主动技能和固有追击技能的发动概率提升4%（武力加成）。自身固有主动技能和固有追击技能造成伤害时，有10%+1.2%*星级概率（武力加成）触发暴击。
M159: 200062 | N159: 明心静气 | O159: 200062
M160: 200063 | N160: 灵光乍现 | O160: 200063
M161: 200064 | N161: 胜利的代价 | O161: 200064
M162: 200065 | N162: 避芒击惰 | O162: 200065
M163: 200066 | N163: 怒击扬志 | O163: 200066
M164: 200067 | N164: 奋迅 | O164: 200067
M165: 200068 | N165: 王者之剑 | O165: 200068
M166: 200069 | N166: 列阵御敌 | O166: 200069
M167: 200070 | N167: 冲冠一怒 | O167: 200070
M168: 200071 | N168: 利刃攻心 | O168: 200071
M169: 200072 | N169: 弱点进攻 | O169: 200072
M170: 200073 | N170: 侵蚀之焰 | O170: 200073
... M192: 200126 | N192: 固本 | O192: 200126
D210: 序号 | F210: 英雄 | G210: 兵种 | J210: 风格
D211: 1 | F211: 尤里乌斯 | G211: 剑士 | I211: 枪兵 | J211: 统率 | O211: 琼恩 | P211: 魏兰 | R211: =VLOOKUP(#REF!,$F$210:$J$218,4,FALSE) -> #REF! | S211: =VLOOKUP(O211,$F$210:$J$218,4,FALSE) -> 弓兵 | T211: =VLOOKUP(P211,$F$210:$J$218,4,FALSE) -> 弓兵 | U211: 0.8 | V211: 指挥技
D212: 2 | F212: 项羽 | G212: 枪兵 | J212: 统率 | O212: 弗德里希 | P212: 康斯坦丁 | R212: =VLOOKUP(N191,$F$210:$J$218,4,FALSE) -> #N/A | S212: =VLOOKUP(O212,$F$210:$J$218,4,FALSE) -> 0 | T212: =VLOOKUP(P212,$F$210:$J$218,4,FALSE) -> 0 | U212: 0.8 | V212: 反击或指挥
D213: 3 | F213: 弗德里希 | G213: 枪兵 | J213: 统率 | O213: 亨利 | P213: 影舞者 | R213: =VLOOKUP(#REF!,$F$210:$J$218,4,FALSE) -> #REF! | S213: =VLOOKUP(O213,$F$210:$J$218,4,FALSE) -> 0 | T213: =VLOOKUP(P213,$F$210:$J$218,4,FALSE) -> 0 | U213: 0.8 | V213: 追击技能
D214: 4 | F214: 魏兰 | G214: 骑兵 | I214: 弓兵 | J214: 勇武 | O214: 魏兰 | P214: 项羽 | R214: =VLOOKUP(#REF!,$F$210:$J$218,4,FALSE) -> #REF! | S214: =VLOOKUP(O214,$F$210:$J$218,4,FALSE) -> 弓兵 | T214: =VLOOKUP(P214,$F$210:$J$218,4,FALSE) -> 0 | U214: 0.8 | V214: 主动技能
D215: 5 | F215: 康斯坦丁 | G215: 骑兵 | J215: 勇武
D216: 6 | F216: 亨利 | G216: 骑兵 | J216: 统率
D217: 7 | F217: 琼恩 | G217: 剑士 | I217: 弓兵 | J217: 统率
D218: 8 | F218: 影舞者 | G218: 剑士 | J218: 统率

Sheet #TID_base_up
A1: 旧Key | B1: 新Key | C1: 文本
A2: HeroFactionConf_1_factionName_CN_Main | B2: TID_HeroFactionConf_1_factionName_CN_Main | C2: 剑谋春秋
A3: HeroFactionConf_1_des_CN_Main | B3: TID_HeroFactionConf_1_des_CN_Main | C3: 推荐【奇谋剑】流派挑战
A4: HeroFactionConf_2_factionName_CN_Main | B4: TID_HeroFactionConf_2_factionName_CN_Main | C4: 神剑鬼谋
A5: HeroFactionConf_2_des_CN_Main | B5: TID_HeroFactionConf_2_des_CN_Main | C5: 推荐【异常弓】流派挑战
A6: HeroFactionConf_3_factionName_CN_Main | B6: TID_HeroFactionConf_3_factionName_CN_Main | C6: 千军景从
A7: HeroFactionConf_3_des_CN_Main | B7: TID_HeroFactionConf_3_des_CN_Main | C7: 推荐指挥技能流派挑战
A8: HeroFactionConf_4_factionName_CN_Main | B8: TID_HeroFactionConf_4_factionName_CN_Main | C8: 荆棘之心
A9: HeroFactionConf_4_des_CN_Main | B9: TID_HeroFactionConf_4_des_CN_Main | C9: 推荐【反击枪】流派挑战
A10: HeroFactionConf_5_factionName_CN_Main | B10: TID_HeroFactionConf_5_factionName_CN_Main | C10: 勇猛无双
A11: HeroFactionConf_5_des_CN_Main | B11: TID_HeroFactionConf_5_des_CN_Main | C11: 推荐武力追击流派挑战
A12: HeroFactionConf_6_factionName_CN_Main | B12: TID_HeroFactionConf_6_factionName_CN_Main | C12: 智取万疆
... A202: HeroFactionRecommend_7002_des_CN_Main | B202: TID_HeroFactionRecommend_7002_des_CN_Main | C202: 开荒可用的临时阵容。康斯坦丁的谋略较低，使用文武双全补全整队的谋略伤害。
