Workbook
Name horse2id: #REF!
Name id2Data: #REF!
Name id2des: #REF!
Name id2guidedata: #REF!
Name id2ma: #REF!
Name id2name: #REF!
Name name2guidedata: #REF!
Name name2id: #REF!
Name skilldatabase: #REF!
Name skillId: #REF!
Name t2k: #REF!
Name TalentId2Des: #REF!
Name 英雄战力系数: #REF!

Sheet 英雄攻略配置表
A1: convert(ResHero.proto, table_HeroTeamStrategy, HeroTeamStrategy.pbin)
A2: id | B2: 名称 | C2: 名称（备注） | D2: 推荐id | E2: 策划用 | F2: 阵容兵种
A3: id | B3: name | D3: recommendId[|] | F3: soldierType
A4: 1 | B4: TID_TEXT_LINEUP_GUIDE_TAB_1 | C4: 新手阵容 | D4: 1|2|3|4|27 | E4: 1|2|3|4|27
A5: 2 | B5: TID_TEXT_LINEUP_GUIDE_TAB_2 | C5: 剑士阵容 | D5: 36|35|31|30|5|22|7|17|23|8 | E5: {=_xlfn.TEXTJOIN("|", TRUE, _xlfn._xlws.SORT(_xlfn._xlws.FILTER([1]阵容详细配置表!A:A, ([1]阵容详细配置表!K:K=F5) * ([1]阵容详细配置表!N:N<>"新手")), 1, -1))} -> 37|36|35|31|30|23|22|17|8|7|5 | F5: 剑士
A6: 3 | B6: TID_TEXT_LINEUP_GUIDE_TAB_3 | C6: 枪兵阵容 | D6: 41|34|28|25|21|10|9 | E6: {=_xlfn.TEXTJOIN("|", TRUE, _xlfn._xlws.SORT(_xlfn._xlws.FILTER([1]阵容详细配置表!A:A, ([1]阵容详细配置表!K:K=F6) * ([1]阵容详细配置表!N:N<>"新手")), 1, -1))} -> 41|34|28|25|21|10|9 | F6: 枪兵
A7: 4 | B7: TID_TEXT_LINEUP_GUIDE_TAB_4 | C7: 骑士阵容 | D7: 42|40|39|33|19|16|12|11|13|24 | E7: {=_xlfn.TEXTJOIN("|", TRUE, _xlfn._xlws.SORT(_xlfn._xlws.FILTER([1]阵容详细配置表!A:A, ([1]阵容详细配置表!K:K=F7) * ([1]阵容详细配置表!N:N<>"新手")), 1, -1))} -> 42|40|39|33|24|19|16|13|12|11 | F7: 骑兵
A8: 5 | B8: TID_TEXT_LINEUP_GUIDE_TAB_5 | C8: 弓兵阵容 | D8: 38|32|29|15|20|18|26 | E8: {=_xlfn.TEXTJOIN("|", TRUE, _xlfn._xlws.SORT(_xlfn._xlws.FILTER([1]阵容详细配置表!A:A, ([1]阵容详细配置表!K:K=F8) * ([1]阵容详细配置表!N:N<>"新手")), 1, -1))} -> 38|32|29|26|20|18|15 | F8: 弓兵

Sheet 阵容详细配置表
A1: convert(ResHero.proto, table_HeroTeamStrategyDetail, HeroTeamStrategyDetail.pbin)
A2: id | B2: 阵容名称（文本） | C2: 阵容名称 | D2: 阵容介绍 | E2: 阵容介绍（文本） | F2: 玺戒解锁后的阵容介绍 | G2: 玺戒解锁后的阵容介绍（文本） | H2: 槽位1英雄id | I2: 槽位2英雄id | J2: 槽位3英雄id | K2: 阵容兵种 | L2: 阵容风格 | M2: 显示icon图集 | N2: 标签文本 | O2: 阵容类型 | P2: 阵容优先级 | Q2: 备注
A3: id | C3: name | D3: desc | F3: unlockDesc | H3: pos1[|] | I3: pos2[|] | J3: pos3[|] | K3: soldierType | L3: battleStyle | M3: iconAtlas | N3: tagTxt | O3: type | P3: sort
A4: 1 | B4: 开荒公主剑 | C4: TID_TEXT_LINEUP_GUIDE_TITLE_1 | D4: TID_TEXT_LINEUP_GUIDE_CONTENT_1 | E4: <color=#ffc766>哈拉尔</color>可提升我军主将<color=#ffc766>主动</color>和<color=#ffc766>追击</color>装配技能的伤害，<color=#ffc766>约瑟芬</color>装备<color=#ffc766>追击</color>技能可享受<color=#ffc766>哈拉尔</color>的增伤效果，同时<color=#ffc766>连击</color>技能可进一步提升约瑟芬固有和装配追击技能的输出效率。该队伍的英雄均容易获取，适合新手使用。 | F4: TID_TEXT_LINEUP_GUIDE_CONTENT_1 | G4: <color=#ffc766>哈拉尔</color>可提升我军主将<color=#ffc766>主动</color>和<color=#ffc766>追击</color>装配技能的伤害，<color=#ffc766>约瑟芬</color>装备<color=#ffc766>追击</color>技能可享受<color=#ffc766>哈拉尔</color>的增伤效果，同时<color=#ffc766>连击</color>技能可进一步提升约瑟芬固有和装配追击技能的输出效率。该队伍的英雄均容易获取，适合新手使用。 | H4: 1036 | I4: 1056|1211 | J4: 1055|12111 | K4: 剑士 | L4: 勇武 | M4: icon_packageitem | N4: 新手 | Q4: 新手剑
A5: 2 | B5: 新手红颜弓 | C5: TID_TEXT_LINEUP_GUIDE_TITLE_2 | D5: TID_TEXT_LINEUP_GUIDE_CONTENT_2 | E5: <color=#ffc766>杜加瓦蒂</color>固有技能提供的<color=#ffc766>连击</color>效果，能极大的提升花木兰的输出效率。注意装配技能多选择追击技能，力争输出最大化。队伍的第三名英雄可选择<color=#ffc766>大卫王</color>，进一步提升<color=#ffc766>花木兰</color>的输出能力；也可选择<color=#ffc766>约瑟芬</color>，提升队伍的综合能力。 | F5: TID_TEXT_LINEUP_GUIDE_CONTENT_2 | G5: <color=#ffc766>杜加瓦蒂</color>固有技能提供的<color=#ffc766>连击</color>效果，能极大的提升花木兰的输出效率。注意装配技能多选择追击技能，力争输出最大化。队伍的第三名英雄可选择<color=#ffc766>大卫王</color>，进一步提升<color=#ffc766>花木兰</color>的输出能力；也可选择<color=#ffc766>约瑟芬</color>，提升队伍的综合能力。 | H5: 2009|2036 | I5: 2036|2055|2208 | J5: 2076|20551|22081 | K5: 弓兵 | L5: 勇武 | M5: icon_packageitem | N5: 新手 | Q5: 新手弓
A6: 3 | B6: 群战反击枪 | C6: TID_TEXT_LINEUP_GUIDE_TITLE_3 | D6: TID_TEXT_LINEUP_GUIDE_CONTENT_3 | E6: 反击技能在<color=#ffc766>面对大量敌人同时进攻时</color>，触发频率将提高，配合<color=#ffc766>巴巴罗萨</color>出色的减伤能力，很适合在战斗中用来承受伤害，并通过反击技能进行输出。该队伍中<color=#ffc766>列奥尼达一世</color>和<color=#ffc766>贞德</color>的固有技能均为反击技能，且较容易获取，适合新手适用。 | F6: TID_TEXT_LINEUP_GUIDE_CONTENT_3 | G6: 反击技能在<color=#ffc766>面对大量敌人同时进攻时</color>，触发频率将提高，配合<color=#ffc766>巴巴罗萨</color>出色的减伤能力，很适合在战斗中用来承受伤害，并通过反击技能进行输出。该队伍中<color=#ffc766>列奥尼达一世</color>和<color=#ffc766>贞德</color>的固有技能均为反击技能，且较容易获取，适合新手适用。 | H6: 3013|3001|3019 | I6: 3001|3019|3207 | J6: 3017|3207 | K6: 枪兵 | L6: 勇武 | M6: icon_packageitem | N6: 新手 | Q6: 新手反击枪
A7: 4 | B7: 新手暴击骑 | C7: TID_TEXT_LINEUP_GUIDE_TITLE_4 | D7: TID_TEXT_LINEUP_GUIDE_CONTENT_4 | E7: <color=#ffc766>关羽</color>的固有技能具备稀有的<color=#ffc766>暴击率</color>提升效果。触发暴击时，普通攻击和可暴击技能能够造成<color=#ffc766>双倍伤害</color>，因此，<color=#ffc766>致命一击</color>成为了他最为关键的装配技能。<color=#ffc766>杜加瓦蒂</color>提供的<color=#ffc766>连击状态</color>可以大幅提升普攻和技能的触发频率，是队伍中不可或缺的辅助英雄。 | F7: TID_TEXT_LINEUP_GUIDE_CONTENT_4 | G7: <color=#ffc766>关羽</color>的固有技能具备稀有的<color=#ffc766>暴击率</color>提升效果。触发暴击时，普通攻击和可暴击技能能够造成<color=#ffc766>双倍伤害</color>，因此，<color=#ffc766>致命一击</color>成为了他最为关键的装配技能。<color=#ffc766>杜加瓦蒂</color>提供的<color=#ffc766>连击状态</color>可以大幅提升普攻和技能的触发频率，是队伍中不可或缺的辅助英雄。 | H7: 4005|4019|4202 | I7: 4056|4019|4215 | J7: 4076|4202|42151 | K7: 骑兵 | L7: 勇武 | M7: icon_packageitem | N7: 新手 | Q7: 新手骑
A8: 5 | B8: 暴力输出谋伤剑 | C8: TID_TEXT_LINEUP_GUIDE_TITLE_5 | D8: TID_TEXT_LINEUP_GUIDE_CONTENT_5_1 | E8: 在<color=#ffc766>兵圣状态</color>中，<color=#ffc766>孙武</color>能够额外造成一次高额伤害。频繁触发固有技能并保持兵圣状态是这个阵容的核心策略。<color=#ffc766>腓力四世</color>可强化队伍的输出能力，<color=#ffc766>狄奥多拉</color>则兼具续航和增伤，队伍的第三人可根据英雄拥有情况灵活选择。 | F8: TID_TEXT_LINEUP_GUIDE_CONTENT_5_1 | G8: 在<color=#ffc766>兵圣状态</color>中，<color=#ffc766>孙武</color>能够额外造成一次高额伤害。频繁触发固有技能并保持兵圣状态是这个阵容的核心策略。<color=#ffc766>腓力四世</color>可强化队伍的输出能力，<color=#ffc766>狄奥多拉</color>则兼具续航和增伤，队伍的第三人可根据英雄拥有情况灵活选择。 | H8: 5014|5004 | I8: 5016|50041|5205 | J8: 5062|5016|5209 | K8: 剑士 | L8: 智谋 | M8: icon_packageitem | N8: 智谋 | Q8: 智谋剑
A9: 6 | B9: 新手统率剑 | C9: TID_TEXT_LINEUP_GUIDE_TITLE_6 | D9: TID_TEXT_LINEUP_GUIDE_CONTENT_6_1 | E9: <color=#ffc766>凯撒</color>和<color=#ffc766>织田信长</color>的固有技均为指挥技能，具有稳定的输出能力，适合新手前期使用。另一名副将可选择<color=#ffc766>李道玄</color>，组成完整的统率剑队伍。由于前期风格加成还未解锁，也可选择<color=#ffc766>约瑟芬</color>、<color=#ffc766>克里奥帕特拉</color>、<color=#ffc766>哈拉尔</color>等其他风格中个体能力更强的剑士英雄。 | F9: TID_TEXT_LINEUP_GUIDE_CONTENT_6_1 | G9: <color=#ffc766>凯撒</color>和<color=#ffc766>织田信长</color>的固有技均为指挥技能，具有稳定的输出能力，适合新手前期使用。另一名副将可选择<color=#ffc766>李道玄</color>，组成完整的统率剑队伍。由于前期风格加成还未解锁，也可选择<color=#ffc766>约瑟芬</color>、<color=#ffc766>克里奥帕特拉</color>、<color=#ffc766>哈拉尔</color>等其他风格中个体能力更强的剑士英雄。 | H9: 6003 | I9: 6002|2036 | J9: 6201|6004|6056 | K9: 剑士 | L9: 统率 | M9: icon_packageitem | N9: 新手 | Q9: 统帅剑
A10: 7 | B10: 传奇皇者真伤剑 | C10: TID_TEXT_LINEUP_GUIDE_TITLE_7 | D10: TID_TEXT_LINEUP_GUIDE_CONTENT_7_1 | E10: <color=#ffc766>亚瑟王</color>每两次触发固有技能后能进入<color=#ffc766>祝福状态</color>，此时攻击能<color=#ffc766>忽略敌军防御</color>，造成惊人伤害。<color=#ffc766>宫本武藏</color>自身输出能力很强，还能帮助亚瑟王更多地发动固有技能（需亚瑟王武力最高），是亚瑟王的最佳搭配之一。最后一名副将选择<color=#ffc766>君士坦丁大帝</color>，为队伍提供强大的续航辅助。该队伍输出和续航兼顾，具有非常强大的作战能力。 | F10: TID_TEXT_LINEUP_GUIDE_CONTENT_7_1 | G10: <color=#ffc766>亚瑟王</color>每两次触发固有技能后能进入<color=#ffc766>祝福状态</color>，此时攻击能<color=#ffc766>忽略敌军防御</color>，造成惊人伤害。<color=#ffc766>崔布瓦娜</color>能大大提升亚瑟王的固有主动技能发动频率，是其最佳的输出辅助副将。最后一名副将选择<color=#ffc766>君士坦丁大帝</color>，为队伍提供强大的续航辅助。该队伍输出和续航兼顾，具有非常强大的作战能力。 | H10: 7021 | I10: 7077|7091|7061 | J10: 7008|7055|7056 | K10: 剑士 | L10: 勇武 | M10: icon_packageitem | N10: 混合 | O10: 7 | P10: 1 | Q10: 亚瑟勇武剑
A11: 8 | B11: 攻城中坚勇武剑 | C11: TID_TEXT_LINEUP_GUIDE_TITLE_8 | D11: TID_TEXT_LINEUP_GUIDE_CONTENT_8 | E11: 本队最大特点是全体英雄都很容易获取，但却能有不俗的作战能力。<color=#ffc766>汉谟拉比和大卫王围绕溃散状态进行联动</color>，提升队伍的输出能力。在装配技能的选择上，可以考虑添加更多<color=#ffc766>施加溃散状态</color>的技能，以保持以上效果的稳定触发。注意该队三名英雄均具有很高的<color=#ffc766>摧城属性</color>，装配技能可替换成摧城技能作为攻城部队使用。 | F11: TID_TEXT_LINEUP_GUIDE_CONTENT_8 | G11: 本队最大特点是全体英雄都很容易获取，但却能有不俗的作战能力。<color=#ffc766>汉谟拉比和大卫王围绕溃散状态进行联动</color>，提升队伍的输出能力。在装配技能的选择上，可以考虑添加更多<color=#ffc766>施加溃散状态</color>的技能，以保持以上效果的稳定触发。注意该队三名英雄均具有很高的<color=#ffc766>摧城属性</color>，装配技能可替换成摧城技能作为攻城部队使用。 | H11: 8036 | I11: 8061 | J11: 8055 | K11: 剑士 | L11: 勇武 | M11: icon_packageitem | N11: 勇武 | Q11: 攻城剑
A12: 9 | B12: 稳定生存统率枪 | C12: TID_TEXT_LINEUP_GUIDE_TITLE_9_1 | D12: TID_TEXT_LINEUP_GUIDE_CONTENT_9_1 | E12: 统率枪阵容以<color=#ffc766>指挥技能</color>为主要的输出和治疗手段，<color=#ffc766>稳定性</color>是其最大特点。<color=#ffc766>屋大维</color>在每次我军触发一定次数固有指挥技能后，能提供额外的增伤效果，是该队伍的核心英雄。<color=#ffc766>凯撒</color>和<color=#ffc766>示巴女王</color>每隔9秒可各造成一次伤害和回复效果，具有稳定的作战能力。 | F12: TID_TEXT_LINEUP_GUIDE_CONTENT_9_1 | G12: 统率枪阵容以<color=#ffc766>指挥技能</color>为主要的输出和治疗手段，<color=#ffc766>稳定性</color>是其最大特点。<color=#ffc766>屋大维</color>在每次我军触发一定次数固有指挥技能后，能提供额外的增伤效果，是该队伍的核心英雄。<color=#ffc766>凯撒</color>和<color=#ffc766>示巴女王</color>每隔9秒可各造成一次伤害和回复效果，具有稳定的作战能力。 | H12: 9003 | I12: 9034|9213 | J12: 9064|9203 | K12: 枪兵 | L12: 统率 | M12: icon_packageitem | N12: 统率 | Q12: 指挥枪
A13: 10 | B13: 群战之王反击枪 | C13: TID_TEXT_LINEUP_GUIDE_TITLE_10 | D13: TID_TEXT_LINEUP_GUIDE_CONTENT_10_2 | E13: <color=#ffc766>理查一世</color>具有极高的武力属性，以及强大的反击能力，并且主将技能附加减速效果，能黏住敌人持续输出。<color=#ffc766>布狄卡</color>自身具有很高的反击伤害，还能进一步强化我军武力最高英雄的输出能力，与理查一世极其适配。<color=#ffc766>巴巴罗萨</color>是队伍持续输出的续航支柱，当血量降低时，续航能力逐渐变强！ | F13: TID_TEXT_LINEUP_GUIDE_CONTENT_10_2 | G13: <color=#ffc766>理查一世</color>具有极高的武力属性，以及强大的反击能力，并且主将技能附加减速效果，能黏住敌人持续输出。<color=#ffc766>布狄卡</color>自身具有很高的反击伤害，还能进一步强化我军武力最高英雄的输出能力，与理查一世极其适配。<color=#ffc766>巴巴罗萨</color>是队伍持续输出的续航支柱，当血量降低时，续航能力逐渐变强！ | H13: 10042|10013|10001 | I13: 10011|100131|100011 | J13: 10017|100191|10207 | K13: 枪兵 | L13: 勇武 | M13: icon_packageitem | N13: 勇武 | O13: 25 | P13: 2
A14: 11 | B14: 智勇双全智谋骑 | C14: TID_TEXT_LINEUP_GUIDE_TITLE_11 | D14: TID_TEXT_LINEUP_GUIDE_CONTENT_11_1 | E14: <color=#ffc766>汉尼拔</color>的固有技能能够<color=#ffc766>削弱敌军主将</color>的谋略和防御属性，搭配<color=#ffc766>压迫之袭</color>可实现全属性削弱。当<color=#ffc766>主将技能</color>触发时，汉尼拔能够获得敌军主将被削弱的部分属性，从而在一段时间内产生爆发伤害。<color=#ffc766>查士丁尼一世</color>能在我军英雄触发追击技能时提供回复和减伤效果，与汉尼拔形成很好的联动。<color=#ffc766>阿育王</color>可以提高<color=#ffc766>汉尼拔</color>固有技能的释放概率，增加属性削弱的覆盖率，同时使队伍进入<color=#ffc766>免控</color>状态。 | F14: TID_TEXT_LINEUP_GUIDE_CONTENT_11_1 | G14: <color=#ffc766>汉尼拔</color>的固有技能能够<color=#ffc766>削弱敌军主将</color>的谋略和防御属性，搭配<color=#ffc766>压迫之袭</color>可实现全属性削弱。当<color=#ffc766>主将技能</color>触发时，汉尼拔能够获得敌军主将被削弱的部分属性，从而在一段时间内产生爆发伤害。<color=#ffc766>查士丁尼一世</color>能在我军英雄触发追击技能时提供回复和减伤效果，与汉尼拔形成很好的联动。<color=#ffc766>阿育王</color>可以提高<color=#ffc766>汉尼拔</color>固有技能的释放概率，增加属性削弱的覆盖率，同时使队伍进入<color=#ffc766>免控</color>状态。 | H14: 11023|11004 | I14: 11010|110041|11210 | J14: 11075|11032|110042 | K14: 骑兵 | L14: 智谋 | M14: icon_packageitem | N14: 智谋 | Q14: 智谋骑
A15: 12 | B15: 兵扫六合决斗骑 | C15: TID_TEXT_LINEUP_GUIDE_TITLE_12 | D15: TID_TEXT_LINEUP_GUIDE_CONTENT_12_1 | E15: <color=#ffc766>熙德</color>能对处于<color=#ffc766>减速状态</color>的敌人造成额外伤害，因此野战是该阵容的强项。熙德的主将技会对攻击目标附加减速状态，因此装配技能需要选择<color=#ffc766>胜利怒吼</color>以提升队伍的怒气回复速率。副将<color=#ffc766>哈立德</color>能提升队伍的输出能力，而<color=#ffc766>示巴女王</color>则能为队伍带来更强的续航能力。也可选择<color=#ffc766>阿提拉</color>替换示巴女王，损失风格加成，换来全队连击效果，追求更极致的输出能力（注意此时熙德的<color=#ffc766>连击</color>技能可换为<color=#ffc766>弱点进攻</color>）。 | F15: TID_TEXT_LINEUP_GUIDE_CONTENT_12_1 | G15: <color=#ffc766>熙德</color>能对处于<color=#ffc766>减速状态</color>的敌人造成额外伤害，因此野战是该阵容的强项。熙德的主将技会对攻击目标附加减速状态，因此装配技能需要选择<color=#ffc766>胜利怒吼</color>以提升队伍的怒气回复速率。副将<color=#ffc766>哈立德</color>能提升队伍的输出能力，而<color=#ffc766>示巴女王</color>则能为队伍带来更强的续航能力。也可选择<color=#ffc766>阿提拉</color>替换示巴女王，损失风格加成，换来全队连击效果，追求更极致的输出能力（注意此时熙德的<color=#ffc766>连击</color>技能可换为<color=#ffc766>弱点进攻</color>）。 | H15: 12047 | I15: 12063|12064|12206 | J15: 120641|12032|12206 | K15: 骑兵 | L15: 统率 | M15: icon_packageitem | N15: 统率 | O15: 12 | P15: 1 | Q15: 决斗骑
A16: 13 | B16: 暴击致胜连击骑 | C16: TID_TEXT_LINEUP_GUIDE_TITLE_13 | D16: TID_TEXT_LINEUP_GUIDE_CONTENT_13 | E16: 相比<color=#ffc766>杜加瓦蒂</color>，<color=#ffc766>阿提拉</color>能为<color=#ffc766>全队</color>附加连击效果，配合提升暴击率的技能，能使整个队伍具有更强的爆发输出能力。<color=#ffc766>关羽</color>仍是队伍的核心输出英雄，另一名英雄选择<color=#ffc766>哈拉尔</color>，能进一步提升关羽的输出能力。也可选择<color=#ffc766>大流士一世</color>，装配技能选择追击技能，配合其固有技能带来的<color=#ffc766>忽视防御</color>效果，以及阿提拉附加的连击效果，组成双核输出队伍。该队是讲究极致输出，但防御能力稍弱的队伍。 | F16: TID_TEXT_LINEUP_GUIDE_CONTENT_13 | G16: 相比<color=#ffc766>杜加瓦蒂</color>，<color=#ffc766>阿提拉</color>能为<color=#ffc766>全队</color>附加连击效果，配合提升暴击率的技能，能使整个队伍具有更强的爆发输出能力。<color=#ffc766>关羽</color>仍是队伍的核心输出英雄，另一名英雄选择<color=#ffc766>哈拉尔</color>，能进一步提升关羽的输出能力。也可选择<color=#ffc766>大流士一世</color>，装配技能选择追击技能，配合其固有技能带来的<color=#ffc766>忽视防御</color>效果，以及阿提拉附加的连击效果，组成双核输出队伍。该队是讲究极致输出，但防御能力稍弱的队伍。 | H16: 13005|13019 | I16: 13056|130191 | J16: 13032|13076 | K16: 骑兵 | L16: 勇武 | M16: icon_packageitem | N16: 勇武 | Q16: 暴击骑
A17: 15 | B17: 状态控制智谋弓 | C17: TID_TEXT_LINEUP_GUIDE_TITLE_15 | D17: TID_TEXT_LINEUP_GUIDE_CONTENT_15 | E17: <color=#ffc766>苏莱曼一世</color>攻击处于<color=#ffc766>异常状态</color>中的敌人时，能产生额外效果，如攻击<color=#ffc766>燃烧状态</color>的敌人，能额外造成一次高额伤害。善德女王能为敌军施加<color=#ffc766>沉默状态</color>，与苏莱曼一世形成联动的同时，还能有效遏制以主动技能为主要输出手段的敌人。该队的装配技能尽量选择能附加燃烧状态的技能，以最大化苏莱曼一世的输出能力。需要注意的是，因为集结战斗中部队会不断切换目标，无法稳定的攻击燃烧状态中的敌军，会导致固有技能的输出效果降低。 | F17: TID_TEXT_LINEUP_GUIDE_CONTENT_15 | G17: <color=#ffc766>苏莱曼一世</color>攻击处于<color=#ffc766>异常状态</color>中的敌人时，能产生额外效果，如攻击<color=#ffc766>燃烧状态</color>的敌人，能额外造成一次高额伤害。善德女王能为敌军施加<color=#ffc766>沉默状态</color>，与苏莱曼一世形成联动的同时，还能有效遏制以主动技能为主要输出手段的敌人。该队的装配技能尽量选择能附加燃烧状态的技能，以最大化苏莱曼一世的输出能力。需要注意的是，因为集结战斗中部队会不断切换目标，无法稳定的攻击燃烧状态中的敌军，会导致固有技能的输出效果降低。 | H17: 15093|15020 | I17: 15092|150201 | J17: 15062|15092|15212 | K17: 弓兵 | L17: 智谋 | M17: icon_packageitem | N17: 智谋
A18: 16 | B18: 亚瑟王勇武骑 | C18: TID_TEXT_LINEUP_GUIDE_TITLE_16 | D18: TID_TEXT_LINEUP_GUIDE_CONTENT_16 | E18: 以<color=#ffc766>亚瑟王</color>为输出核心的骑兵队伍。亚瑟王在<color=#ffc766>祝福状态</color>下能无视敌方防御，伤害极高，装备追击技能时能与<color=#ffc766>阿提拉</color>固有技能提供的<color=#ffc766>连击效果</color>形成联动，使输出效率最大化。副将选择<color=#ffc766>哈拉尔</color>能更好地辅助亚瑟王进行输出，而选择<color=#ffc766>大流士一世</color>则能带来更强的输出能力。 | F18: TID_TEXT_LINEUP_GUIDE_CONTENT_16 | G18: 以<color=#ffc766>亚瑟王</color>为输出核心的骑兵队伍。亚瑟王在<color=#ffc766>祝福状态</color>下能无视敌方防御，伤害极高，装备追击技能时能与<color=#ffc766>阿提拉</color>固有技能提供的<color=#ffc766>连击效果</color>形成联动，使输出效率最大化。副将选择<color=#ffc766>哈拉尔</color>能更好地辅助亚瑟王进行输出，而选择<color=#ffc766>大流士一世</color>则能带来更强的输出能力。 | H18: 16021 | I18: 16056|16019 | J18: 16032|16076 | K18: 骑兵 | L18: 勇武 | M18: icon_packageitem | N18: 勇武 | Q18: 亚瑟勇武骑
A19: 17 | B19: 剑豪勇武剑 | C19: TID_TEXT_LINEUP_GUIDE_TITLE_17 | D19: TID_TEXT_LINEUP_GUIDE_CONTENT_17 | E19: <color=#ffc766>宫本武藏</color>自身具有较高的伤害，还能帮助队伍中武力最高的一名其他英雄额外发动固有主动技能，是主动体系队伍的强力主将。<color=#ffc766>君士坦丁大帝</color>能提供极强的续航能力，与宫本武藏形成良好的配合。另一名副将选择<color=#ffc766>汉谟拉比</color>进一步强化宫本武藏的输出能力。由于君士坦丁大帝的获取难度较高，也可选择<color=#ffc766>大卫王</color>，与汉谟拉比基于<color=#ffc766>溃散</color>状态形成联动，提供极强的团队输出强化能力。 | F19: TID_TEXT_LINEUP_GUIDE_CONTENT_17 | G19: <color=#ffc766>宫本武藏</color>自身具有较高的伤害，还能帮助队伍中武力最高的一名其他英雄额外发动固有主动技能，是主动体系队伍的强力主将。<color=#ffc766>君士坦丁大帝</color>能提供极强的续航能力，与宫本武藏形成良好的配合。另一名副将选择<color=#ffc766>崔布瓦娜</color>能大大提高宫本武藏固有主动技能的发动频率，提升伤害效率。由于君士坦丁大帝的获取难度较高，也可选择<color=#ffc766>汉谟拉比</color>作为替换英雄。 | H19: 17091|17036 | I19: 17077|17055|17056 | J19: 17008|17061|17056 | K19: 剑士 | L19: 勇武 | M19: icon_packageitem | N19: 勇武 | Q19: 勇武剑
A20: 18 | B20: 木兰连击弓 | C20: TID_TEXT_LINEUP_GUIDE_TITLE_18 | D20: TID_TEXT_LINEUP_GUIDE_CONTENT_18 | E20: 该队的核心是<color=#ffc766>阿提拉</color>，其为我军全体英雄附加的<color=#ffc766>连击</color>效果，能极大地提升<color=#ffc766>花木兰</color>和<color=#ffc766>约瑟芬</color>的输出能力！注意此时英雄的装配技能要尽量选择追击技能。副将位置也可用<color=#ffc766>大卫王</color>替换<color=#ffc766>约瑟芬</color>，大卫王虽然不是追击体系，但能强化花木兰的输出效果，形成以主将为核心输出的队伍构筑。 | F20: TID_TEXT_LINEUP_GUIDE_CONTENT_18 | G20: 该队的核心是<color=#ffc766>阿提拉</color>，其为我军全体英雄附加的<color=#ffc766>连击</color>效果，能极大地提升<color=#ffc766>花木兰</color>和<color=#ffc766>约瑟芬</color>的输出能力！注意此时英雄的装配技能要尽量选择追击技能。副将位置也可用<color=#ffc766>大卫王</color>替换<color=#ffc766>约瑟芬</color>，大卫王虽然不是追击体系，但能强化花木兰的输出效果，形成以主将为核心输出的队伍构筑。 | H20: 18009|18036 | I20: 180361|18055 | J20: 18032|18076 | K20: 弓兵 | L20: 勇武 | M20: icon_packageitem | N20: 勇武 | Q20: 连击弓
A21: 19 | B21: 吕布关羽无双骑 | C21: TID_TEXT_LINEUP_GUIDE_TITLE_19 | D21: TID_TEXT_LINEUP_GUIDE_CONTENT_19 | E21: 进阶暴击骑阵容。<color=#ffc766>暴击率</color>是该阵容的核心。<color=#ffc766>吕布</color>在队伍中任意英雄暴击后，有概率进行额外普攻；<color=#ffc766>关羽</color>则拥有高额的暴击率，开场暴击能与吕布配合，造成强力的开场爆发。<color=#ffc766>阿提拉</color>可以为队伍中的两名英雄提供连击状态，大幅提升整体伤害输出。 | F21: TID_TEXT_LINEUP_GUIDE_CONTENT_19 | G21: 进阶暴击骑阵容。<color=#ffc766>暴击率</color>是该阵容的核心。<color=#ffc766>吕布</color>在队伍中任意英雄暴击后，有概率进行额外普攻；<color=#ffc766>关羽</color>则拥有高额的暴击率，开场暴击能与吕布配合，造成强力的开场爆发。<color=#ffc766>阿提拉</color>可以为队伍中的两名英雄提供连击状态，大幅提升整体伤害输出。 | H21: {=_xlfn.TEXTJOIN("|", TRUE, IF(([1]英雄详细配置!B:B=A21)*(ISNUMBER([1]英雄详细配置!C:C)*([1]英雄详细配置!C:C=1)+ISBLANK([1]英雄详细配置!C:C)), [1]英雄详细配置!A:A, ""))} -> 19037|19005|19019 | I21: {=_xlfn.TEXTJOIN("|", TRUE, IF(([1]英雄详细配置!B:B=A21)*(ISNUMBER([1]英雄详细配置!C:C)*([1]英雄详细配置!C:C=2)+ISBLANK([1]英雄详细配置!C:C)), [1]英雄详细配置!A:A, ""))} -> 190051|19056|190191 | J21: {=_xlfn.TEXTJOIN("|", TRUE, IF(([1]英雄详细配置!B:B=A21)*(ISNUMBER([1]英雄详细配置!C:C)*([1]英雄详细配置!C:C=3)+ISBLANK([1]英雄详细配置!C:C)), [1]英雄详细配置!A:A, ""))} -> 19032|19076 | K21: 骑兵 | L21: 勇武 | M21: icon_packageitem | N21: 勇武 | O21: 19 | P21: 1
A22: 20 | B22: 贝利薇连击弓 | C22: TID_TEXT_LINEUP_GUIDE_TITLE_20 | D22: TID_TEXT_LINEUP_GUIDE_CONTENT_20 | E22: 该阵容是以<color=#ffc766>连击</color>为核心的追击阵容体系。<color=#ffc766>贝利薇</color>每回合有概率进入连击状态，搭配追击技能有着极强的输出能力，是队伍的核心。<color=#ffc766>花木兰</color>搭配追击技能也有着不俗的输出能力。<color=#ffc766>阿提拉</color>可以使队伍整体进入连击状态，提高连击覆盖率，进一步增加队伍的输出能力。 | F22: TID_TEXT_LINEUP_GUIDE_CONTENT_20 | G22: 该阵容是以<color=#ffc766>连击</color>为核心的追击阵容体系。<color=#ffc766>贝利薇</color>每回合有概率进入连击状态，搭配追击技能有着极强的输出能力，是队伍的核心。<color=#ffc766>花木兰</color>搭配追击技能也有着不俗的输出能力。<color=#ffc766>阿提拉</color>可以使队伍整体进入连击状态，提高连击覆盖率，进一步增加队伍的输出能力。 | H22: 20069 | I22: 20032|20076 | J22: 20009|20036 | K22: 弓兵 | L22: 勇武 | M22: icon_packageitem | N22: 勇武 | O22: 20 | P22: 1
A23: 21 | B23: 兰甘亨团辅枪 | C23: TID_TEXT_LINEUP_GUIDE_TITLE_21 | D23: TID_TEXT_LINEUP_GUIDE_CONTENT_21 | E23: 该阵容是以<color=#ffc766>兰甘亨</color>为核心的团队辅助阵容。<color=#ffc766>兰甘亨</color>的主将技和固有技能可以提升范围内玩家多支部队的伤害输出，并增加生存能力。<color=#ffc766>屋大维</color>能为部队提供额外的增伤效果。<color=#ffc766>示巴女王</color>则能带来更强的续航能力。队伍的整体输出能力一般，但生存和辅助能力优秀，能极大地提升玩家其他部队的整体作战能力。 | F23: TID_TEXT_LINEUP_GUIDE_CONTENT_21 | G23: 该阵容是以<color=#ffc766>兰甘亨</color>为核心的团队辅助阵容。<color=#ffc766>兰甘亨</color>的主将技和固有技能可以提升范围内玩家多支部队的伤害输出，并增加生存能力。<color=#ffc766>屋大维</color>能为部队提供额外的增伤效果。<color=#ffc766>示巴女王</color>则能带来更强的续航能力。队伍的整体输出能力一般，但生存和辅助能力优秀，能极大地提升玩家其他部队的整体作战能力。 | H23: 21078 | I23: 21034|21003 | J23: 21064|210031 | K23: 枪兵 | L23: 统率 | M23: icon_packageitem | N23: 统率
A24: 22 | B24: 游娣特威慑剑 | C24: TID_TEXT_LINEUP_GUIDE_TITLE_22 | D24: TID_TEXT_LINEUP_GUIDE_CONTENT_22 | E24: 以<color=#ffc766>游娣特</color>为核心的剑士阵容。<color=#ffc766>游娣特</color>的固有技能有着不俗的伤害，同时有概率附加<color=#ffc766>抵御</color>状态，叠加层数后还能提高主将技的伤害。<color=#ffc766>崔布瓦娜</color>可以提高<color=#ffc766>游娣特</color>固有技能的释放频率，增加队伍的输出和生存能力。<color=#ffc766>君士坦丁大帝</color>可以在<color=#ffc766>游娣特</color>释放固有技能后，提供伤害减免，极大增加队伍的生存能力。 | F24: TID_TEXT_LINEUP_GUIDE_CONTENT_22 | G24: 以<color=#ffc766>游娣特</color>为核心的剑士阵容。<color=#ffc766>游娣特</color>的固有技能有着不俗的伤害，同时有概率附加<color=#ffc766>抵御</color>状态，叠加层数后还能提高主将技的伤害。<color=#ffc766>崔布瓦娜</color>可以提高<color=#ffc766>游娣特</color>固有技能的释放频率，增加队伍的输出和生存能力。<color=#ffc766>君士坦丁大帝</color>可以在<color=#ffc766>游娣特</color>释放固有技能后，提供伤害减免，极大增加队伍的生存能力。 | H24: 22106 | I24: 22077|22091 | J24: 22008|220911|22061 | K24: 剑士 | L24: 勇武 | M24: icon_packageitem | N24: 勇武 | O24: 22 | P24: 1 | Q24: 勇武剑-2
A25: 23 | B25: 战国三杰剑 | C25: TID_TEXT_LINEUP_GUIDE_TITLE_23 | D25: TID_TEXT_LINEUP_GUIDE_CONTENT_23 | E25: <color=#ffc766>丰臣秀吉</color>自身具有不俗的伤害，还能提高队伍中武力最高的一名英雄的固有技能伤害。<color=#ffc766>织田信长</color>固有为指挥技能，具有稳定的输出能力。同时<color=#ffc766>德川家康</color>能提供很好的续航能力，并且可以使我军受到的技能伤害减少。该队伍攻守兼备，可适用于多种战斗场景，实力强劲。 | F25: TID_TEXT_LINEUP_GUIDE_CONTENT_23 | G25: <color=#ffc766>丰臣秀吉</color>自身具有不俗的伤害，还能提高队伍中武力最高的一名英雄的固有主动技能伤害。<color=#ffc766>织田信长</color>固有为指挥技能，具有稳定的输出能力。同时<color=#ffc766>德川家康</color>能提供很好的续航能力，并且可以使我军受到的技能伤害减少。该队伍攻守兼备，可适用于多种战斗场景，实力强劲。 | H25: 23104 | I25: 23002 | J25: 23102 | K25: 剑士 | L25: 统率 | M25: icon_packageitem | N25: 统率 | Q25: 统帅剑
A26: 24 | B26: 李成桂急智骑 | C26: TID_TEXT_LINEUP_GUIDE_TITLE_24 | D26: TID_TEXT_LINEUP_GUIDE_CONTENT_24 | E26: 该阵容是以<color=#ffc766>李成桂</color>为核心的骑兵输出阵容。<color=#ffc766>李成桂</color>可进入<color=#ffc766>急智</color>状态，搭配主动技能，有2次触发机会。<color=#ffc766>李裪</color>则为队伍提供减伤和恢复，增加阵容的续航能力。<color=#ffc766>示巴女王</color>每隔9秒可造成一次回复效果，提供稳定回复外，有概率缴械敌方部队。该队伍以主动输出为主，兼具稳定的减伤和回复。 | F26: TID_TEXT_LINEUP_GUIDE_CONTENT_24 | G26: 该阵容是以<color=#ffc766>李成桂</color>为核心的骑兵输出阵容。<color=#ffc766>李成桂</color>可进入<color=#ffc766>急智</color>状态，搭配主动技能，有2次触发机会。<color=#ffc766>李裪</color>则为队伍提供减伤和恢复，增加阵容的续航能力。<color=#ffc766>示巴女王</color>每隔9秒可造成一次回复效果，提供稳定回复外，有概率缴械敌方部队。该队伍以主动输出为主，兼具稳定的减伤和回复。 | H26: 24105 | I26: 24103 | J26: 24064 | K26: 骑兵 | L26: 统率 | M26: icon_packageitem | N26: 统率 | Q26: 统帅骑
A27: 25 | B27: 群战反击枪 | C27: TID_TEXT_LINEUP_GUIDE_TITLE_3 | D27: TID_TEXT_LINEUP_GUIDE_CONTENT_25 | E27: 反击技能在<color=#ffc766>面对大量敌人同时进攻时</color>，触发频率将提高，配合<color=#ffc766>巴巴罗萨</color>出色的减伤能力，很适合在战斗中用来承受伤害，并通过反击技能进行输出。该队伍中<color=#ffc766>理查一世</color>和<color=#ffc766>列奥尼达一世</color>的固有技能均为反击技能，且能够通过反击输出大量伤害，装配技能可以也选择反击技能，进一步提升伤害。队伍兼具输出和生存能力。 | F27: TID_TEXT_LINEUP_GUIDE_CONTENT_25 | G27: 反击技能在<color=#ffc766>面对大量敌人同时进攻时</color>，触发频率将提高，配合<color=#ffc766>巴巴罗萨</color>出色的减伤能力，很适合在战斗中用来承受伤害，并通过反击技能进行输出。该队伍中<color=#ffc766>理查一世</color>和<color=#ffc766>列奥尼达一世</color>的固有技能均为反击技能，且能够通过反击输出大量伤害，装配技能可以也选择反击技能，进一步提升伤害。队伍兼具输出和生存能力。 | H27: 25042|25013|25001 | I27: 250131|250011|25019 | J27: 25017|250191|25207 | K27: 枪兵 | L27: 勇武 | M27: icon_packageitem | N27: 勇武 | O27: 25 | P27: 1 | Q27: 反击枪
A28: 26 | B28: 李舜臣智谋弓 | C28: TID_TEXT_LINEUP_GUIDE_TITLE_26 | D28: TID_TEXT_LINEUP_GUIDE_CONTENT_26 | E28: <color=#ffc766>李舜臣</color>能够造成一次高额伤害，并且提高下一位英雄的技能伤害。善德女王能为敌军施加<color=#ffc766>沉默状态</color>，与李舜臣一世形成联动的同时，还能有效遏制以主动技能为主要输出手段的敌人。<color=#ffc766>狄奥多拉</color>则兼具续航和增伤。 | F28: TID_TEXT_LINEUP_GUIDE_CONTENT_26 | G28: <color=#ffc766>李舜臣</color>能够造成一次高额伤害，并且提高下一位英雄的技能伤害。善德女王能为敌军施加<color=#ffc766>沉默状态</color>，与李舜臣一世形成联动的同时，还能有效遏制以主动技能为主要输出手段的敌人。<color=#ffc766>狄奥多拉</color>则兼具续航和增伤。 | H28: 26020 | I28: 26092 | J28: 26062|26212 | K28: 弓兵 | L28: 智谋 | M28: icon_packageitem | N28: 智谋 | Q28: 智谋弓
A29: 27 | B29: 貂蝉采集队 | C29: TID_TEXT_LINEUP_GUIDE_TITLE_27 | D29: TID_TEXT_LINEUP_GUIDE_CONTENT_27 | E29: <color=#ffc766>貂蝉</color>固有技能可提升采集速度，且可以额外获得采集资源。<color=#ffc766>克里奥帕特拉</color>和<color=#ffc766>大流士一世</color>装配提升采集速度的技能，使得整个队伍的采集速度大幅度提高。 | F29: TID_TEXT_LINEUP_GUIDE_CONTENT_27 | G29: <color=#ffc766>貂蝉</color>固有技能可提升采集速度，且可以额外获得采集资源。<color=#ffc766>克里奥帕特拉</color>和<color=#ffc766>大流士一世</color>装配提升采集速度的技能，使得整个队伍的采集速度大幅度提高。 | H29: 27038 | I29: 27004 | J29: 27019 | K29: 骑兵 | L29: 智谋 | M29: icon_packageitem | N29: 新手 | Q29: 采集队
A30: 28 | B30: 群战之王反击枪 | C30: TID_TEXT_LINEUP_GUIDE_TITLE_28 | D30: TID_TEXT_LINEUP_GUIDE_CONTENT_28 | E30: <color=#ffc766>理查一世</color>具有极高的武力属性，以及强大的反击能力，并且主将技能附加减速效果，能黏住敌人持续输出。<color=#ffc766>布狄卡</color>自身具有很高的反击伤害，还能进一步强化我军武力最高英雄的输出能力，与理查一世极其适配。<color=#ffc766>曼萨穆萨</color>在造成伤害的同时，能为队伍提供减伤，增加队伍续航。 | F30: TID_TEXT_LINEUP_GUIDE_CONTENT_28 | G30: <color=#ffc766>理查一世</color>具有极高的武力属性，以及强大的反击能力，并且主将技能附加减速效果，能黏住敌人持续输出。<color=#ffc766>布狄卡</color>自身具有很高的反击伤害，还能进一步强化我军武力最高英雄的输出能力，与理查一世极其适配。<color=#ffc766>曼萨穆萨</color>在造成伤害的同时，能为队伍提供减伤，增加队伍续航。 | H30: 10042|10013|10001 | I30: 10011|100131|100011 | J30: 28107|10017|100191 | K30: 枪兵 | L30: 勇武 | M30: icon_packageitem | N30: 勇武 | O30: 25 | P30: 3 | R30: T+1
A31: 29 | B31: 贝利薇连击弓 | C31: TID_TEXT_LINEUP_GUIDE_TITLE_29 | D31: TID_TEXT_LINEUP_GUIDE_CONTENT_29 | E31: 该阵容是以<color=#ffc766>连击</color>为核心的追击阵容体系。<color=#ffc766>贝利薇</color>每回合有概率进入连击状态，搭配追击技能有着极强的输出能力，是队伍的核心。<color=#ffc766>阿提拉</color>可以使队伍整体进入连击状态，提高连击覆盖率，进一步增加队伍的输出能力。<color=#ffc766>穆罕穆德二世</color>可以提升队伍的伤害，同时为队伍提供减伤，弥补阵容缺少的生存能力。 | F31: TID_TEXT_LINEUP_GUIDE_CONTENT_29 | G31: 该阵容是以<color=#ffc766>连击</color>为核心的追击阵容体系。<color=#ffc766>贝利薇</color>每回合有概率进入连击状态，搭配追击技能有着极强的输出能力，是队伍的核心。<color=#ffc766>阿提拉</color>可以使队伍整体进入连击状态，提高连击覆盖率，进一步增加队伍的输出能力。<color=#ffc766>穆罕穆德二世</color>可以提升队伍的伤害，同时为队伍提供减伤，弥补阵容缺少的生存能力。 | H31: 20069 | I31: 20032|20076 | J31: 29115|20009|20036 | K31: 弓兵 | L31: 勇武 | M31: icon_packageitem | N31: 勇武 | O31: 20 | P31: 2
A32: 30 | B32: 游娣特威慑剑 | C32: TID_TEXT_LINEUP_GUIDE_TITLE_30 | D32: TID_TEXT_LINEUP_GUIDE_CONTENT_30 | E32: 以<color=#ffc766>游娣特</color>为核心的剑士阵容。<color=#ffc766>游娣特</color>的固有技能有着不俗的伤害，同时有概率附加<color=#ffc766>抵御</color>状态，叠加层数后还能提高主将技的伤害。<color=#ffc766>崔布瓦娜</color>可以提高<color=#ffc766>游娣特</color>固有技能的释放频率，增加队伍的输出能力。<color=#ffc766>穆罕穆德二世</color>可以为队伍增伤，同时提供伤害减免，增加队伍生存能力。 | F32: TID_TEXT_LINEUP_GUIDE_CONTENT_30 | G32: 以<color=#ffc766>游娣特</color>为核心的剑士阵容。<color=#ffc766>游娣特</color>的固有技能有着不俗的伤害，同时有概率附加<color=#ffc766>抵御</color>状态，叠加层数后还能提高主将技的伤害。<color=#ffc766>崔布瓦娜</color>可以提高<color=#ffc766>游娣特</color>固有技能的释放频率，增加队伍的输出能力。<color=#ffc766>穆罕穆德二世</color>可以为队伍增伤，同时提供伤害减免，增加队伍生存能力。 | H32: 22106 | I32: 22077|22091 | J32: 30115|22008|220911 | K32: 剑士 | L32: 勇武 | M32: icon_packageitem | N32: 勇武 | O32: 22 | P32: 2
A33: 31 | B33: 拉美西斯神佑剑 | C33: TID_TEXT_LINEUP_GUIDE_TITLE_31 | D33: TID_TEXT_LINEUP_GUIDE_CONTENT_31 | E33: <color=#ffc766>拉美西斯二世</color> 可以使自己进入<color=#ffc766>神佑</color> 状态，持续触发固有技能，是队伍的输出核心。<color=#ffc766>查理曼大帝</color>能触发主将固有主动技能，强化队伍的输出能力，<color=#ffc766>狄奥多拉</color>能为队伍提供减伤，同时增加主将的输出。 | F33: TID_TEXT_LINEUP_GUIDE_CONTENT_31 | G33: <color=#ffc766>拉美西斯二世</color> 可以使自己进入<color=#ffc766>神佑</color> 状态，持续触发固有技能，是队伍的输出核心。<color=#ffc766>查理曼大帝</color>能触发主将固有主动技能，强化队伍的输出能力，<color=#ffc766>狄奥多拉</color>能为队伍提供减伤，同时增加主将的输出。 | H33: 31116|31014 | I33: 31041|31016|5205 | J33: 31062|5016|5209 | K33: 剑士 | L33: 智谋 | M33: icon_packageitem | N33: 智谋
A34: 32 | B34: 拉美西斯神佑弓 | C34: TID_TEXT_LINEUP_GUIDE_TITLE_32 | D34: TID_TEXT_LINEUP_GUIDE_CONTENT_32 | E34: <color=#ffc766>拉美西斯二世</color> 可以使自己进入<color=#ffc766>神佑</color> 状态，持续触发固有技能，是队伍的输出核心。<color=#ffc766>苏莱曼一世</color>作为副将也能输出高额伤害。<color=#ffc766>查理曼大帝</color>能触发主将固有主动技能，强化队伍的输出能力。 | F34: TID_TEXT_LINEUP_GUIDE_CONTENT_32 | G34: <color=#ffc766>拉美西斯二世</color> 可以使自己进入<color=#ffc766>神佑</color> 状态，持续触发固有技能，是队伍的输出核心。<color=#ffc766>苏莱曼一世</color>作为副将也能输出高额伤害。<color=#ffc766>查理曼大帝</color>能触发主将固有主动技能，强化队伍的输出能力。 | H34: 32116|32093|32020 | I34: 32041|32092|150201 | J34: 32062|15092|15212 | K34: 弓兵 | L34: 智谋 | M34: icon_packageitem | N34: 智谋
A35: 33 | B35: 兵扫六合决斗骑 | C35: TID_TEXT_LINEUP_GUIDE_TITLE_12 | D35: TID_TEXT_LINEUP_GUIDE_CONTENT_33 | E35: <color=#ffc766>熙德</color>能对处于<color=#ffc766>减速状态</color>的敌人造成额外伤害，因此野战是该阵容的强项。熙德的主将技会对攻击目标附加减速状态，因此装配技能需要选择<color=#ffc766>胜利怒吼</color>以提升队伍的怒气回复速率。<color=#ffc766>萨拉丁</color>的固有技能能够回复怒气，提升主将技释放频率，增加队伍伤害。而<color=#ffc766>布什拉</color>则能为队伍带来更强的续航能力。也可选择<color=#ffc766>阿提拉</color>替换布什拉，损失风格加成，换来全队连击效果，追求更极致的输出能力（注意此时熙德的<color=#ffc766>连击</color>技能可换为<color=#ffc766>弱点进攻</color>）。 | F35: TID_TEXT_LINEUP_GUIDE_CONTENT_33 | G35: <color=#ffc766>熙德</color>能对处于<color=#ffc766>减速状态</color>的敌人造成额外伤害，因此野战是该阵容的强项。熙德的主将技会对攻击目标附加减速状态，因此装配技能需要选择<color=#ffc766>胜利怒吼</color>以提升队伍的怒气回复速率。<color=#ffc766>萨拉丁</color>的固有技能能够回复怒气，提升主将技释放频率，增加队伍伤害。而<color=#ffc766>布什拉</color>则能为队伍带来更强的续航能力。也可选择<color=#ffc766>阿提拉</color>替换布什拉，损失风格加成，换来全队连击效果，追求更极致的输出能力（注意此时熙德的<color=#ffc766>连击</color>技能可换为<color=#ffc766>弱点进攻</color>）。 | H35: 12047 | I35: 33012|12063|12064 | J35: 120641|12032|12206 | K35: 骑兵 | L35: 统率 | M35: icon_packageitem | N35: 统率 | O35: 12 | P35: 2
A36: 34 | B36: 群战之王反击枪 | C36: TID_TEXT_LINEUP_GUIDE_TITLE_28 | D36: TID_TEXT_LINEUP_GUIDE_CONTENT_34 | E36: <color=#ffc766>居鲁士大帝</color>固有技能在装配技能触发时，可以造成伤害，装配两个反击技能，通过高频率触发装配技能和和固有技能，输出大量伤害。<color=#ffc766>布狄卡</color>自身具有很高的反击伤害，还能进一步强化我军武力最高英雄的输出能力，与居鲁士大帝极其适配。<color=#ffc766>曼萨穆萨</color>在造成伤害的同时，能为队伍提供减伤，增加队伍生存能力。 | F36: TID_TEXT_LINEUP_GUIDE_CONTENT_34 | G36: <color=#ffc766>居鲁士大帝</color>固有技能在装配技能触发时，可以造成伤害，装配两个反击技能，通过高频率触发装配技能和和固有技能，输出大量伤害。<color=#ffc766>布狄卡</color>自身具有很高的反击伤害，还能进一步强化我军武力最高英雄的输出能力，与居鲁士大帝极其适配。<color=#ffc766>曼萨穆萨</color>在造成伤害的同时，能为队伍提供减伤，增加队伍生存能力。 | H36: {=_xlfn.TEXTJOIN("|", TRUE, IF(([1]英雄详细配置!B:B=A36)*(ISNUMBER([1]英雄详细配置!C:C)*([1]英雄详细配置!C:C=1)+ISBLANK([1]英雄详细配置!C:C)), [1]英雄详细配置!A:A, ""))} -> 34121|34042|34013 | I36: {=_xlfn.TEXTJOIN("|", TRUE, IF(([1]英雄详细配置!B:B=A36)*(ISNUMBER([1]英雄详细配置!C:C)*([1]英雄详细配置!C:C=2)+ISBLANK([1]英雄详细配置!C:C)), [1]英雄详细配置!A:A, ""))} -> 34011|340131|34001 | J36: {=_xlfn.TEXTJOIN("|", TRUE, IF(([1]英雄详细配置!B:B=A36)*(ISNUMBER([1]英雄详细配置!C:C)*([1]英雄详细配置!C:C=3)+ISBLANK([1]英雄详细配置!C:C)), [1]英雄详细配置!A:A, ""))} -> 34107|34017|34019 | K36: 枪兵 | L36: 勇武 | M36: icon_packageitem | N36: 勇武 | O36: 25 | P36: 4 | R36: T+2
A37: 35 | B37: 游娣特威慑剑 | C37: TID_TEXT_LINEUP_GUIDE_TITLE_30 | D37: TID_TEXT_LINEUP_GUIDE_CONTENT_35 | E37: 以<color=#ffc766>游娣特</color>为核心的剑士阵容。<color=#ffc766>游娣特</color>的固有技能有着不俗的伤害，同时有概率附加<color=#ffc766>抵御</color>状态，叠加层数后还能提高主将技的伤害。<color=#ffc766>穆罕穆德二世</color>可以为队伍增伤，同时提供伤害减免，增加队伍生存能力。<color=#ffc766>拉葛莎</color>可以为自身和主将附加<color=#ffc766>裁决</color>效果，释放固有主动技能时有概率额外触发，与<color=#ffc766>游娣特</color>十分契合。 | F37: TID_TEXT_LINEUP_GUIDE_CONTENT_35 | G37: 以<color=#ffc766>游娣特</color>为核心的剑士阵容。<color=#ffc766>游娣特</color>的固有技能有着不俗的伤害，同时有概率附加<color=#ffc766>抵御</color>状态，叠加层数后还能提高主将技的伤害。<color=#ffc766>穆罕穆德二世</color>可以为队伍增伤，同时提供伤害减免，增加队伍生存能力。<color=#ffc766>拉葛莎</color>可以为自身和主将附加<color=#ffc766>裁决</color>效果，释放固有主动技能时有概率额外触发，与<color=#ffc766>游娣特</color>十分契合。 | H37: {=_xlfn.TEXTJOIN("|", TRUE, IF(([1]英雄详细配置!B:B=A37)*(ISNUMBER([1]英雄详细配置!C:C)*([1]英雄详细配置!C:C=1)+ISBLANK([1]英雄详细配置!C:C)), [1]英雄详细配置!A:A, ""))} -> 35106 | I37: {=_xlfn.TEXTJOIN("|", TRUE, IF(([1]英雄详细配置!B:B=A37)*(ISNUMBER([1]英雄详细配置!C:C)*([1]英雄详细配置!C:C=2)+ISBLANK([1]英雄详细配置!C:C)), [1]英雄详细配置!A:A, ""))} -> 35008|35115|350911 | J37: {=_xlfn.TEXTJOIN("|", TRUE, IF(([1]英雄详细配置!B:B=A37)*(ISNUMBER([1]英雄详细配置!C:C)*([1]英雄详细配置!C:C=3)+ISBLANK([1]英雄详细配置!C:C)), [1]英雄详细配置!A:A, ""))} -> 35122|35077|35091 | K37: 剑士 | L37: 勇武 | M37: icon_packageitem | N37: 勇武 | O37: 22 | P37: 3
A38: 36 | B38: 传奇皇者真伤剑 | C38: TID_TEXT_LINEUP_GUIDE_TITLE_7 | D38: TID_TEXT_LINEUP_GUIDE_CONTENT_36 | E38: <color=#ffc766>亚瑟王</color>每两次触发固有技能后能进入<color=#ffc766>祝福状态</color>，此时攻击能<color=#ffc766>忽略敌军防御</color>，造成惊人伤害。<color=#ffc766>君士坦丁大帝</color>能为队伍提供强大的续航。<color=#ffc766>拉葛莎</color>能够为自身和主将附加<color=#ffc766>裁决</color>状态，释放固有主动技能时有概率额外触发，使亚瑟王更快更频繁的进入<color=#ffc766>祝福状态</color>。该队伍输出和续航兼顾，具有非常强大的作战能力。 | F38: TID_TEXT_LINEUP_GUIDE_CONTENT_36 | G38: <color=#ffc766>亚瑟王</color>每两次触发固有技能后能进入<color=#ffc766>祝福状态</color>，此时攻击能<color=#ffc766>忽略敌军防御</color>，造成惊人伤害。<color=#ffc766>君士坦丁大帝</color>能为队伍提供强大的续航。<color=#ffc766>拉葛莎</color>能够为自身和主将附加<color=#ffc766>裁决</color>状态，释放固有主动技能时有概率额外触发，使亚瑟王更快更频繁的进入<color=#ffc766>祝福状态</color>。该队伍输出和续航兼顾，具有非常强大的作战能力。 | H38: {=_xlfn.TEXTJOIN("|", TRUE, IF(([1]英雄详细配置!B:B=A38)*(ISNUMBER([1]英雄详细配置!C:C)*([1]英雄详细配置!C:C=1)+ISBLANK([1]英雄详细配置!C:C)), [1]英雄详细配置!A:A, ""))} -> 36021 | I38: {=_xlfn.TEXTJOIN("|", TRUE, IF(([1]英雄详细配置!B:B=A38)*(ISNUMBER([1]英雄详细配置!C:C)*([1]英雄详细配置!C:C=2)+ISBLANK([1]英雄详细配置!C:C)), [1]英雄详细配置!A:A, ""))} -> 36008|36115|360911 | J38: {=_xlfn.TEXTJOIN("|", TRUE, IF(([1]英雄详细配置!B:B=A38)*(ISNUMBER([1]英雄详细配置!C:C)*([1]英雄详细配置!C:C=3)+ISBLANK([1]英雄详细配置!C:C)), [1]英雄详细配置!A:A, ""))} -> 36122|36077|36091 | K38: 剑士 | L38: 勇武 | M38: icon_packageitem | N38: 勇武 | O38: 7 | P38: 2
A39: 37 | B39: 拉葛莎亚瑟裁决剑 | C39: TID_TEXT_LINEUP_GUIDE_TITLE_37 | D39: TID_TEXT_LINEUP_GUIDE_CONTENT_37 | E39: <color=#ffc766>拉葛莎</color>主将技能使自身和下一位英雄造成伤害时<color=#ffc766>无视敌军防御</color>，固有技能可以增加自身和下一位出手英雄的固有技能释放频率，与亚瑟王十分契合。<color=#ffc766>亚瑟王</color>在多次触发固有技能后，可以进入<color=#ffc766>祝福</color>状态，输出爆发性伤害。对于没有亚瑟王的玩家，也可以使用<color=#ffc766>游娣特</color>替代。最后一名副将可以选择<color=#ffc766>崔布瓦娜</color>，进一步提升队伍伤害。也可以选择<color=#ffc766>君士坦丁大帝</color>，为队伍提供强大的续航辅助。 | F39: TID_TEXT_LINEUP_GUIDE_CONTENT_37 | G39: <color=#ffc766>拉葛莎</color>主将技能使自身和下一位英雄造成伤害时<color=#ffc766>无视敌军防御</color>，固有技能可以增加自身和下一位出手英雄的固有技能释放频率，与亚瑟王十分契合。<color=#ffc766>亚瑟王</color>在多次触发固有技能后，可以进入<color=#ffc766>祝福</color>状态，输出爆发性伤害。对于没有亚瑟王的玩家，也可以使用<color=#ffc766>游娣特</color>替代。最后一名副将可以选择<color=#ffc766>崔布瓦娜</color>，进一步提升队伍伤害。也可以选择<color=#ffc766>君士坦丁大帝</color>，为队伍提供强大的续航辅助。 | H39: {=_xlfn.TEXTJOIN("|", TRUE, IF(([1]英雄详细配置!B:B=A39)*(ISNUMBER([1]英雄详细配置!C:C)*([1]英雄详细配置!C:C=1)+ISBLANK([1]英雄详细配置!C:C)), [1]英雄详细配置!A:A, ""))} -> 37122 | I39: {=_xlfn.TEXTJOIN("|", TRUE, IF(([1]英雄详细配置!B:B=A39)*(ISNUMBER([1]英雄详细配置!C:C)*([1]英雄详细配置!C:C=2)+ISBLANK([1]英雄详细配置!C:C)), [1]英雄详细配置!A:A, ""))} -> 37021|37106|37077 | J39: {=_xlfn.TEXTJOIN("|", TRUE, IF(([1]英雄详细配置!B:B=A39)*(ISNUMBER([1]英雄详细配置!C:C)*([1]英雄详细配置!C:C=3)+ISBLANK([1]英雄详细配置!C:C)), [1]英雄详细配置!A:A, ""))} -> 37008|37115|370771 | K39: 剑士 | L39: 勇武 | M39: icon_packageitem | N39: 勇武 | Q39: 勇武剑-3-亚瑟 | R39: 不展示
A40: 38 | B40: 贝利薇连击弓 | C40: TID_TEXT_LINEUP_GUIDE_TITLE_29 | D40: TID_TEXT_LINEUP_GUIDE_CONTENT_38 | E40: 该阵容是以<color=#ffc766>连击</color>为核心的追击阵容体系。<color=#ffc766>贝利薇</color>每回合有概率进入连击状态，搭配追击技能有着极强的输出能力，是队伍的核心。<color=#ffc766>罗宾汉</color>可以基于连击状态，提供高额的输出增益，与<color=#ffc766>贝利薇</color>十分契合。<color=#ffc766>穆罕穆德二世</color>可以提升队伍的伤害，同时为队伍提供减伤，弥补阵容缺少的生存能力。 | F40: TID_TEXT_LINEUP_GUIDE_CONTENT_38 | G40: 该阵容是以<color=#ffc766>连击</color>为核心的追击阵容体系。<color=#ffc766>贝利薇</color>每回合有概率进入连击状态，搭配追击技能有着极强的输出能力，是队伍的核心。<color=#ffc766>罗宾汉</color>可以基于连击状态，提供高额的输出增益，与<color=#ffc766>贝利薇</color>十分契合。<color=#ffc766>穆罕穆德二世</color>可以提升队伍的伤害，同时为队伍提供减伤，弥补阵容缺少的生存能力。 | H40: {=_xlfn.TEXTJOIN("|", TRUE, IF(([1]英雄详细配置!B:B=A40)*(ISNUMBER([1]英雄详细配置!C:C)*([1]英雄详细配置!C:C=1)+ISBLANK([1]英雄详细配置!C:C)), [1]英雄详细配置!A:A, ""))} -> 38069 | I40: {=_xlfn.TEXTJOIN("|", TRUE, IF(([1]英雄详细配置!B:B=A40)*(ISNUMBER([1]英雄详细配置!C:C)*([1]英雄详细配置!C:C=2)+ISBLANK([1]英雄详细配置!C:C)), [1]英雄详细配置!A:A, ""))} -> 38115|38009|38036 | J40: {=_xlfn.TEXTJOIN("|", TRUE, IF(([1]英雄详细配置!B:B=A40)*(ISNUMBER([1]英雄详细配置!C:C)*([1]英雄详细配置!C:C=3)+ISBLANK([1]英雄详细配置!C:C)), [1]英雄详细配置!A:A, ""))} -> 38123|38032|38076 | K40: 弓兵 | L40: 勇武 | M40: icon_packageitem | N40: 勇武 | O40: 20 | P40: 3
A41: 39 | B41: 吕布暴击无双骑 | C41: TID_TEXT_LINEUP_GUIDE_TITLE_39 | D41: TID_TEXT_LINEUP_GUIDE_CONTENT_39 | E41: <color=#ffc766>暴击率</color>是该阵容的核心。<color=#ffc766>吕布</color>在队伍中任意英雄暴击后，有概率进行额外普攻；<color=#ffc766>罗宾汉</color>能在吕布进行额外普攻时，提供大量的输出增益，进一步提高<color=#ffc766>吕布</color>的伤害输出。<color=#ffc766>阿提拉</color>可以为队伍中的两名英雄提供连击状态，大幅提升整体伤害输出。 | F41: TID_TEXT_LINEUP_GUIDE_CONTENT_39 | G41: <color=#ffc766>暴击率</color>是该阵容的核心。<color=#ffc766>吕布</color>在队伍中任意英雄暴击后，有概率进行额外普攻；<color=#ffc766>罗宾汉</color>能在吕布进行额外普攻时，提供大量的输出增益，进一步提高<color=#ffc766>吕布</color>的伤害输出。<color=#ffc766>阿提拉</color>可以为队伍中的两名英雄提供连击状态，大幅提升整体伤害输出。 | H41: {=_xlfn.TEXTJOIN("|", TRUE, IF(([1]英雄详细配置!B:B=A41)*(ISNUMBER([1]英雄详细配置!C:C)*([1]英雄详细配置!C:C=1)+ISBLANK([1]英雄详细配置!C:C)), [1]英雄详细配置!A:A, ""))} -> 39037|39005 | I41: {=_xlfn.TEXTJOIN("|", TRUE, IF(([1]英雄详细配置!B:B=A41)*(ISNUMBER([1]英雄详细配置!C:C)*([1]英雄详细配置!C:C=2)+ISBLANK([1]英雄详细配置!C:C)), [1]英雄详细配置!A:A, ""))} -> 39123|390051|39056 | J41: {=_xlfn.TEXTJOIN("|", TRUE, IF(([1]英雄详细配置!B:B=A41)*(ISNUMBER([1]英雄详细配置!C:C)*([1]英雄详细配置!C:C=3)+ISBLANK([1]英雄详细配置!C:C)), [1]英雄详细配置!A:A, ""))} -> 39032|39076 | K41: 骑兵 | L41: 勇武 | M41: icon_packageitem | N41: 勇武 | O41: 19 | P41: 2
A42: 40 | B42: 贝利撒留智谋骑 | C42: TID_TEXT_LINEUP_GUIDE_TITLE_40 | D42: TID_TEXT_LINEUP_GUIDE_CONTENT_40 | E42: <color=#ffc766>贝利撒留</color>在面对单名敌人时，主将技可以造成额外伤害，固有技能可以额外触发装配技能（需装配至少一个追击技能），输出大量伤害，是队伍的核心输出。<color=#ffc766>汉尼拔</color>的固有技能能够<color=#ffc766>削弱敌军主将</color>的谋略和防御属性，搭配<color=#ffc766>压迫之袭</color>可实现全属性削弱，进一步提升<color=#ffc766>贝利撒留</color>伤害。<color=#ffc766>阿育王</color>可以提高<color=#ffc766>贝利撒留</color>固有技能的释放概率，同时使队伍进入<color=#ffc766>免控</color>状态。 | F42: TID_TEXT_LINEUP_GUIDE_CONTENT_40 | G42: <color=#ffc766>贝利撒留</color>在面对单名敌人时，主将技能够造成额外伤害，固有技能能够额外触发装配技能（需装配至少一个追击技能），输出大量伤害，是队伍的核心输出。<color=#ffc766>汉尼拔</color>的固有技能能够<color=#ffc766>削弱敌军主将</color>的谋略和防御属性，搭配<color=#ffc766>压迫之袭</color>可实现全属性削弱，进一步提升<color=#ffc766>贝利撒留</color>伤害。<color=#ffc766>阿育王</color>可以提高<color=#ffc766>贝利撒留</color>固有技能的释放概率，同时使队伍进入<color=#ffc766>免控</color>状态。 | H42: {=_xlfn.TEXTJOIN("|", TRUE, IF(([1]英雄详细配置!B:B=A42)*(ISNUMBER([1]英雄详细配置!C:C)*([1]英雄详细配置!C:C=1)+ISBLANK([1]英雄详细配置!C:C)), [1]英雄详细配置!A:A, ""))} -> 40124 | I42: {=_xlfn.TEXTJOIN("|", TRUE, IF(([1]英雄详细配置!B:B=A42)*(ISNUMBER([1]英雄详细配置!C:C)*([1]英雄详细配置!C:C=2)+ISBLANK([1]英雄详细配置!C:C)), [1]英雄详细配置!A:A, ""))} -> 40023|40010|40004 | J42: {=_xlfn.TEXTJOIN("|", TRUE, IF(([1]英雄详细配置!B:B=A42)*(ISNUMBER([1]英雄详细配置!C:C)*([1]英雄详细配置!C:C=3)+ISBLANK([1]英雄详细配置!C:C)), [1]英雄详细配置!A:A, ""))} -> 40075|40032|400101 | K42: 骑兵 | L42: 智谋 | M42: icon_packageitem | N42: 智谋
A43: 41 | B43: 贝利撒留智谋枪 | C43: TID_TEXT_LINEUP_GUIDE_TITLE_41 | D43: TID_TEXT_LINEUP_GUIDE_CONTENT_41 | E43: <color=#ffc766>贝利撒留</color>在面对单名敌人时，主将技可以造成额外伤害，固有技能可以额外触发装配技能（需装配至少一个追击技能），输出大量伤害，是队伍的核心输出。<color=#ffc766>伊丽莎白一世/color>的固有技能能够<color=#ffc766>将伤害转化为兵力</color>，在造成伤害的同时，为队伍提供续航能力。<color=#ffc766>阿育王</color>可以提高<color=#ffc766>贝利撒留</color>固有技能的释放概率，同时使队伍进入<color=#ffc766>免控</color>状态。 | F43: TID_TEXT_LINEUP_GUIDE_CONTENT_41 | G43: <color=#ffc766>汉尼拔</color>的固有技能能够<color=#ffc766>削弱敌军主将</color>的谋略和防御属性，搭配<color=#ffc766>压迫之袭</color>可实现全属性削弱。当<color=#ffc766>主将技能</color>触发时，汉尼拔能够获得敌军主将被削弱的部分属性，从而在一段时间内产生爆发伤害。<color=#ffc766>查士丁尼一世</color>能在我军英雄触发追击技能时提供回复和减伤效果，与汉尼拔形成很好的联动。<color=#ffc766>阿育王</color>可以提高<color=#ffc766>汉尼拔</color>固有技能的释放概率，增加属性削弱的覆盖率，同时使队伍进入<color=#ffc766>免控</color>状态。 | H43: {=_xlfn.TEXTJOIN("|", TRUE, IF(([1]英雄详细配置!B:B=A43)*(ISNUMBER([1]英雄详细配置!C:C)*([1]英雄详细配置!C:C=1)+ISBLANK([1]英雄详细配置!C:C)), [1]英雄详细配置!A:A, ""))} -> 41124 | I43: {=_xlfn.TEXTJOIN("|", TRUE, IF(([1]英雄详细配置!B:B=A43)*(ISNUMBER([1]英雄详细配置!C:C)*([1]英雄详细配置!C:C=2)+ISBLANK([1]英雄详细配置!C:C)), [1]英雄详细配置!A:A, ""))} -> 41125 | J43: {=_xlfn.TEXTJOIN("|", TRUE, IF(([1]英雄详细配置!B:B=A43)*(ISNUMBER([1]英雄详细配置!C:C)*([1]英雄详细配置!C:C=3)+ISBLANK([1]英雄详细配置!C:C)), [1]英雄详细配置!A:A, ""))} -> 41075 | K43: 枪兵 | L43: 智谋 | M43: icon_packageitem | N43: 智谋 | Q43: 智谋枪
A44: 42 | B44: 吕布亚瑟无双骑 | C44: TID_TEXT_LINEUP_GUIDE_TITLE_42 | D44: TID_TEXT_LINEUP_GUIDE_CONTENT_42 | E44: 亚瑟勇武骑的进阶阵容，将输出提升到了极致。<color=#ffc766>吕布</color>在队伍中任意英雄暴击后，有概率进行额外普攻，搭配追击技能可以输出大量伤害；<color=#ffc766>阿提拉</color>可以为队伍中的两名英雄提供连击状态，大幅提升整体伤害输出；<color=#ffc766>亚瑟王</color>自身拥有高额的属性和独特的<color=#ffc766>光辉祝福</color>状态，能够无视敌方部分防御造成高额伤害。对于没有<color=#ffc766>亚瑟王</color>的玩家，也可以使用<color=#ffc766>关羽</color>作为替换，关羽本身拥有高额的暴击率，开场暴击能与吕布配合，造成强力的开场爆发。 | F44: TID_TEXT_LINEUP_GUIDE_CONTENT_42 | G44: 亚瑟勇武骑的进阶阵容，将输出提升到了极致。<color=#ffc766>吕布</color>在队伍中任意英雄暴击后，有概率进行额外普攻，搭配追击技能可以输出大量伤害；<color=#ffc766>阿提拉</color>可以为队伍中的两名英雄提供连击状态，大幅提升整体伤害输出；<color=#ffc766>亚瑟王</color>自身拥有高额的属性和独特的<color=#ffc766>光辉祝福</color>状态，能够无视敌方部分防御造成高额伤害。对于没有<color=#ffc766>亚瑟王</color>的玩家，也可以使用<color=#ffc766>关羽</color>作为替换，关羽本身拥有高额的暴击率，开场暴击能与吕布配合，造成强力的开场爆发。 | H44: {=_xlfn.TEXTJOIN("|", TRUE, IF(([1]英雄详细配置!B:B=A44)*(ISNUMBER([1]英雄详细配置!C:C)*([1]英雄详细配置!C:C=1)+ISBLANK([1]英雄详细配置!C:C)), [1]英雄详细配置!A:A, ""))} -> 42037|42005 | I44: {=_xlfn.TEXTJOIN("|", TRUE, IF(([1]英雄详细配置!B:B=A44)*(ISNUMBER([1]英雄详细配置!C:C)*([1]英雄详细配置!C:C=2)+ISBLANK([1]英雄详细配置!C:C)), [1]英雄详细配置!A:A, ""))} -> 42021|420051|42056 | J44: {=_xlfn.TEXTJOIN("|", TRUE, IF(([1]英雄详细配置!B:B=A44)*(ISNUMBER([1]英雄详细配置!C:C)*([1]英雄详细配置!C:C=3)+ISBLANK([1]英雄详细配置!C:C)), [1]英雄详细配置!A:A, ""))} -> 42032|42076 | K44: 骑兵 | L44: 勇武 | M44: icon_packageitem | N44: 勇武 | O44: 19 | P44: 2 | Q44: 吕布暴击骑/亚瑟勇武骑

Sheet 英雄详细配置
A1: convert(ResHero.proto, table_HeroStrategyDetail, HeroStrategyDetail.pbin)
A2: id | B2: 所属阵容 | C2: 位置 | D2: 英雄名称 | E2: 英雄id | F2: 推荐技能id | G2: 玺戒id | H2: 玺戒名称（策划用 | I2: 玺戒技能（策划用 | J2: 英雄定位（策划用 | K2: 技能1 | L2: 技能2 | M2: 技能名1 | N2: 技能名2 | O2: 备注
A3: id | E3: heroId | F3: recommendId[|] | G3: equipId
A4: 1036 | B4: 1 | C4: 1 | D4: 约瑟芬 | E4: 36 | F4: =K4&"|"&L4 -> 200020|200072 | G4: 208 | H4: 怒狮之戒 | I4: 名门之后 | K4: 200020 | L4: 200072 | M4: 连击 | N4: 弱点进攻
A5: 1056 | B5: 1 | C5: 2 | D5: 哈拉尔 | E5: 56 | F5: =K5&"|"&L5 -> 200041|200015 | G5: 212 | H5: 夜狼之戒 | I5: 燃身战意 | K5: 200041 | L5: 200015 | M5: 饥渴之刃 | N5: 战争祝福
A6: 1211 | B6: 1 | D6: 高猛 | E6: 211 | F6: =K6&"|"&L6 -> 200043|200117 | G6: 212 | H6: 夜狼之戒 | I6: 燃身战意 | K6: 200043 | L6: 200117 | M6: 剑盾突击 | N6: 苦肉
A7: 1055 | B7: 1 | C7: 3 | D7: 大卫王 | E7: 55 | F7: =K7&"|"&L7 -> 200061|200009 | G7: 201 | H7: 暴熊之戒 | I7: 裸衣 | K7: 200061 | L7: 200009 | M7: 泰山压顶 | N7: 正义裁决
A8: 12111 | B8: 1 | D8: 高猛 | E8: 211 | F8: =K8&"|"&L8 -> 200043|200117 | G8: 201 | H8: 暴熊之戒 | I8: 裸衣 | K8: 200043 | L8: 200117 | M8: 剑盾突击 | N8: 苦肉
A9: 2009 | B9: 2 | C9: 1 | D9: 花木兰 | E9: 9 | F9: =K9&"|"&L9 -> 200072|200031 | G9: 201 | H9: 暴熊之戒 | I9: 裸衣 | K9: 200072 | L9: 200031 | M9: 弱点进攻 | N9: 慈悲终结
A10: 2036 | B10: 2 | C10: 2 | D10: 约瑟芬 | E10: 36 | F10: =K10&"|"&L10 -> 200020|200072 | G10: 210 | H10: 迅鹿之戒 | I10: 借势威吓 | K10: 200020 | L10: 200072 | M10: 连击 | N10: 弱点进攻
A11: 2055 | B11: 2 | D11: 大卫王 | E11: 55 | F11: =K11&"|"&L11 -> 200061|200009 | G11: 210 | H11: 迅鹿之戒 | I11: 借势威吓 | K11: 200061 | L11: 200009 | M11: 泰山压顶 | N11: 正义裁决
A12: 2208 | B12: 2 | D12: 崔如意 | E12: 208 | F12: =K12&"|"&L12 -> 200030|200032 | G12: 210 | H12: 迅鹿之戒 | I12: 借势威吓 | K12: 200030 | L12: 200032 | M12: 怒涛之击 | N12: 撕裂
A13: 2076 | B13: 2 | C13: 3 | D13: 杜加瓦蒂 | E13: 76 | F13: =K13&"|"&L13 -> 200125|200041 | G13: 212 | H13: 夜狼之戒 | I13: 燃身战意 | K13: 200125 | L13: 200041 | M13: 入阵曲 | N13: 饥渴之刃
A14: 20551 | B14: 2 | D14: 大卫王 | E14: 55 | F14: =K14&"|"&L14 -> 200061|200009 | G14: 212 | H14: 夜狼之戒 | I14: 燃身战意 | K14: 200061 | L14: 200009 | M14: 泰山压顶 | N14: 正义裁决
A15: 22081 | B15: 2 | D15: 崔如意 | E15: 208 | F15: =K15&"|"&L15 -> 200030|200032 | G15: 212 | H15: 夜狼之戒 | I15: 燃身战意 | K15: 200030 | L15: 200032 | M15: 怒涛之击 | N15: 撕裂
A16: 3013 | B16: 3 | C16: 1 | D16: 列奥尼达一世 | E16: 13 | F16: =K16&"|"&L16 -> 200100|200006 | G16: 213 | H16: 野猪之戒 | I16: 余烬之灼 | K16: 200100 | L16: 200006 | M16: 不屈反击 | N16: 风卷残云
A17: 3001 | B17: 3 | C17: 2 | D17: 贞德 | E17: 1 | F17: =K17&"|"&L17 -> 200068|200100 | G17: 211 | H17: 天鹰之戒 | I17: 绿洲之佑 | K17: 200068 | L17: 200100 | M17: 王者之剑 | N17: 不屈反击
A18: 3019 | B18: 3 | D18: 大流士一世 | E18: 19 | F18: =K18&"|"&L18 -> 200019|200072 | G18: 211 | H18: 天鹰之戒 | I18: 绿洲之佑 | K18: 200019 | L18: 200072 | M18: 冲锋的极意 | N18: 弱点进攻
A19: 3017 | B19: 3 | C19: 3 | D19: 巴巴罗萨 | E19: 17 | F19: =K19&"|"&L19 -> 200010|200042 | G19: 210 | H19: 迅鹿之戒 | I19: 借势威吓 | K19: 200010 | L19: 200042 | M19: 恩泽庇护 | N19: 百战之体
A20: 3207 | B20: 3 | D20: 武威 | E20: 207 | F20: =K20&"|"&L20 -> 200040|200120 | G20: 206 | H20: 灵獾之戒 | I20: 钢铁之躯 | K20: 200040 | L20: 200120 | M20: 反击 | N20: 阵鼓
A21: 4005 | B21: 4 | C21: 1 | D21: 关羽 | E21: 5 | F21: =K21&"|"&L21 -> 200027|200028 | G21: 208 | H21: 怒狮之戒 | I21: 名门之后 | K21: 200027 | L21: 200028 | M21: 战争狂热 | N21: 致命一击
A22: 4019 | B22: 4 | D22: 大流士一世 | E22: 19 | F22: =K22&"|"&L22 -> 200019|200072 | G22: 208 | H22: 怒狮之戒 | I22: 名门之后 | K22: 200019 | L22: 200072 | M22: 冲锋的极意 | N22: 弱点进攻
A23: 4202 | B23: 4 | D23: 纳尔西斯 | E23: 202 | F23: =K23&"|"&L23 -> 200026|200113 | G23: 203 | H23: 乌鸦之戒 | I23: 命运操弄 | J23: 武伤 | K23: 200026 | L23: 200113 | M23: 破怒斩 | N23: 激昂
A24: 4056 | B24: 4 | C24: 2 | D24: 哈拉尔 | E24: 56 | F24: =K24&"|"&L24 -> 200041|200015 | G24: 201 | H24: 暴熊之戒 | I24: 裸衣 | K24: 200041 | L24: 200015 | M24: 饥渴之刃 | N24: 战争祝福
A25: 40191 | B25: 4 | D25: 大流士一世 | E25: 19 | F25: =K25&"|"&L25 -> 200019|200072 | G25: 201 | H25: 暴熊之戒 | I25: 裸衣 | K25: 200019 | L25: 200072 | M25: 冲锋的极意 | N25: 弱点进攻
A26: 4215 | B26: 4 | D26: 凯索 | E26: 215 | F26: =K26&"|"&L26 -> 200030|200032 | G26: 201 | H26: 暴熊之戒 | I26: 裸衣 | J26: 增伤 | K26: 200030 | L26: 200032 | M26: 怒涛之击 | N26: 撕裂
A27: 4076 | B27: 4 | C27: 3 | D27: 杜加瓦蒂 | E27: 76 | F27: =K27&"|"&L27 -> 200125|200041 | G27: 212 | H27: 夜狼之戒 | I27: 燃身战意 | K27: 200125 | L27: 200041 | M27: 入阵曲 | N27: 饥渴之刃
A28: 42151 | B28: 4 | D28: 凯索 | E28: 215 | F28: =K28&"|"&L28 -> 200030|200032 | G28: 212 | H28: 夜狼之戒 | I28: 燃身战意 | J28: 增伤 | K28: 200030 | L28: 200032 | M28: 怒涛之击 | N28: 撕裂
A29: 5014 | B29: 5 | C29: 1 | D29: 孙武 | E29: 14 | F29: =K29&"|"&L29 -> 200063|200016 | G29: 109 | H29: 苍蓝之月 | I29: 毁灭的预示 | K29: 200063 | L29: 200016 | M29: 灵光乍现 | N29: 军神赠礼
A30: 5004 | B30: 5 | D30: 克里奥帕特拉 | E30: 4 | F30: =K30&"|"&L30 -> 200020|200074 | G30: 109 | H30: 苍蓝之月 | I30: 毁灭的预示 | K30: 200020 | L30: 200074 | M30: 连击 | N30: 压迫之袭
A31: 5016 | B31: 5 | C31: 2 | D31: 腓力四世 | E31: 16 | F31: =K31&"|"&L31 -> 200047|200016 | G31: 106 | H31: 天行骑士 | I31: 胜利的代价 | K31: 200047 | L31: 200016 | M31: 以战养战 | N31: 军神赠礼
A32: 50041 | B32: 5 | D32: 克里奥帕特拉 | E32: 4 | F32: =K32&"|"&L32 -> 200020|200074 | G32: 113 | H32: 静谧之水 | I32: 光明护佑 | K32: 200020 | L32: 200074 | M32: 连击 | N32: 压迫之袭
A33: 5205 | B33: 5 | D33: 巴尔达斯 | E33: 205 | F33: =K33&"|"&L33 -> 200124|200116 | G33: 210 | H33: 迅鹿之戒 | I33: 借势威吓 | J33: 谋伤，主将增伤 | K33: 200124 | L33: 200116 | M33: 伏击 | N33: 机变
A34: 5062 | B34: 5 | C34: 3 | D34: 狄奥多拉 | E34: 62 | F34: =K34&"|"&L34 -> 200047|200098 | G34: 111 | H34: 不动之山 | I34: 避芒击惰 | K34: 200047 | L34: 200098 | M34: 以战养战 | N34: 长生军团
A35: 50161 | B35: 5 | D35: 腓力四世 | E35: 16 | F35: =K35&"|"&L35 -> 200047|200016 | G35: 106 | H35: 天行骑士 | I35: 胜利的代价 | K35: 200047 | L35: 200016 | M35: 以战养战 | N35: 军神赠礼
A36: 5209 | B36: 5 | D36: 尼诺 | E36: 209 | F36: =K36&"|"&L36 -> 200114|200116 | G36: 206 | H36: 灵獾之戒 | I36: 钢铁之躯 | J36: 谋伤 | K36: 200114 | L36: 200116 | M36: 阳谋 | N36: 机变
A37: 6003 | B37: 6 | C37: 1 | D37: 凯撒 | E37: 3 | F37: =K37&"|"&L37 -> 200080|200068 | H37: #N/A | I37: #N/A | K37: 200080 | L37: 200068 | M37: 蛮勇侵袭 | N37: 王者之剑 | O37: 暂时没上
A38: 6002 | B38: 6 | C38: 2 | D38: 织田信长 | E38: 2 | F38: =K38&"|"&L38 -> 200080|200068 | H38: #N/A | I38: #N/A | K38: 200080 | L38: 200068 | M38: 蛮勇侵袭 | N38: 王者之剑
A39: 6036 | B39: 6 | D39: 约瑟芬 | E39: 36 | F39: =K39&"|"&L39 -> 200020|200072 | H39: #N/A | I39: #N/A | K39: 200020 | L39: 200072 | M39: 连击 | N39: 弱点进攻
A40: 6201 | B40: 6 | C40: 3 | D40: 李道玄 | E40: 201 | F40: =K40&"|"&L40 -> 200069|200122 | H40: #N/A | I40: #N/A | J40: 指挥武伤 | K40: 200069 | L40: 200122 | M40: 列阵御敌 | N40: 变阵
A41: 6004 | B41: 6 | D41: 克里奥帕特拉 | E41: 4 | F41: =K41&"|"&L41 -> 200020|200074 | H41: #N/A | I41: #N/A | K41: 200020 | L41: 200074 | M41: 连击 | N41: 压迫之袭
A42: 6056 | B42: 6 | D42: 哈拉尔 | E42: 56 | F42: =K42&"|"&L42 -> 200041|200015 | H42: #N/A | I42: #N/A | K42: 200041 | L42: 200015 | M42: 饥渴之刃 | N42: 战争祝福
A43: 7021 | B43: 7 | C43: 1 | D43: 亚瑟王 | E43: 21 | F43: =K43&"|"&L43 -> 200015|200005 | G43: 110 | H43: 赤金之日 | I43: 决意强袭 | K43: 200015 | L43: 200005 | M43: 战争祝福 | N43: 怒火猛攻
A44: 7077 | B44: 7 | C44: 2 | D44: 崔布瓦娜 | E44: 77 | F44: =K44&"|"&L44 -> 200009|200068 | G44: 113 | H44: 静谧之水 | I44: 光明护佑 | K44: =INDEX('[2]#技能参考'!$A:$A,MATCH(M44,'[2]#技能参考'!$B:$B,0),1) -> 200009 | L44: =INDEX('[2]#技能参考'!$A:$A,MATCH(N44,'[2]#技能参考'!$B:$B,0),1) -> 200068 | M44: 正义裁决 | N44: 王者之剑
A45: 7091 | B45: 7 | D45: 宫本武藏 | E45: 91 | F45: =K45&"|"&L45 -> 200061|200005 | G45: 113 | H45: 静谧之水 | I45: 光明护佑 | K45: 200061 | L45: 200005 | M45: 泰山压顶 | N45: 怒火猛攻 | O45: 亚瑟辅助
A46: 7061 | B46: 7 | D46: 汉谟拉比 | E46: 61 | F46: =K46&"|"&L46 -> 200061|200015 | G46: 113 | H46: 静谧之水 | I46: 光明护佑 | K46: 200061 | L46: 200015 | M46: 泰山压顶 | N46: 战争祝福
A47: 7008 | B47: 7 | C47: 3 | D47: 君士坦丁大帝 | E47: 8 | F47: =K47&"|"&L47 -> 200042|200010 | G47: 106 | H47: 天行骑士 | I47: 胜利的代价 | K47: 200042 | L47: 200010 | M47: 百战之体 | N47: 恩泽庇护
A48: 7055 | B48: 7 | D48: 大卫王 | E48: 55 | F48: =K48&"|"&L48 -> 200061|200009 | G48: 111 | H48: 不动之山 | I48: 避芒击惰 | K48: 200061 | L48: 200009 | M48: 泰山压顶 | N48: 正义裁决
A49: 7056 | B49: 7 | D49: 哈拉尔 | E49: 56 | F49: =K49&"|"&L49 -> 200041|200015 | G49: 111 | H49: 不动之山 | I49: 避芒击惰 | K49: 200041 | L49: 200015 | M49: 饥渴之刃 | N49: 战争祝福
A50: 8036 | B50: 8 | C50: 1 | D50: 约瑟芬 | E50: 36 | F50: =K50&"|"&L50 -> 200168|200020 | G50: 202 | H50: 石犀之戒 | I50: 迸裂 | K50: 200168 | L50: 200020 | M50: 先登破城 | N50: 连击
A51: 8061 | B51: 8 | C51: 2 | D51: 汉谟拉比 | E51: 61 | F51: =K51&"|"&L51 -> 200166|200061 | G51: 308 | H51: 月桂之戒 | I51: 攻城战术 | K51: 200166 | L51: 200061 | M51: 攻城略地 | N51: 泰山压顶
A52: 8055 | B52: 8 | C52: 3 | D52: 大卫王 | E52: 55 | F52: =K52&"|"&L52 -> 200167|200061 | G52: 207 | H52: 巨象之戒 | I52: 攻城大师 | K52: 200167 | L52: 200061 | M52: 无畏先登 | N52: 泰山压顶
A53: 9003 | B53: 9 | C53: 1 | D53: 凯撒 | E53: 3 | F53: =K53&"|"&L53 -> 200080|200068 | G53: 111 | H53: 不动之山 | I53: 避芒击惰 | K53: 200080 | L53: 200068 | M53: 蛮勇侵袭 | N53: 王者之剑
A54: 9034 | B54: 9 | C54: 2 | D54: 屋大维 | E54: 34 | F54: =K54&"|"&L54 -> 200068|200006 | G54: 102 | H54: 圣选贤哲 | I54: 沉默誓言 | K54: 200068 | L54: 200006 | M54: 王者之剑 | N54: 风卷残云
A55: 90781 | B55: 9 | D55: 兰甘亨 | E55: 78 | F55: =K55&"|"&L55 -> 200042|200010 | G55: 102 | H55: 圣选贤哲 | I55: 沉默誓言 | K55: =INDEX('[2]#技能参考'!$A:$A,MATCH(M55,'[2]#技能参考'!$B:$B,0),1) -> 200042 | L55: =INDEX('[2]#技能参考'!$A:$A,MATCH(N55,'[2]#技能参考'!$B:$B,0),1) -> 200010 | M55: 百战之体 | N55: 恩泽庇护
A56: 9213 | B56: 9 | D56: 泰尼乌斯 | E56: 213 | F56: =K56&"|"&L56 -> 200069|200122 | G56: 210 | H56: 迅鹿之戒 | I56: 借势威吓 | K56: 200069 | L56: 200122 | M56: 列阵御敌 | N56: 变阵
A57: =9000+E57 -> 9078 | B57: 9 | C57: 3 | D57: 兰甘亨 | E57: 78 | F57: =K57&"|"&L57 -> 200042|200010 | G57: 113 | H57: 静谧之水 | I57: 光明护佑 | K57: =INDEX('[2]#技能参考'!$A:$A,MATCH(M57,'[2]#技能参考'!$B:$B,0),1) -> 200042 | L57: =INDEX('[2]#技能参考'!$A:$A,MATCH(N57,'[2]#技能参考'!$B:$B,0),1) -> 200010 | M57: 百战之体 | N57: 恩泽庇护
A58: 9064 | B58: 9 | D58: 示巴女王 | E58: 64 | F58: =K58&"|"&L58 -> 200042|200010 | G58: 113 | H58: 静谧之水 | I58: 光明护佑 | K58: 200042 | L58: 200010 | M58: 百战之体 | N58: 恩泽庇护
A59: 9203 | B59: 9 | D59: 雷欧 | E59: 203 | F59: =K59&"|"&L59 -> 200126|200117 | G59: 211 | H59: 天鹰之戒 | I59: 绿洲之佑 | K59: 200126 | L59: 200117 | M59: 固本 | N59: 苦肉
A60: =10000+E60 -> 10042 | B60: 10 | C60: 1 | D60: 理查一世 | E60: 42 | F60: =K60&"|"&L60 -> 200037|200006 | G60: 105 | H60: 毁灭信使 | I60: 敏锐洞察 | K60: 200037 | L60: 200006 | M60: 反戈一击 | N60: 风卷残云
A61: =10000+E61 -> 10013 | B61: 10 | D61: 列奥尼达一世 | E61: 13 | F61: =K61&"|"&L61 -> 200100|200006 | G61: 105 | H61: 毁灭信使 | I61: 敏锐洞察 | K61: 200100 | L61: 200006 | M61: 不屈反击 | N61: 风卷残云
A62: =10000+E62 -> 10001 | B62: 10 | D62: 贞德 | E62: 1 | F62: =K62&"|"&L62 -> 200068|200100 | G62: 105 | H62: 毁灭信使 | I62: 敏锐洞察 | K62: 200068 | L62: 200100 | M62: 王者之剑 | N62: 不屈反击
A63: 10011 | B63: 10 | C63: 2 | D63: 布狄卡 | E63: 11 | F63: =K63&"|"&L63 -> 200037|200006 | G63: 111 | H63: =INDEX('[2]#玺戒参考'!$A:$E,MATCH(G63,'[2]#玺戒参考'!$A:$A,0),2) -> 不动之山 | I63: =INDEX('[2]#玺戒参考'!$A:$E,MATCH(G63,'[2]#玺戒参考'!$A:$A,0),5) -> 避芒击惰 | K63: 200037 | L63: 200006 | M63: 反戈一击 | N63: 风卷残云
A64: 100131 | B64: 10 | D64: 列奥尼达一世 | E64: 13 | F64: =K64&"|"&L64 -> 200100|200006 | G64: 111 | H64: 不动之山 | I64: 避芒击惰 | K64: 200100 | L64: 200006 | M64: 不屈反击 | N64: 风卷残云
A65: 100011 | B65: 10 | D65: 贞德 | E65: 1 | F65: =K65&"|"&L65 -> 200068|200100 | G65: 111 | H65: 不动之山 | I65: 避芒击惰 | K65: 200068 | L65: 200100 | M65: 王者之剑 | N65: 不屈反击
A66: 10019 | B66: 10 | D66: 大流士一世 | E66: 19 | F66: =K66&"|"&L66 -> 200019|200072 | G66: 111 | H66: =INDEX('[2]#玺戒参考'!$A:$E,MATCH(G66,'[2]#玺戒参考'!$A:$A,0),2) -> 不动之山 | I66: =INDEX('[2]#玺戒参考'!$A:$E,MATCH(G66,'[2]#玺戒参考'!$A:$A,0),5) -> 避芒击惰 | K66: =INDEX('[2]#技能参考'!$A:$A,MATCH(M66,'[2]#技能参考'!$B:$B,0),1) -> 200019 | L66: =INDEX('[2]#技能参考'!$A:$A,MATCH(N66,'[2]#技能参考'!$B:$B,0),1) -> 200072 | M66: 冲锋的极意 | N66: 弱点进攻
A67: =10000+E67 -> 10017 | B67: 10 | C67: 3 | D67: 巴巴罗萨 | E67: 17 | F67: =K67&"|"&L67 -> 200010|200042 | G67: 113 | H67: 静谧之水 | I67: 光明护佑 | K67: 200010 | L67: 200042 | M67: 恩泽庇护 | N67: 百战之体
A68: 100191 | B68: 10 | D68: 大流士一世 | E68: 19 | F68: =K68&"|"&L68 -> 200019|200072 | G68: 113 | H68: =INDEX('[2]#玺戒参考'!$A:$E,MATCH(G68,'[2]#玺戒参考'!$A:$A,0),2) -> 静谧之水 | I68: =INDEX('[2]#玺戒参考'!$A:$E,MATCH(G68,'[2]#玺戒参考'!$A:$A,0),5) -> 光明护佑 | K68: =INDEX('[2]#技能参考'!$A:$A,MATCH(M68,'[2]#技能参考'!$B:$B,0),1) -> 200019 | L68: =INDEX('[2]#技能参考'!$A:$A,MATCH(N68,'[2]#技能参考'!$B:$B,0),1) -> 200072 | M68: 冲锋的极意 | N68: 弱点进攻
A69: =10000+E69 -> 10207 | B69: 10 | D69: 武威 | E69: 207 | F69: =K69&"|"&L69 -> 200040|200120 | G69: 213 | H69: 野猪之戒 | I69: 余烬之灼 | K69: 200040 | L69: 200120 | M69: 反击 | N69: 阵鼓
A70: 11023 | B70: 11 | C70: 1 | D70: 汉尼拔 | E70: 23 | F70: =K70&"|"&L70 -> 200020|200074 | G70: 108 | H70: 闪耀守卫 | I70: 波澜攻势 | K70: 200020 | L70: 200074 | M70: 连击 | N70: 压迫之袭
A71: 11004 | B71: 11 | D71: 克里奥帕特拉 | E71: 4 | F71: =K71&"|"&L71 -> 200020|200074 | G71: 109 | H71: 苍蓝之月 | I71: 毁灭的预示 | K71: 200020 | L71: 200074 | M71: 连击 | N71: 压迫之袭
A72: 11010 | B72: 11 | C72: 2 | D72: 查士丁尼 | E72: 10 | F72: =K72&"|"&L72 -> 200047|200010 | G72: 111 | H72: 不动之山 | I72: 避芒击惰 | K72: 200047 | L72: 200010 | M72: 以战养战 | N72: 恩泽庇护
A73: 110041 | B73: 11 | D73: 克里奥帕特拉 | E73: 4 | F73: =K73&"|"&L73 -> 200020|200074 | G73: 113 | H73: 静谧之水 | I73: 光明护佑 | K73: 200020 | L73: 200074 | M73: 连击 | N73: 压迫之袭
A74: 11210 | B74: 11 | D74: 克洛特 | E74: 210 | F74: =K74&"|"&L74 -> 200115|200108 | G74: 209 | H74: 黑蛇之戒 | I74: 文武双全 | K74: 200115 | L74: 200108 | M74: 反间 | N74: 制伏
A75: 11075 | B75: 11 | C75: 3 | D75: 阿育王 | E75: 75 | F75: =K75&"|"&L75 -> 200072|200031 | G75: 113 | H75: 静谧之水 | I75: 光明护佑 | K75: =INDEX('[2]#技能参考'!$A:$A,MATCH(M75,'[2]#技能参考'!$B:$B,0),1) -> 200072 | L75: =INDEX('[2]#技能参考'!$A:$A,MATCH(N75,'[2]#技能参考'!$B:$B,0),1) -> 200031 | M75: 弱点进攻 | N75: 慈悲终结
A76: 11032 | B76: 11 | D76: 阿提拉 | E76: 32 | F76: =K76&"|"&L76 -> 200072|200031 | G76: 111 | H76: 不动之山 | I76: 避芒击惰 | K76: 200072 | L76: 200031 | M76: 弱点进攻 | N76: 慈悲终结
A77: 110042 | B77: 11 | D77: 克里奥帕特拉 | E77: 4 | F77: =K77&"|"&L77 -> 200020|200074 | G77: 113 | H77: 静谧之水 | I77: 光明护佑 | K77: 200020 | L77: 200074 | M77: 连击 | N77: 压迫之袭
A78: 12047 | B78: 12 | C78: 1 | D78: 熙德 | E78: 47 | F78: =K78&"|"&L78 -> 200020|200078 | G78: 108 | H78: 闪耀守卫 | I78: 波澜攻势 | K78: 200020 | L78: 200078 | M78: 连击 | N78: 胜利怒吼
A79: 12063 | B79: 12 | C79: 2 | D79: 哈立德 | E79: 63 | F79: =K79&"|"&L79 -> 200019|200078 | G79: 112 | H79: 灼热之火 | I79: 英勇时刻 | K79: 200019 | L79: 200078 | M79: 冲锋的极意 | N79: 胜利怒吼
A80: 12064 | B80: 12 | D80: 示巴女王 | E80: 64 | F80: =K80&"|"&L80 -> 200042|200010 | G80: 113 | H80: 静谧之水 | I80: 光明护佑 | K80: 200042 | L80: 200010 | M80: 百战之体 | N80: 恩泽庇护
A81: 12206 | B81: 12 | D81: 阿克塞尔 | E81: 206 | F81: =K81&"|"&L81 -> 200026|200113 | G81: 212 | H81: 夜狼之戒 | I81: 燃身战意 | K81: 200026 | L81: 200113 | M81: 破怒斩 | N81: 激昂
A82: 120641 | B82: 12 | C82: 3 | D82: 示巴女王 | E82: 64 | F82: =K82&"|"&L82 -> 200042|200010 | G82: 113 | H82: 静谧之水 | I82: 光明护佑 | K82: 200042 | L82: 200010 | M82: 百战之体 | N82: 恩泽庇护
A83: 12032 | B83: 12 | D83: 阿提拉 | E83: 32 | F83: =K83&"|"&L83 -> 200072|200031 | G83: 107 | H83: 东天尊主 | I83: 胜利军规 | K83: 200072 | L83: 200031 | M83: 弱点进攻 | N83: 慈悲终结
A84: 13005 | B84: 13 | C84: 1 | D84: 关羽 | E84: 5 | F84: =K84&"|"&L84 -> 200027|200028 | G84: 111 | H84: 不动之山 | I84: 避芒击惰 | K84: 200027 | L84: 200028 | M84: 战争狂热 | N84: 致命一击
A85: 13019 | B85: 13 | D85: 大流士一世 | E85: 19 | F85: =K85&"|"&L85 -> 200019|200072 | G85: 111 | H85: 不动之山 | I85: 避芒击惰 | K85: 200019 | L85: 200072 | M85: 冲锋的极意 | N85: 弱点进攻
A86: 13056 | B86: 13 | C86: 2 | D86: 哈拉尔 | E86: 56 | F86: =K86&"|"&L86 -> 200041|200015 | G86: 107 | H86: 东天尊主 | I86: 胜利军规 | K86: 200041 | L86: 200015 | M86: 饥渴之刃 | N86: 战争祝福
A87: 130191 | B87: 13 | D87: 大流士一世 | E87: 19 | F87: =K87&"|"&L87 -> 200019|200072 | G87: 107 | H87: 东天尊主 | I87: 胜利军规 | K87: 200019 | L87: 200072 | M87: 冲锋的极意 | N87: 弱点进攻
A88: 13032 | B88: 13 | C88: 3 | D88: 阿提拉 | E88: 32 | F88: =K88&"|"&L88 -> 200072|200036 | G88: 113 | H88: 静谧之水 | I88: 光明护佑 | K88: 200072 | L88: 200036 | M88: 弱点进攻 | N88: 破敌之眼
A89: 13076 | B89: 13 | D89: 杜加瓦蒂 | E89: 76 | F89: =K89&"|"&L89 -> 200125|200041 | G89: 113 | H89: 静谧之水 | I89: 光明护佑 | K89: 200125 | L89: 200041 | M89: 入阵曲 | N89: 饥渴之刃
A90: 14006 | B90: 14 | D90: 亨利五世 | E90: 6 | F90: =K90&"|"&L90 -> 200099|200016 | H90: #N/A | I90: #N/A | K90: 200099 | L90: 200016 | M90: 万里平戎策 | N90: 军神赠礼
A91: 14012 | B91: 14 | D91: 萨拉丁 | E91: 12 | F91: =K91&"|"&L91 -> 200047|200078 | H91: #N/A | I91: #N/A | K91: 200047 | L91: 200078 | M91: 以战养战 | N91: 胜利怒吼
A92: 14074 | B92: 14 | D92: 哈特舍普苏特 | E92: 74 | F92: =K92&"|"&L92 -> 200099|200016 | H92: #N/A | I92: #N/A | K92: 200099 | L92: 200016 | M92: 万里平戎策 | N92: 军神赠礼
A93: 15093 | B93: 15 | C93: 1 | D93: 苏莱曼一世 | E93: 93 | F93: =K93&"|"&L93 -> 200063|200016 | G93: 101 | H93: 永燃之翼 | I93: 侵蚀之焰 | K93: 200063 | L93: 200016 | M93: 灵光乍现 | N93: 军神赠礼
A94: 15020 | B94: 15 | D94: 李舜臣 | E94: 20 | F94: =K94&"|"&L94 -> 200060|200047 | G94: 101 | H94: 永燃之翼 | I94: 侵蚀之焰 | K94: 200060 | L94: 200047 | M94: 燎天之火 | N94: 以战养战
A95: 15092 | B95: 15 | C95: 2 | D95: 善德女王 | E95: 92 | F95: =K95&"|"&L95 -> 200060|200047 | G95: 109 | H95: 苍蓝之月 | I95: 毁灭的预示 | K95: 200060 | L95: 200047 | M95: 燎天之火 | N95: 以战养战
A96: 150201 | B96: 15 | D96: 李舜臣 | E96: 20 | F96: =K96&"|"&L96 -> 200060|200047 | G96: 109 | H96: 苍蓝之月 | I96: 毁灭的预示 | K96: 200060 | L96: 200047 | M96: 燎天之火 | N96: 以战养战
A97: 15062 | B97: 15 | C97: 3 | D97: 狄奥多拉 | E97: 62 | F97: =K97&"|"&L97 -> 200060|200098 | G97: 111 | H97: 不动之山 | I97: 避芒击惰 | K97: 200060 | L97: 200098 | M97: 燎天之火 | N97: 长生军团
A98: 15212 | B98: 15 | D98: 袁夏 | E98: 212 | F98: =K98&"|"&L98 -> 200108|200116 | G98: 210 | H98: 迅鹿之戒 | I98: 借势威吓 | K98: 200108 | L98: 200116 | M98: 制伏 | N98: 机变
A99: 16021 | B99: 16 | C99: 1 | D99: 亚瑟王 | E99: 21 | F99: =K99&"|"&L99 -> 200005|200019 | G99: 110 | H99: 赤金之日 | I99: 决意强袭 | K99: 200005 | L99: 200019 | M99: 怒火猛攻 | N99: 冲锋的极意
A100: 16056 | B100: 16 | C100: 2 | D100: 哈拉尔 | E100: 56 | F100: =K100&"|"&L100 -> 200041|200015 | G100: 106 | H100: 天行骑士 | I100: 胜利的代价 | K100: 200041 | L100: 200015 | M100: 饥渴之刃 | N100: 战争祝福
...

Sheet #阵容详细配置表(留档)
A1: convert(ResHero.proto, table_HeroTeamStrategyDetail, HeroTeamStrategyDetail.pbin)
A2: id | B2: 阵容名称（文本） | C2: 阵容名称 | D2: 阵容介绍 | E2: 阵容介绍（文本） | F2: 玺戒解锁后的阵容介绍 | G2: 玺戒解锁后的阵容介绍（文本） | H2: 槽位1英雄id | I2: 槽位2英雄id | J2: 槽位3英雄id | K2: 阵容兵种 | L2: 阵容风格 | M2: 显示icon图集 | N2: 标签文本
A3: id | C3: name | D3: desc | F3: unlockDesc | H3: pos1[|] | I3: pos2[|] | J3: pos3[|] | K3: soldierType | L3: battleStyle | M3: iconAtlas | N3: tagTxt
A4: 1 | B4: 开荒公主剑 | C4: TID_TEXT_LINEUP_GUIDE_TITLE_1 | D4: TID_TEXT_LINEUP_GUIDE_CONTENT_1 | E4: <color=#ffc766>哈拉尔</color>可提升我军主将<color=#ffc766>主动</color>和<color=#ffc766>追击</color>装配技能的伤害，<color=#ffc766>约瑟芬</color>装备<color=#ffc766>追击</color>技能可享受<color=#ffc766>哈拉尔</color>的增伤效果，同时<color=#ffc766>连击</color>技能可进一步提升约瑟芬固有和装配追击技能的输出效率。该队伍的英雄均容易获取，适合新手使用。 | F4: TID_TEXT_LINEUP_GUIDE_CONTENT_1 | G4: <color=#ffc766>哈拉尔</color>可提升我军主将<color=#ffc766>主动</color>和<color=#ffc766>追击</color>装配技能的伤害，<color=#ffc766>约瑟芬</color>装备<color=#ffc766>追击</color>技能可享受<color=#ffc766>哈拉尔</color>的增伤效果，同时<color=#ffc766>连击</color>技能可进一步提升约瑟芬固有和装配追击技能的输出效率。该队伍的英雄均容易获取，适合新手使用。 | H4: 1036 | I4: 1056|1211 | J4: 1055|1211 | K4: 剑士 | L4: 勇武 | M4: icon_packageitem | N4: 新手
A5: 2 | B5: 新手红颜弓 | C5: TID_TEXT_LINEUP_GUIDE_TITLE_2 | D5: TID_TEXT_LINEUP_GUIDE_CONTENT_2 | E5: <color=#ffc766>杜加瓦蒂</color>固有技能提供的<color=#ffc766>连击</color>效果，能极大的提升花木兰的输出效率。注意装配技能多选择追击技能，力争输出最大化。队伍的第三名英雄可选择<color=#ffc766>大卫王</color>，进一步提升<color=#ffc766>花木兰</color>的输出能力；也可选择<color=#ffc766>约瑟芬</color>，提升队伍的综合能力。 | F5: TID_TEXT_LINEUP_GUIDE_CONTENT_2 | G5: <color=#ffc766>杜加瓦蒂</color>固有技能提供的<color=#ffc766>连击</color>效果，能极大的提升花木兰的输出效率。注意装配技能多选择追击技能，力争输出最大化。队伍的第三名英雄可选择<color=#ffc766>大卫王</color>，进一步提升<color=#ffc766>花木兰</color>的输出能力；也可选择<color=#ffc766>约瑟芬</color>，提升队伍的综合能力。 | H5: 2009|2036 | I5: 2036|2055|2208 | J5: 2076|2055|2208 | K5: 弓兵 | L5: 勇武 | M5: icon_packageitem | N5: 新手
A6: 3 | B6: 群战反击枪 | C6: TID_TEXT_LINEUP_GUIDE_TITLE_3 | D6: TID_TEXT_LINEUP_GUIDE_CONTENT_3 | E6: 反击技能在<color=#ffc766>面对大量敌人同时进攻时</color>，触发频率将提高，配合<color=#ffc766>巴巴罗萨</color>出色的减伤能力，很适合在战斗中用来承受伤害，并通过反击技能进行输出。该队伍中<color=#ffc766>列奥尼达一世</color>和<color=#ffc766>贞德</color>的固有技能均为反击技能，且较容易获取，适合新手适用。 | F6: TID_TEXT_LINEUP_GUIDE_CONTENT_3 | G6: 反击技能在<color=#ffc766>面对大量敌人同时进攻时</color>，触发频率将提高，配合<color=#ffc766>巴巴罗萨</color>出色的减伤能力，很适合在战斗中用来承受伤害，并通过反击技能进行输出。该队伍中<color=#ffc766>列奥尼达一世</color>和<color=#ffc766>贞德</color>的固有技能均为反击技能，且较容易获取，适合新手适用。 | H6: 3013|3001|3019 | I6: 3001|3019|3207 | J6: 3017|3207 | K6: 枪兵 | L6: 勇武 | M6: icon_packageitem | N6: 勇武
A7: 4 | B7: 新手暴击骑 | C7: TID_TEXT_LINEUP_GUIDE_TITLE_4 | D7: TID_TEXT_LINEUP_GUIDE_CONTENT_4 | E7: <color=#ffc766>关羽</color>的固有技能具备稀有的<color=#ffc766>暴击率</color>提升效果。触发暴击时，普通攻击和可暴击技能能够造成<color=#ffc766>双倍伤害</color>，因此，<color=#ffc766>致命一击</color>成为了他最为关键的装配技能。<color=#ffc766>杜加瓦蒂</color>提供的<color=#ffc766>连击状态</color>可以大幅提升普攻和技能的触发频率，是队伍中不可或缺的辅助英雄。 | F7: TID_TEXT_LINEUP_GUIDE_CONTENT_4 | G7: <color=#ffc766>关羽</color>的固有技能具备稀有的<color=#ffc766>暴击率</color>提升效果。触发暴击时，普通攻击和可暴击技能能够造成<color=#ffc766>双倍伤害</color>，因此，<color=#ffc766>致命一击</color>成为了他最为关键的装配技能。<color=#ffc766>杜加瓦蒂</color>提供的<color=#ffc766>连击状态</color>可以大幅提升普攻和技能的触发频率，是队伍中不可或缺的辅助英雄。 | H7: 4005|4019|4202 | I7: 4056|4019|4215 | J7: 4076|4202|4215 | K7: 骑兵 | L7: 勇武 | M7: icon_packageitem | N7: 新手
A8: 5 | B8: 暴力输出谋伤剑 | C8: TID_TEXT_LINEUP_GUIDE_TITLE_5 | D8: TID_TEXT_LINEUP_GUIDE_CONTENT_5_1 | E8: 在<color=#ffc766>兵圣状态</color>中，<color=#ffc766>孙武</color>能够额外造成一次高额伤害。频繁触发固有技能并保持兵圣状态是这个阵容的核心策略。<color=#ffc766>腓力四世</color>可强化队伍的输出能力，<color=#ffc766>狄奥多拉</color>则兼具续航和增伤，队伍的第三人可根据英雄拥有情况灵活选择。 | F8: TID_TEXT_LINEUP_GUIDE_CONTENT_5_1 | G8: 在<color=#ffc766>兵圣状态</color>中，<color=#ffc766>孙武</color>能够额外造成一次高额伤害。频繁触发固有技能并保持兵圣状态是这个阵容的核心策略。<color=#ffc766>腓力四世</color>可强化队伍的输出能力，<color=#ffc766>狄奥多拉</color>则兼具续航和增伤，队伍的第三人可根据英雄拥有情况灵活选择。 | H8: 5014|5004 | I8: 5016|5004|5205 | J8: 5062|5016|5209 | K8: 剑士 | L8: 智谋 | M8: icon_packageitem | N8: 智谋
A9: 6 | B9: 新手统率剑 | C9: TID_TEXT_LINEUP_GUIDE_TITLE_6 | D9: TID_TEXT_LINEUP_GUIDE_CONTENT_6_1 | E9: <color=#ffc766>凯撒</color>和<color=#ffc766>织田信长</color>的固有技均为指挥技能，具有稳定的输出能力，适合新手前期使用。另一名副将可选择<color=#ffc766>李道玄</color>，组成完整的统率剑队伍。由于前期风格加成还未解锁，也可选择<color=#ffc766>约瑟芬</color>、<color=#ffc766>克里奥帕特拉</color>、<color=#ffc766>哈拉尔</color>等其他风格中个体能力更强的剑士英雄。 | F9: TID_TEXT_LINEUP_GUIDE_CONTENT_6_1 | G9: <color=#ffc766>凯撒</color>和<color=#ffc766>织田信长</color>的固有技均为指挥技能，具有稳定的输出能力，适合新手前期使用。另一名副将可选择<color=#ffc766>李道玄</color>，组成完整的统率剑队伍。由于前期风格加成还未解锁，也可选择<color=#ffc766>约瑟芬</color>、<color=#ffc766>克里奥帕特拉</color>、<color=#ffc766>哈拉尔</color>等其他风格中个体能力更强的剑士英雄。 | H9: 6003 | I9: 6002|2036 | J9: 6201|5004|1056 | K9: 剑士 | L9: 统率 | M9: icon_packageitem | N9: 新手
A10: 7 | B10: 传奇皇者真伤剑 | C10: TID_TEXT_LINEUP_GUIDE_TITLE_7 | D10: TID_TEXT_LINEUP_GUIDE_CONTENT_7_1 | E10: <color=#ffc766>亚瑟王</color>每两次触发固有技能后能进入<color=#ffc766>祝福状态</color>，此时攻击能<color=#ffc766>忽略敌军防御</color>，造成惊人伤害。<color=#ffc766>宫本武藏</color>自身输出能力很强，还能帮助亚瑟王更多地发动固有技能（需亚瑟王武力最高），是亚瑟王的最佳搭配之一。最后一名副将选择<color=#ffc766>君士坦丁大帝</color>，为队伍提供强大的续航辅助。该队伍输出和续航兼顾，具有非常强大的作战能力。 | F10: TID_TEXT_LINEUP_GUIDE_CONTENT_7_1 | G10: <color=#ffc766>亚瑟王</color>每两次触发固有技能后能进入<color=#ffc766>祝福状态</color>，此时攻击能<color=#ffc766>忽略敌军防御</color>，造成惊人伤害。<color=#ffc766>崔布瓦娜</color>能大大提升亚瑟王的固有主动技能发动频率，是其最佳的输出辅助副将。最后一名副将选择<color=#ffc766>君士坦丁大帝</color>，为队伍提供强大的续航辅助。该队伍输出和续航兼顾，具有非常强大的作战能力。 | H10: 7021 | I10: 7077|7091|7061 | J10: 7008|7055|7056 | K10: 剑士 | L10: 勇武 | M10: icon_packageitem | N10: 混合
A11: 8 | B11: 攻城中坚勇武剑 | C11: TID_TEXT_LINEUP_GUIDE_TITLE_8 | D11: TID_TEXT_LINEUP_GUIDE_CONTENT_8 | E11: 本队最大特点是全体英雄都很容易获取，但却能有不俗的作战能力。<color=#ffc766>汉谟拉比和大卫王围绕溃散状态进行联动</color>，提升队伍的输出能力。在装配技能的选择上，可以考虑添加更多<color=#ffc766>施加溃散状态</color>的技能，以保持以上效果的稳定触发。注意该队三名英雄均具有很高的<color=#ffc766>摧城属性</color>，装配技能可替换成摧城技能作为攻城部队使用。 | F11: TID_TEXT_LINEUP_GUIDE_CONTENT_8 | G11: 本队最大特点是全体英雄都很容易获取，但却能有不俗的作战能力。<color=#ffc766>汉谟拉比和大卫王围绕溃散状态进行联动</color>，提升队伍的输出能力。在装配技能的选择上，可以考虑添加更多<color=#ffc766>施加溃散状态</color>的技能，以保持以上效果的稳定触发。注意该队三名英雄均具有很高的<color=#ffc766>摧城属性</color>，装配技能可替换成摧城技能作为攻城部队使用。 | H11: 8036 | I11: 8061 | J11: 8055 | K11: 剑士 | L11: 勇武 | M11: icon_packageitem | N11: 勇武
A12: 9 | B12: 稳定生存统率枪 | C12: TID_TEXT_LINEUP_GUIDE_TITLE_9_1 | D12: TID_TEXT_LINEUP_GUIDE_CONTENT_9_1 | E12: 统率枪阵容以<color=#ffc766>指挥技能</color>为主要的输出和治疗手段，<color=#ffc766>稳定性</color>是其最大特点。<color=#ffc766>屋大维</color>在每次我军触发一定次数固有指挥技能后，能提供额外的增伤效果，是该队伍的核心英雄。<color=#ffc766>凯撒</color>和<color=#ffc766>示巴女王</color>每隔9秒可各造成一次伤害和回复效果，具有稳定的作战能力。 | F12: TID_TEXT_LINEUP_GUIDE_CONTENT_9_1 | G12: 统率枪阵容以<color=#ffc766>指挥技能</color>为主要的输出和治疗手段，<color=#ffc766>稳定性</color>是其最大特点。<color=#ffc766>屋大维</color>在每次我军触发一定次数固有指挥技能后，能提供额外的增伤效果，是该队伍的核心英雄。<color=#ffc766>凯撒</color>和<color=#ffc766>示巴女王</color>每隔9秒可各造成一次伤害和回复效果，具有稳定的作战能力。 | H12: 9003 | I12: 9034|9213 | J12: 9064|9203 | K12: 枪兵 | L12: 统率 | M12: icon_packageitem | N12: 统率
A13: 10 | B13: 群战之王反击枪 | C13: TID_TEXT_LINEUP_GUIDE_TITLE_10 | D13: TID_TEXT_LINEUP_GUIDE_CONTENT_10_1 | E13: <color=#ffc766>理查一世</color>具有极高的武力属性，以及强大的反击能力，并且主将技能附加减速效果，能黏住敌人持续输出。<color=#ffc766>列奥尼达一世</color>获取难度不高，但输出能力不俗。<color=#ffc766>巴巴罗萨</color>是队伍持续输出的续航支柱，当血量降低时，续航能力逐渐变强！此外，获取难度更低的<color=#ffc766>贞德</color>和<color=#ffc766>大流士一世</color>也可作为副将备选，进一步提升队伍输出效率。 | F13: TID_TEXT_LINEUP_GUIDE_CONTENT_10_1 | G13: <color=#ffc766>理查一世</color>具有极高的武力属性，以及强大的反击能力，并且主将技能附加减速效果，能黏住敌人持续输出。<color=#ffc766>列奥尼达一世</color>获取难度不高，但输出能力不俗。<color=#ffc766>巴巴罗萨</color>是队伍持续输出的续航支柱，当血量降低时，续航能力逐渐变强！此外，获取难度更低的<color=#ffc766>贞德</color>和<color=#ffc766>大流士一世</color>也可作为副将备选，进一步提升队伍输出效率。 | H13: 3042|3013|3001 | I13: 3013|3001|3019 | J13: 3017|3019|3207 | K13: 枪兵 | L13: 勇武 | M13: icon_packageitem | N13: 勇武
A14: 11 | B14: 智勇双全智谋骑 | C14: TID_TEXT_LINEUP_GUIDE_TITLE_11 | D14: TID_TEXT_LINEUP_GUIDE_CONTENT_11_1 | E14: <color=#ffc766>汉尼拔</color>的固有技能能够<color=#ffc766>削弱敌军主将</color>的谋略和防御属性，搭配<color=#ffc766>压迫之袭</color>可实现全属性削弱。当<color=#ffc766>主将技能</color>触发时，汉尼拔能够获得敌军主将被削弱的部分属性，从而在一段时间内产生爆发伤害。<color=#ffc766>查士丁尼一世</color>能在我军英雄触发追击技能时提供回复和减伤效果，与汉尼拔形成很好的联动。<color=#ffc766>阿提拉</color>提供的全体英雄连击效果非常适配该套体系，虽然风格不符，但仍是该队伍最好的辅助选择。注意选择阿提拉后，汉尼拔的<color=#ffc766>连击</color>技能可换为<color=#ffc766>战术冲锋</color>。 | F14: TID_TEXT_LINEUP_GUIDE_CONTENT_11_1 | G14: <color=#ffc766>汉尼拔</color>的固有技能能够<color=#ffc766>削弱敌军主将</color>的谋略和防御属性，搭配<color=#ffc766>压迫之袭</color>可实现全属性削弱。当<color=#ffc766>主将技能</color>触发时，汉尼拔能够获得敌军主将被削弱的部分属性，从而在一段时间内产生爆发伤害。<color=#ffc766>查士丁尼一世</color>能在我军英雄触发追击技能时提供回复和减伤效果，与汉尼拔形成很好的联动。<color=#ffc766>阿提拉</color>提供的全体英雄连击效果非常适配该套体系，虽然风格不符，但仍是该队伍最好的辅助选择。注意选择阿提拉后，汉尼拔的<color=#ffc766>连击</color>技能可换为<color=#ffc766>战术冲锋</color>。 | H14: 10023|10004 | I14: 10010|10004|10210 | J14: 40321|10004|10210 | K14: 骑兵 | L14: 智谋 | M14: icon_packageitem | N14: 智谋
A15: 12 | B15: 兵扫六合决斗骑 | C15: TID_TEXT_LINEUP_GUIDE_TITLE_12 | D15: TID_TEXT_LINEUP_GUIDE_CONTENT_12_1 | E15: <color=#ffc766>熙德</color>能对处于<color=#ffc766>减速状态</color>的敌人造成额外伤害，因此野战是该阵容的强项。熙德的主将技会对攻击目标附加减速状态，因此装配技能需要选择<color=#ffc766>胜利怒吼</color>以提升队伍的怒气回复速率。副将<color=#ffc766>哈立德</color>能提升队伍的输出能力，而<color=#ffc766>示巴女王</color>则能为队伍带来更强的续航能力。也可选择<color=#ffc766>阿提拉</color>替换示巴女王，损失风格加成，换来全队连击效果，追求更极致的输出能力（注意此时熙德的<color=#ffc766>连击</color>技能可换为<color=#ffc766>弱点进攻</color>）。 | F15: TID_TEXT_LINEUP_GUIDE_CONTENT_12_1 | G15: <color=#ffc766>熙德</color>能对处于<color=#ffc766>减速状态</color>的敌人造成额外伤害，因此野战是该阵容的强项。熙德的主将技会对攻击目标附加减速状态，因此装配技能需要选择<color=#ffc766>胜利怒吼</color>以提升队伍的怒气回复速率。副将<color=#ffc766>哈立德</color>能提升队伍的输出能力，而<color=#ffc766>示巴女王</color>则能为队伍带来更强的续航能力。也可选择<color=#ffc766>阿提拉</color>替换示巴女王，损失风格加成，换来全队连击效果，追求更极致的输出能力（注意此时熙德的<color=#ffc766>连击</color>技能可换为<color=#ffc766>弱点进攻</color>）。 | H15: 11047 | I15: 11063|9064|11206 | J15: 9064|40321|11206 | K15: 骑兵 | L15: 统率 | M15: icon_packageitem | N15: 统率
A16: 13 | B16: 暴击致胜连击骑 | C16: TID_TEXT_LINEUP_GUIDE_TITLE_13 | D16: TID_TEXT_LINEUP_GUIDE_CONTENT_13 | E16: 相比<color=#ffc766>杜加瓦蒂</color>，<color=#ffc766>阿提拉</color>能为<color=#ffc766>全队</color>附加连击效果，配合提升暴击率的技能，能使整个队伍具有更强的爆发输出能力。<color=#ffc766>关羽</color>仍是队伍的核心输出英雄，另一名英雄选择<color=#ffc766>哈拉尔</color>，能进一步提升关羽的输出能力。也可选择<color=#ffc766>大流士一世</color>，装配技能选择追击技能，配合其固有技能带来的<color=#ffc766>忽视防御</color>效果，以及阿提拉附加的连击效果，组成双核输出队伍。该队是讲究极致输出，但防御能力稍弱的队伍。 | F16: TID_TEXT_LINEUP_GUIDE_CONTENT_13 | G16: 相比<color=#ffc766>杜加瓦蒂</color>，<color=#ffc766>阿提拉</color>能为<color=#ffc766>全队</color>附加连击效果，配合提升暴击率的技能，能使整个队伍具有更强的爆发输出能力。<color=#ffc766>关羽</color>仍是队伍的核心输出英雄，另一名英雄选择<color=#ffc766>哈拉尔</color>，能进一步提升关羽的输出能力。也可选择<color=#ffc766>大流士一世</color>，装配技能选择追击技能，配合其固有技能带来的<color=#ffc766>忽视防御</color>效果，以及阿提拉附加的连击效果，组成双核输出队伍。该队是讲究极致输出，但防御能力稍弱的队伍。 | H16: 4005|4019 | I16: 4056|4019 | J16: 4032|4076 | K16: 骑兵 | L16: 勇武 | M16: icon_packageitem | N16: 勇武
A17: 15 | B17: 状态控制智谋弓 | C17: TID_TEXT_LINEUP_GUIDE_TITLE_15 | D17: TID_TEXT_LINEUP_GUIDE_CONTENT_15 | E17: <color=#ffc766>苏莱曼一世</color>攻击处于<color=#ffc766>异常状态</color>中的敌人时，能产生额外效果，如攻击<color=#ffc766>燃烧状态</color>的敌人，能额外造成一次高额伤害。善德女王能为敌军施加<color=#ffc766>沉默状态</color>，与苏莱曼一世形成联动的同时，还能有效遏制以主动技能为主要输出手段的敌人。该队的装配技能尽量选择能附加燃烧状态的技能，以最大化苏莱曼一世的输出能力。需要注意的是，因为集结战斗中部队会不断切换目标，无法稳定的攻击燃烧状态中的敌军，会导致固有技能的输出效果降低。 | F17: TID_TEXT_LINEUP_GUIDE_CONTENT_15 | G17: <color=#ffc766>苏莱曼一世</color>攻击处于<color=#ffc766>异常状态</color>中的敌人时，能产生额外效果，如攻击<color=#ffc766>燃烧状态</color>的敌人，能额外造成一次高额伤害。善德女王能为敌军施加<color=#ffc766>沉默状态</color>，与苏莱曼一世形成联动的同时，还能有效遏制以主动技能为主要输出手段的敌人。该队的装配技能尽量选择能附加燃烧状态的技能，以最大化苏莱曼一世的输出能力。需要注意的是，因为集结战斗中部队会不断切换目标，无法稳定的攻击燃烧状态中的敌军，会导致固有技能的输出效果降低。 | H17: 13093|13020 | I17: 13092|13020 | J17: 13062|13092|13212 | K17: 弓兵 | L17: 智谋 | M17: icon_packageitem | N17: 智谋
A18: 16 | B18: 亚瑟王勇武骑 | C18: TID_TEXT_LINEUP_GUIDE_TITLE_16 | D18: TID_TEXT_LINEUP_GUIDE_CONTENT_16 | E18: 以<color=#ffc766>亚瑟王</color>为输出核心的骑兵队伍。亚瑟王在<color=#ffc766>祝福状态</color>下能无视敌方防御，伤害极高，装备追击技能时能与<color=#ffc766>阿提拉</color>固有技能提供的<color=#ffc766>连击效果</color>形成联动，使输出效率最大化。副将选择<color=#ffc766>哈拉尔</color>能更好地辅助亚瑟王进行输出，而选择<color=#ffc766>大流士一世</color>则能带来更强的输出能力。 | F18: TID_TEXT_LINEUP_GUIDE_CONTENT_16 | G18: 以<color=#ffc766>亚瑟王</color>为输出核心的骑兵队伍。亚瑟王在<color=#ffc766>祝福状态</color>下能无视敌方防御，伤害极高，装备追击技能时能与<color=#ffc766>阿提拉</color>固有技能提供的<color=#ffc766>连击效果</color>形成联动，使输出效率最大化。副将选择<color=#ffc766>哈拉尔</color>能更好地辅助亚瑟王进行输出，而选择<color=#ffc766>大流士一世</color>则能带来更强的输出能力。 | H18: 14021 | I18: 14056|14019 | J18: 14032|14076 | K18: 骑兵 | L18: 勇武 | M18: icon_packageitem | N18: 勇武
A19: 17 | B19: 剑豪勇武剑 | C19: TID_TEXT_LINEUP_GUIDE_TITLE_17 | D19: TID_TEXT_LINEUP_GUIDE_CONTENT_17 | E19: <color=#ffc766>宫本武藏</color>自身具有较高的伤害，还能帮助队伍中武力最高的一名其他英雄额外发动固有主动技能，是主动体系队伍的强力主将。<color=#ffc766>君士坦丁大帝</color>能提供极强的续航能力，与宫本武藏形成良好的配合。另一名副将选择<color=#ffc766>汉谟拉比</color>进一步强化宫本武藏的输出能力。由于君士坦丁大帝的获取难度较高，也可选择<color=#ffc766>大卫王</color>，与汉谟拉比基于<color=#ffc766>溃散</color>状态形成联动，提供极强的团队输出强化能力。 | F19: TID_TEXT_LINEUP_GUIDE_CONTENT_17 | G19: <color=#ffc766>宫本武藏</color>自身具有较高的伤害，还能帮助队伍中武力最高的一名其他英雄额外发动固有主动技能，是主动体系队伍的强力主将。<color=#ffc766>君士坦丁大帝</color>能提供极强的续航能力，与宫本武藏形成良好的配合。另一名副将选择<color=#ffc766>崔布瓦娜</color>能大大提高宫本武藏固有主动技能的发动频率，提升伤害效率。由于君士坦丁大帝的获取难度较高，也可选择<color=#ffc766>汉谟拉比</color>作为替换英雄。 | H19: 70911|1036 | I19: 7077|7061|7056 | J19: 7008|7055|7056 | K19: 剑士 | L19: 勇武 | M19: icon_packageitem | N19: 勇武
A20: 18 | B20: 木兰连击弓 | C20: TID_TEXT_LINEUP_GUIDE_TITLE_18 | D20: TID_TEXT_LINEUP_GUIDE_CONTENT_18 | E20: 该队的核心是<color=#ffc766>阿提拉</color>，其为我军全体英雄附加的<color=#ffc766>连击</color>效果，能极大地提升<color=#ffc766>花木兰</color>和<color=#ffc766>约瑟芬</color>的输出能力！注意此时英雄的装配技能要尽量选择追击技能。副将位置也可用<color=#ffc766>大卫王</color>替换<color=#ffc766>约瑟芬</color>，大卫王虽然不是追击体系，但能强化花木兰的输出效果，形成以主将为核心输出的队伍构筑。 | F20: TID_TEXT_LINEUP_GUIDE_CONTENT_18 | G20: 该队的核心是<color=#ffc766>阿提拉</color>，其为我军全体英雄附加的<color=#ffc766>连击</color>效果，能极大地提升<color=#ffc766>花木兰</color>和<color=#ffc766>约瑟芬</color>的输出能力！注意此时英雄的装配技能要尽量选择追击技能。副将位置也可用<color=#ffc766>大卫王</color>替换<color=#ffc766>约瑟芬</color>，大卫王虽然不是追击体系，但能强化花木兰的输出效果，形成以主将为核心输出的队伍构筑。 | H20: 2009|20361 | I20: 20361|2055 | J20: 2032|2076 | K20: 弓兵 | L20: 勇武 | M20: icon_packageitem | N20: 勇武

Sheet #英雄详细配置（留档）
A1: convert(ResHero.proto, table_HeroStrategyDetail, HeroStrategyDetail.pbin)
A2: id | B2: 所属阵容 | C2: 英雄名称 | D2: 英雄id | E2: 推荐技能id | F2: 玺戒id | G2: 玺戒名称（策划用 | H2: 玺戒技能（策划用 | I2: 英雄定位（策划用 | J2: 技能1 | K2: 技能2 | L2: 技能名1 | M2: 技能名2 | N2: 备注
A3: id | D3: heroId | E3: recommendId[|] | F3: equipId
A4: 1036 | B4: 1 | C4: 约瑟芬 | D4: 36 | E4: =J4&"|"&K4 -> 200020|200072 | F4: 302 | G4: =INDEX('#玺戒参考'!$A:$E,MATCH(F4,'#玺戒参考'!$A:$A,0),2) -> 雏菊之戒 | H4: =INDEX('#玺戒参考'!$A:$E,MATCH(F4,'#玺戒参考'!$A:$A,0),5) -> 二连斩 | J4: =INDEX('#技能参考'!$A:$A,MATCH(L4,'#技能参考'!$B:$B,0),1) -> 200020 | K4: =INDEX('#技能参考'!$A:$A,MATCH(M4,'#技能参考'!$B:$B,0),1) -> 200072 | L4: 连击 | M4: 弱点进攻
A5: 1055 | B5: 1 | C5: 大卫王 | D5: 55 | E5: =J5&"|"&K5 -> 200061|200009 | F5: 201 | G5: =INDEX('#玺戒参考'!$A:$E,MATCH(F5,'#玺戒参考'!$A:$A,0),2) -> 暴熊之戒 | H5: =INDEX('#玺戒参考'!$A:$E,MATCH(F5,'#玺戒参考'!$A:$A,0),5) -> 裸衣 | J5: =INDEX('#技能参考'!$A:$A,MATCH(L5,'#技能参考'!$B:$B,0),1) -> 200061 | K5: =INDEX('#技能参考'!$A:$A,MATCH(M5,'#技能参考'!$B:$B,0),1) -> 200009 | L5: 泰山压顶 | M5: 正义裁决
A6: 1056 | B6: 1 | C6: 哈拉尔 | D6: 56 | E6: =J6&"|"&K6 -> 200041|200015 | F6: 212 | G6: =INDEX('#玺戒参考'!$A:$E,MATCH(F6,'#玺戒参考'!$A:$A,0),2) -> 夜狼之戒 | H6: =INDEX('#玺戒参考'!$A:$E,MATCH(F6,'#玺戒参考'!$A:$A,0),5) -> 燃身战意 | J6: =INDEX('#技能参考'!$A:$A,MATCH(L6,'#技能参考'!$B:$B,0),1) -> 200041 | K6: =INDEX('#技能参考'!$A:$A,MATCH(M6,'#技能参考'!$B:$B,0),1) -> 200015 | L6: 饥渴之刃 | M6: 战争祝福
A7: 1211 | B7: 1 | C7: 高猛 | D7: 211 | E7: =J7&"|"&K7 -> 200043|200117 | F7: 212 | G7: =INDEX('#玺戒参考'!$A:$E,MATCH(F7,'#玺戒参考'!$A:$A,0),2) -> 夜狼之戒 | H7: =INDEX('#玺戒参考'!$A:$E,MATCH(F7,'#玺戒参考'!$A:$A,0),5) -> 燃身战意 | J7: =INDEX('#技能参考'!$A:$A,MATCH(L7,'#技能参考'!$B:$B,0),1) -> 200043 | K7: =INDEX('#技能参考'!$A:$A,MATCH(M7,'#技能参考'!$B:$B,0),1) -> 200117 | L7: 剑盾突击 | M7: 苦肉
A8: 2009 | B8: 2 | C8: 花木兰 | D8: 9 | E8: =J8&"|"&K8 -> 200072|200031 | F8: 302 | G8: =INDEX('#玺戒参考'!$A:$E,MATCH(F8,'#玺戒参考'!$A:$A,0),2) -> 雏菊之戒 | H8: =INDEX('#玺戒参考'!$A:$E,MATCH(F8,'#玺戒参考'!$A:$A,0),5) -> 二连斩 | J8: =INDEX('#技能参考'!$A:$A,MATCH(L8,'#技能参考'!$B:$B,0),1) -> 200072 | K8: =INDEX('#技能参考'!$A:$A,MATCH(M8,'#技能参考'!$B:$B,0),1) -> 200031 | L8: 弱点进攻 | M8: 慈悲终结
A9: 2032 | B9: 2 | C9: 阿提拉 | D9: 32 | E9: =J9&"|"&K9 -> 200072|200031 | F9: 212 | G9: =INDEX('#玺戒参考'!$A:$E,MATCH(F9,'#玺戒参考'!$A:$A,0),2) -> 夜狼之戒 | H9: =INDEX('#玺戒参考'!$A:$E,MATCH(F9,'#玺戒参考'!$A:$A,0),5) -> 燃身战意 | J9: =INDEX('#技能参考'!$A:$A,MATCH(L9,'#技能参考'!$B:$B,0),1) -> 200072 | K9: =INDEX('#技能参考'!$A:$A,MATCH(M9,'#技能参考'!$B:$B,0),1) -> 200031 | L9: 弱点进攻 | M9: 慈悲终结
A10: 2036 | B10: 2 | C10: 约瑟芬 | D10: 36 | E10: =J10&"|"&K10 -> 200020|200072 | F10: 210 | G10: =INDEX('#玺戒参考'!$A:$E,MATCH(F10,'#玺戒参考'!$A:$A,0),2) -> 迅鹿之戒 | H10: =INDEX('#玺戒参考'!$A:$E,MATCH(F10,'#玺戒参考'!$A:$A,0),5) -> 借势威吓 | J10: =INDEX('#技能参考'!$A:$A,MATCH(L10,'#技能参考'!$B:$B,0),1) -> 200020 | K10: =INDEX('#技能参考'!$A:$A,MATCH(M10,'#技能参考'!$B:$B,0),1) -> 200072 | L10: 连击 | M10: 弱点进攻
A11: 20361 | B11: 2 | C11: 约瑟芬 | D11: 36 | E11: =J11&"|"&K11 -> 200072|200034 | F11: 302 | G11: =INDEX('#玺戒参考'!$A:$E,MATCH(F11,'#玺戒参考'!$A:$A,0),2) -> 雏菊之戒 | H11: =INDEX('#玺戒参考'!$A:$E,MATCH(F11,'#玺戒参考'!$A:$A,0),5) -> 二连斩 | J11: =INDEX('#技能参考'!$A:$A,MATCH(L11,'#技能参考'!$B:$B,0),1) -> 200072 | K11: =INDEX('#技能参考'!$A:$A,MATCH(M11,'#技能参考'!$B:$B,0),1) -> 200034 | L11: 弱点进攻 | M11: 持久战
A12: 2055 | B12: 2 | C12: 大卫王 | D12: 55 | E12: =J12&"|"&K12 -> 200061|200009 | F12: 201 | G12: =INDEX('#玺戒参考'!$A:$E,MATCH(F12,'#玺戒参考'!$A:$A,0),2) -> 暴熊之戒 | H12: =INDEX('#玺戒参考'!$A:$E,MATCH(F12,'#玺戒参考'!$A:$A,0),5) -> 裸衣 | J12: =INDEX('#技能参考'!$A:$A,MATCH(L12,'#技能参考'!$B:$B,0),1) -> 200061 | K12: =INDEX('#技能参考'!$A:$A,MATCH(M12,'#技能参考'!$B:$B,0),1) -> 200009 | L12: 泰山压顶 | M12: 正义裁决
A13: 2076 | B13: 2 | C13: 杜加瓦蒂 | D13: 76 | E13: =J13&"|"&K13 -> 200125|200041 | F13: 212 | G13: =INDEX('#玺戒参考'!$A:$E,MATCH(F13,'#玺戒参考'!$A:$A,0),2) -> 夜狼之戒 | H13: =INDEX('#玺戒参考'!$A:$E,MATCH(F13,'#玺戒参考'!$A:$A,0),5) -> 燃身战意 | J13: =INDEX('#技能参考'!$A:$A,MATCH(L13,'#技能参考'!$B:$B,0),1) -> 200125 | K13: =INDEX('#技能参考'!$A:$A,MATCH(M13,'#技能参考'!$B:$B,0),1) -> 200041 | L13: 入阵曲 | M13: 饥渴之刃
A14: 2208 | B14: 2 | C14: 崔如意 | D14: 208 | E14: =J14&"|"&K14 -> 200030|200032 | F14: 212 | G14: =INDEX('#玺戒参考'!$A:$E,MATCH(F14,'#玺戒参考'!$A:$A,0),2) -> 夜狼之戒 | H14: =INDEX('#玺戒参考'!$A:$E,MATCH(F14,'#玺戒参考'!$A:$A,0),5) -> 燃身战意 | J14: =INDEX('#技能参考'!$A:$A,MATCH(L14,'#技能参考'!$B:$B,0),1) -> 200030 | K14: =INDEX('#技能参考'!$A:$A,MATCH(M14,'#技能参考'!$B:$B,0),1) -> 200032 | L14: 怒涛之击 | M14: 撕裂
A15: 3001 | B15: 3 | C15: 贞德 | D15: 1 | E15: =J15&"|"&K15 -> 200068|200100 | F15: 211 | G15: =INDEX('#玺戒参考'!$A:$E,MATCH(F15,'#玺戒参考'!$A:$A,0),2) -> 天鹰之戒 | H15: =INDEX('#玺戒参考'!$A:$E,MATCH(F15,'#玺戒参考'!$A:$A,0),5) -> 绿洲之佑 | J15: =INDEX('#技能参考'!$A:$A,MATCH(L15,'#技能参考'!$B:$B,0),1) -> 200068 | K15: =INDEX('#技能参考'!$A:$A,MATCH(M15,'#技能参考'!$B:$B,0),1) -> 200100 | L15: 王者之剑 | M15: 不屈反击
... A24: 4019 | B24: 4 | C24: 大流士一世 | D24: 19 | E24: =J24&"|"&K24 -> 200019|200072 | F24: 303 | G24: =INDEX('#玺戒参考'!$A:$E,MATCH(F24,'#玺戒参考'!$A:$A,0),2) -> 鸢尾花之戒 | H24: =INDEX('#玺戒参考'!$A:$E,MATCH(F24,'#玺戒参考'!$A:$A,0),5) -> 锐锋 | J24: =INDEX('#技能参考'!$A:$A,MATCH(L24,'#技能参考'!$B:$B,0),1) -> 200019 | K24: =INDEX('#技能参考'!$A:$A,MATCH(M24,'#技能参考'!$B:$B,0),1) -> 200072 | L24: 冲锋的极意 | M24: 弱点进攻
A25: 4032 | B25: 4 | C25: 阿提拉 | D25: 32 | E25: =J25&"|"&K25 -> 200072|200036 | F25: 212 | G25: =INDEX('#玺戒参考'!$A:$E,MATCH(F25,'#玺戒参考'!$A:$A,0),2) -> 夜狼之戒 | H25: =INDEX('#玺戒参考'!$A:$E,MATCH(F25,'#玺戒参考'!$A:$A,0),5) -> 燃身战意 | J25: =INDEX('#技能参考'!$A:$A,MATCH(L25,'#技能参考'!$B:$B,0),1) -> 200072 | K25: =INDEX('#技能参考'!$A:$A,MATCH(M25,'#技能参考'!$B:$B,0),1) -> 200036 | L25: 弱点进攻 | M25: 破敌之眼 | N25: 关羽队辅助
A26: 40321 | B26: 4 | C26: 阿提拉 | D26: 32 | E26: =J26&"|"&K26 -> 200072|200031 | F26: 212 | G26: =INDEX('#玺戒参考'!$A:$E,MATCH(F26,'#玺戒参考'!$A:$A,0),2) -> 夜狼之戒 | H26: =INDEX('#玺戒参考'!$A:$E,MATCH(F26,'#玺戒参考'!$A:$A,0),5) -> 燃身战意 | J26: =INDEX('#技能参考'!$A:$A,MATCH(L26,'#技能参考'!$B:$B,0),1) -> 200072 | K26: =INDEX('#技能参考'!$A:$A,MATCH(M26,'#技能参考'!$B:$B,0),1) -> 200031 | L26: 弱点进攻 | M26: 慈悲终结 | N26: 汉尼拔、熙德队辅助
A27: 4056 | B27: 4 | C27: 哈拉尔 | D27: 56 | E27: =J27&"|"&K27 -> 200041|200015 | F27: 211 | G27: =INDEX('#玺戒参考'!$A:$E,MATCH(F27,'#玺戒参考'!$A:$A,0),2) -> 天鹰之戒 | H27: =INDEX('#玺戒参考'!$A:$E,MATCH(F27,'#玺戒参考'!$A:$A,0),5) -> 绿洲之佑 | J27: =INDEX('#技能参考'!$A:$A,MATCH(L27,'#技能参考'!$B:$B,0),1) -> 200041 | K27: =INDEX('#技能参考'!$A:$A,MATCH(M27,'#技能参考'!$B:$B,0),1) -> 200015 | L27: 饥渴之刃 | M27: 战争祝福
A28: 4076 | B28: 4 | C28: 杜加瓦蒂 | D28: 76 | E28: =J28&"|"&K28 -> 200125|200041 | F28: 212 | G28: =INDEX('#玺戒参考'!$A:$E,MATCH(F28,'#玺戒参考'!$A:$A,0),2) -> 夜狼之戒 | H28: =INDEX('#玺戒参考'!$A:$E,MATCH(F28,'#玺戒参考'!$A:$A,0),5) -> 燃身战意 | J28: =INDEX('#技能参考'!$A:$A,MATCH(L28,'#技能参考'!$B:$B,0),1) -> 200125 | K28: =INDEX('#技能参考'!$A:$A,MATCH(M28,'#技能参考'!$B:$B,0),1) -> 200041 | L28: 入阵曲 | M28: 饥渴之刃
A29: 4202 | B29: 4 | C29: 纳尔西斯 | D29: 202 | E29: =J29&"|"&K29 -> 200026|200113 | F29: 302 | G29: =INDEX('#玺戒参考'!$A:$E,MATCH(F29,'#玺戒参考'!$A:$A,0),2) -> 雏菊之戒 | H29: =INDEX('#玺戒参考'!$A:$E,MATCH(F29,'#玺戒参考'!$A:$A,0),5) -> 二连斩 | I29: 武伤 | J29: =INDEX('#技能参考'!$A:$A,MATCH(L29,'#技能参考'!$B:$B,0),1) -> 200026 | K29: =INDEX('#技能参考'!$A:$A,MATCH(M29,'#技能参考'!$B:$B,0),1) -> 200113 | L29: 破怒斩 | M29: 激昂
A30: 4215 | B30: 4 | C30: 凯索 | D30: 215 | E30: =J30&"|"&K30 -> 200030|200032 | F30: 212 | G30: =INDEX('#玺戒参考'!$A:$E,MATCH(F30,'#玺戒参考'!$A:$A,0),2) -> 夜狼之戒 | H30: =INDEX('#玺戒参考'!$A:$E,MATCH(F30,'#玺戒参考'!$A:$A,0),5) -> 燃身战意 | I30: 增伤 | J30: =INDEX('#技能参考'!$A:$A,MATCH(L30,'#技能参考'!$B:$B,0),1) -> 200030 | K30: =INDEX('#技能参考'!$A:$A,MATCH(M30,'#技能参考'!$B:$B,0),1) -> 200032 | L30: 怒涛之击 | M30: 撕裂
A31: 5004 | B31: 5 | C31: 克里奥帕特拉 | D31: 4 | E31: =J31&"|"&K31 -> 200115|200074 | F31: 109 | G31: =INDEX('#玺戒参考'!$A:$E,MATCH(F31,'#玺戒参考'!$A:$A,0),2) -> 苍蓝之月 | H31: =INDEX('#玺戒参考'!$A:$E,MATCH(F31,'#玺戒参考'!$A:$A,0),5) -> 毁灭的预示 | J31: =INDEX('#技能参考'!$A:$A,MATCH(L31,'#技能参考'!$B:$B,0),1) -> 200115 | K31: =INDEX('#技能参考'!$A:$A,MATCH(M31,'#技能参考'!$B:$B,0),1) -> 200074 | L31: 反间 | M31: 压迫之袭
A32: 5014 | B32: 5 | C32: 孙武 | D32: 14 | E32: =J32&"|"&K32 -> 200063|200016 | F32: 109 | G32: =INDEX('#玺戒参考'!$A:$E,MATCH(F32,'#玺戒参考'!$A:$A,0),2) -> 苍蓝之月 | H32: =INDEX('#玺戒参考'!$A:$E,MATCH(F32,'#玺戒参考'!$A:$A,0),5) -> 毁灭的预示 | J32: =INDEX('#技能参考'!$A:$A,MATCH(L32,'#技能参考'!$B:$B,0),1) -> 200063 | K32: =INDEX('#技能参考'!$A:$A,MATCH(M32,'#技能参考'!$B:$B,0),1) -> 200016 | L32: 灵光乍现 | M32: 军神赠礼
A33: 5016 | B33: 5 | C33: 腓力四世 | D33: 16 | E33: =J33&"|"&K33 -> 200047|200016 | F33: 106 | G33: =INDEX('#玺戒参考'!$A:$E,MATCH(F33,'#玺戒参考'!$A:$A,0),2) -> 天行骑士 | H33: =INDEX('#玺戒参考'!$A:$E,MATCH(F33,'#玺戒参考'!$A:$A,0),5) -> 胜利的代价 | J33: =INDEX('#技能参考'!$A:$A,MATCH(L33,'#技能参考'!$B:$B,0),1) -> 200047 | K33: =INDEX('#技能参考'!$A:$A,MATCH(M33,'#技能参考'!$B:$B,0),1) -> 200016 | L33: 以战养战 | M33: 军神赠礼
A34: 5041 | B34: 5 | C34: 查理曼大帝 | D34: 41 | E34: =J34&"|"&K34 -> 200047|200098 | F34: 111 | G34: =INDEX('#玺戒参考'!$A:$E,MATCH(F34,'#玺戒参考'!$A:$A,0),2) -> 不动之山 | H34: =INDEX('#玺戒参考'!$A:$E,MATCH(F34,'#玺戒参考'!$A:$A,0),5) -> 避芒击惰 | J34: =INDEX('#技能参考'!$A:$A,MATCH(L34,'#技能参考'!$B:$B,0),1) -> 200047 | K34: =INDEX('#技能参考'!$A:$A,MATCH(M34,'#技能参考'!$B:$B,0),1) -> 200098 | L34: 以战养战 | M34: 长生军团
A35: 5062 | B35: 5 | C35: 狄奥多拉 | D35: 62 | E35: =J35&"|"&K35 -> 200047|200098 | F35: 111 | G35: =INDEX('#玺戒参考'!$A:$E,MATCH(F35,'#玺戒参考'!$A:$A,0),2) -> 不动之山 | H35: =INDEX('#玺戒参考'!$A:$E,MATCH(F35,'#玺戒参考'!$A:$A,0),5) -> 避芒击惰 | J35: =INDEX('#技能参考'!$A:$A,MATCH(L35,'#技能参考'!$B:$B,0),1) -> 200047 | K35: =INDEX('#技能参考'!$A:$A,MATCH(M35,'#技能参考'!$B:$B,0),1) -> 200098 | L35: 以战养战 | M35: 长生军团
A36: 5205 | B36: 5 | C36: 巴尔达斯 | D36: 205 | E36: =J36&"|"&K36 -> 200124|200116 | F36: 106 | G36: =INDEX('#玺戒参考'!$A:$E,MATCH(F36,'#玺戒参考'!$A:$A,0),2) -> 天行骑士 | H36: =INDEX('#玺戒参考'!$A:$E,MATCH(F36,'#玺戒参考'!$A:$A,0),5) -> 胜利的代价 | I36: 谋伤，主将增伤 | J36: =INDEX('#技能参考'!$A:$A,MATCH(L36,'#技能参考'!$B:$B,0),1) -> 200124 | K36: =INDEX('#技能参考'!$A:$A,MATCH(M36,'#技能参考'!$B:$B,0),1) -> 200116 | L36: 伏击 | M36: 机变
A37: 5209 | B37: 5 | C37: 尼诺 | D37: 209 | E37: =J37&"|"&K37 -> 200114|200116 | F37: 304 | G37: =INDEX('#玺戒参考'!$A:$E,MATCH(F37,'#玺戒参考'!$A:$A,0),2) -> 玫瑰之戒 | H37: =INDEX('#玺戒参考'!$A:$E,MATCH(F37,'#玺戒参考'!$A:$A,0),5) -> 奇袭 | I37: 谋伤 | J37: =INDEX('#技能参考'!$A:$A,MATCH(L37,'#技能参考'!$B:$B,0),1) -> 200114 | K37: =INDEX('#技能参考'!$A:$A,MATCH(M37,'#技能参考'!$B:$B,0),1) -> 200116 | L37: 阳谋 | M37: 机变
A38: 6002 | B38: 6 | C38: 织田信长 | D38: 2 | E38: =J38&"|"&K38 -> 200080|200068 | F38: 102 | G38: =INDEX('#玺戒参考'!$A:$E,MATCH(F38,'#玺戒参考'!$A:$A,0),2) -> 圣选贤哲 | H38: =INDEX('#玺戒参考'!$A:$E,MATCH(F38,'#玺戒参考'!$A:$A,0),5) -> 沉默誓言 | J38: =INDEX('#技能参考'!$A:$A,MATCH(L38,'#技能参考'!$B:$B,0),1) -> 200080 | K38: =INDEX('#技能参考'!$A:$A,MATCH(M38,'#技能参考'!$B:$B,0),1) -> 200068 | L38: 蛮勇侵袭 | M38: 王者之剑
A39: 6003 | B39: 6 | C39: 凯撒 | D39: 3 | E39: =J39&"|"&K39 -> 200080|200068 | F39: 102 | G39: =INDEX('#玺戒参考'!$A:$E,MATCH(F39,'#玺戒参考'!$A:$A,0),2) -> 圣选贤哲 | H39: =INDEX('#玺戒参考'!$A:$E,MATCH(F39,'#玺戒参考'!$A:$A,0),5) -> 沉默誓言 | J39: =INDEX('#技能参考'!$A:$A,MATCH(L39,'#技能参考'!$B:$B,0),1) -> 200080 | K39: =INDEX('#技能参考'!$A:$A,MATCH(M39,'#技能参考'!$B:$B,0),1) -> 200068 | L39: 蛮勇侵袭 | M39: 王者之剑
A40: 6018 | B40: 6 | C40: 曹操 | D40: 18 | E40: =J40&"|"&K40 -> 200041|200005 | G40: =INDEX('#玺戒参考'!$A:$E,MATCH(F40,'#玺戒参考'!$A:$A,0),2) -> #N/A | H40: =INDEX('#玺戒参考'!$A:$E,MATCH(F40,'#玺戒参考'!$A:$A,0),5) -> #N/A | J40: =INDEX('#技能参考'!$A:$A,MATCH(L40,'#技能参考'!$B:$B,0),1) -> 200041 | K40: =INDEX('#技能参考'!$A:$A,MATCH(M40,'#技能参考'!$B:$B,0),1) -> 200005 | L40: 饥渴之刃 | M40: 怒火猛攻
A41: 6022 | B41: 6 | C41: 亚历山大 | D41: 22 | E41: =J41&"|"&K41 -> 200013|200010 | F41: 113 | G41: =INDEX('#玺戒参考'!$A:$E,MATCH(F41,'#玺戒参考'!$A:$A,0),2) -> 静谧之水 | H41: =INDEX('#玺戒参考'!$A:$E,MATCH(F41,'#玺戒参考'!$A:$A,0),5) -> 光明护佑 | J41: =INDEX('#技能参考'!$A:$A,MATCH(L41,'#技能参考'!$B:$B,0),1) -> 200013 | K41: =INDEX('#技能参考'!$A:$A,MATCH(M41,'#技能参考'!$B:$B,0),1) -> 200010 | L41: 三重攻势 | M41: 恩泽庇护
A42: 6201 | B42: 6 | C42: 李道玄 | D42: 201 | E42: =J42&"|"&K42 -> 200069|200122 | F42: 210 | G42: =INDEX('#玺戒参考'!$A:$E,MATCH(F42,'#玺戒参考'!$A:$A,0),2) -> 迅鹿之戒 | H42: =INDEX('#玺戒参考'!$A:$E,MATCH(F42,'#玺戒参考'!$A:$A,0),5) -> 借势威吓 | I42: 指挥武伤 | J42: =INDEX('#技能参考'!$A:$A,MATCH(L42,'#技能参考'!$B:$B,0),1) -> 200069 | K42: =INDEX('#技能参考'!$A:$A,MATCH(M42,'#技能参考'!$B:$B,0),1) -> 200122 | L42: 列阵御敌 | M42: 变阵
A43: 7008 | B43: 8 | C43: 君士坦丁大帝 | D43: 8 | E43: =J43&"|"&K43 -> 200042|200010 | F43: 113 | G43: =INDEX('#玺戒参考'!$A:$E,MATCH(F43,'#玺戒参考'!$A:$A,0),2) -> 静谧之水 | H43: =INDEX('#玺戒参考'!$A:$E,MATCH(F43,'#玺戒参考'!$A:$A,0),5) -> 光明护佑 | J43: =INDEX('#技能参考'!$A:$A,MATCH(L43,'#技能参考'!$B:$B,0),1) -> 200042 | K43: =INDEX('#技能参考'!$A:$A,MATCH(M43,'#技能参考'!$B:$B,0),1) -> 200010 | L43: 百战之体 | M43: 恩泽庇护
A44: 7021 | B44: 7 | C44: 亚瑟王 | D44: 21 | E44: =J44&"|"&K44 -> 200015|200005 | F44: 110 | G44: =INDEX('#玺戒参考'!$A:$E,MATCH(F44,'#玺戒参考'!$A:$A,0),2) -> 赤金之日 | H44: =INDEX('#玺戒参考'!$A:$E,MATCH(F44,'#玺戒参考'!$A:$A,0),5) -> 决意强袭 | J44: =INDEX('#技能参考'!$A:$A,MATCH(L44,'#技能参考'!$B:$B,0),1) -> 200015 | K44: =INDEX('#技能参考'!$A:$A,MATCH(M44,'#技能参考'!$B:$B,0),1) -> 200005 | L44: 战争祝福 | M44: 怒火猛攻
A45: 7022 | B45: 7 | C45: 亚历山大 | D45: 22 | E45: =J45&"|"&K45 -> 200013|200010 | F45: 113 | G45: =INDEX('#玺戒参考'!$A:$E,MATCH(F45,'#玺戒参考'!$A:$A,0),2) -> 静谧之水 | H45: =INDEX('#玺戒参考'!$A:$E,MATCH(F45,'#玺戒参考'!$A:$A,0),5) -> 光明护佑 | J45: =INDEX('#技能参考'!$A:$A,MATCH(L45,'#技能参考'!$B:$B,0),1) -> 200013 | K45: =INDEX('#技能参考'!$A:$A,MATCH(M45,'#技能参考'!$B:$B,0),1) -> 200010 | L45: 三重攻势 | M45: 恩泽庇护
A46: 7041 | B46: 7 | C46: 查理曼大帝 | D46: 41 | E46: =J46&"|"&K46 -> 200047|200098 | F46: 201 | G46: =INDEX('#玺戒参考'!$A:$E,MATCH(F46,'#玺戒参考'!$A:$A,0),2) -> 暴熊之戒 | H46: =INDEX('#玺戒参考'!$A:$E,MATCH(F46,'#玺戒参考'!$A:$A,0),5) -> 裸衣 | J46: =INDEX('#技能参考'!$A:$A,MATCH(L46,'#技能参考'!$B:$B,0),1) -> 200047 | K46: =INDEX('#技能参考'!$A:$A,MATCH(M46,'#技能参考'!$B:$B,0),1) -> 200098 | L46: 以战养战 | M46: 长生军团
A47: 7055 | B47: 7 | C47: 大卫王 | D47: 55 | E47: =J47&"|"&K47 -> 200061|200009 | F47: 201 | G47: =INDEX('#玺戒参考'!$A:$E,MATCH(F47,'#玺戒参考'!$A:$A,0),2) -> 暴熊之戒 | H47: =INDEX('#玺戒参考'!$A:$E,MATCH(F47,'#玺戒参考'!$A:$A,0),5) -> 裸衣 | J47: =INDEX('#技能参考'!$A:$A,MATCH(L47,'#技能参考'!$B:$B,0),1) -> 200061 | K47: =INDEX('#技能参考'!$A:$A,MATCH(M47,'#技能参考'!$B:$B,0),1) -> 200009 | L47: 泰山压顶 | M47: 正义裁决
A48: 7056 | B48: 7 | C48: 哈拉尔 | D48: 56 | E48: =J48&"|"&K48 -> 200041|200015 | F48: 106 | G48: =INDEX('#玺戒参考'!$A:$E,MATCH(F48,'#玺戒参考'!$A:$A,0),2) -> 天行骑士 | H48: =INDEX('#玺戒参考'!$A:$E,MATCH(F48,'#玺戒参考'!$A:$A,0),5) -> 胜利的代价 | J48: =INDEX('#技能参考'!$A:$A,MATCH(L48,'#技能参考'!$B:$B,0),1) -> 200041 | K48: =INDEX('#技能参考'!$A:$A,MATCH(M48,'#技能参考'!$B:$B,0),1) -> 200015 | L48: 饥渴之刃 | M48: 战争祝福
A49: 7061 | B49: 7 | C49: 汉谟拉比 | D49: 61 | E49: =J49&"|"&K49 -> 200061|200015 | F49: 106 | G49: =INDEX('#玺戒参考'!$A:$E,MATCH(F49,'#玺戒参考'!$A:$A,0),2) -> 天行骑士 | H49: =INDEX('#玺戒参考'!$A:$E,MATCH(F49,'#玺戒参考'!$A:$A,0),5) -> 胜利的代价 | J49: =INDEX('#技能参考'!$A:$A,MATCH(L49,'#技能参考'!$B:$B,0),1) -> 200061 | K49: =INDEX('#技能参考'!$A:$A,MATCH(M49,'#技能参考'!$B:$B,0),1) -> 200015 | L49: 泰山压顶 | M49: 战争祝福
A50: 7077 | B50: 7 | C50: 崔布瓦娜 | D50: 77 | E50: =J50&"|"&K50 -> 200009|200068 | F50: 106 | G50: =INDEX('#玺戒参考'!$A:$E,MATCH(F50,'#玺戒参考'!$A:$A,0),2) -> 天行骑士 | H50: =INDEX('#玺戒参考'!$A:$E,MATCH(F50,'#玺戒参考'!$A:$A,0),5) -> 胜利的代价 | J50: =INDEX('#技能参考'!$A:$A,MATCH(L50,'#技能参考'!$B:$B,0),1) -> 200009 | K50: =INDEX('#技能参考'!$A:$A,MATCH(M50,'#技能参考'!$B:$B,0),1) -> 200068 | L50: 正义裁决 | M50: 王者之剑
A51: 7091 | B51: 7 | C51: 宫本武藏 | D51: 91 | E51: =J51&"|"&K51 -> 200061|200005 | F51: 106 | G51: =INDEX('#玺戒参考'!$A:$E,MATCH(F51,'#玺戒参考'!$A:$A,0),2) -> 天行骑士 | H51: =INDEX('#玺戒参考'!$A:$E,MATCH(F51,'#玺戒参考'!$A:$A,0),5) -> 胜利的代价 | J51: =INDEX('#技能参考'!$A:$A,MATCH(L51,'#技能参考'!$B:$B,0),1) -> 200061 | K51: =INDEX('#技能参考'!$A:$A,MATCH(M51,'#技能参考'!$B:$B,0),1) -> 200005 | L51: 泰山压顶 | M51: 怒火猛攻 | N51: 亚瑟辅助
A52: 70911 | B52: 7 | C52: 宫本武藏 | D52: 91 | E52: =J52&"|"&K52 -> 200015|200005 | F52: 110 | G52: =INDEX('#玺戒参考'!$A:$E,MATCH(F52,'#玺戒参考'!$A:$A,0),2) -> 赤金之日 | H52: =INDEX('#玺戒参考'!$A:$E,MATCH(F52,'#玺戒参考'!$A:$A,0),5) -> 决意强袭 | J52: =INDEX('#技能参考'!$A:$A,MATCH(L52,'#技能参考'!$B:$B,0),1) -> 200015 | K52: =INDEX('#技能参考'!$A:$A,MATCH(M52,'#技能参考'!$B:$B,0),1) -> 200005 | L52: 战争祝福 | M52: 怒火猛攻 | N52: 自己做主将
A53: 8036 | B53: 8 | C53: 约瑟芬 | D53: 36 | E53: =J53&"|"&K53 -> 200168|200020 | F53: 202 | G53: =INDEX('#玺戒参考'!$A:$E,MATCH(F53,'#玺戒参考'!$A:$A,0),2) -> 石犀之戒 | H53: =INDEX('#玺戒参考'!$A:$E,MATCH(F53,'#玺戒参考'!$A:$A,0),5) -> 迸裂 | J53: =INDEX('#技能参考'!$A:$A,MATCH(L53,'#技能参考'!$B:$B,0),1) -> 200168 | K53: =INDEX('#技能参考'!$A:$A,MATCH(M53,'#技能参考'!$B:$B,0),1) -> 200020 | L53: 先登破城 | M53: 连击
A54: 8061 | B54: 8 | C54: 汉谟拉比 | D54: 61 | E54: =J54&"|"&K54 -> 200166|200061 | F54: 308 | G54: =INDEX('#玺戒参考'!$A:$E,MATCH(F54,'#玺戒参考'!$A:$A,0),2) -> 月桂之戒 | H54: =INDEX('#玺戒参考'!$A:$E,MATCH(F54,'#玺戒参考'!$A:$A,0),5) -> 攻城战术 | J54: =INDEX('#技能参考'!$A:$A,MATCH(L54,'#技能参考'!$B:$B,0),1) -> 200166 | K54: =INDEX('#技能参考'!$A:$A,MATCH(M54,'#技能参考'!$B:$B,0),1) -> 200061 | L54: 攻城略地 | M54: 泰山压顶
A55: 8055 | B55: 8 | C55: 大卫王 | D55: 55 | E55: =J55&"|"&K55 -> 200167|200061 | F55: 207 | G55: =INDEX('#玺戒参考'!$A:$E,MATCH(F55,'#玺戒参考'!$A:$A,0),2) -> 巨象之戒 | H55: =INDEX('#玺戒参考'!$A:$E,MATCH(F55,'#玺戒参考'!$A:$A,0),5) -> 攻城大师 | J55: =INDEX('#技能参考'!$A:$A,MATCH(L55,'#技能参考'!$B:$B,0),1) -> 200167 | K55: =INDEX('#技能参考'!$A:$A,MATCH(M55,'#技能参考'!$B:$B,0),1) -> 200061 | L55: 无畏先登 | M55: 泰山压顶
A56: 9003 | B56: 9 | C56: 凯撒 | D56: 3 | E56: =J56&"|"&K56 -> 200080|200068 | F56: 105 | G56: =INDEX('#玺戒参考'!$A:$E,MATCH(F56,'#玺戒参考'!$A:$A,0),2) -> 毁灭信使 | H56: =INDEX('#玺戒参考'!$A:$E,MATCH(F56,'#玺戒参考'!$A:$A,0),5) -> 敏锐洞察 | J56: =INDEX('#技能参考'!$A:$A,MATCH(L56,'#技能参考'!$B:$B,0),1) -> 200080 | K56: =INDEX('#技能参考'!$A:$A,MATCH(M56,'#技能参考'!$B:$B,0),1) -> 200068 | L56: 蛮勇侵袭 | M56: 王者之剑
A57: 9022 | B57: 9 | C57: 亚历山大 | D57: 22 | E57: =J57&"|"&K57 -> 200013|200010 | F57: 113 | G57: =INDEX('#玺戒参考'!$A:$E,MATCH(F57,'#玺戒参考'!$A:$A,0),2) -> 静谧之水 | H57: =INDEX('#玺戒参考'!$A:$E,MATCH(F57,'#玺戒参考'!$A:$A,0),5) -> 光明护佑 | J57: =INDEX('#技能参考'!$A:$A,MATCH(L57,'#技能参考'!$B:$B,0),1) -> 200013 | K57: =INDEX('#技能参考'!$A:$A,MATCH(M57,'#技能参考'!$B:$B,0),1) -> 200010 | L57: 三重攻势 | M57: 恩泽庇护
A58: 9034 | B58: 9 | C58: 屋大维 | D58: 34 | E58: =J58&"|"&K58 -> 200068|200006 | F58: 102 | G58: =INDEX('#玺戒参考'!$A:$E,MATCH(F58,'#玺戒参考'!$A:$A,0),2) -> 圣选贤哲 | H58: =INDEX('#玺戒参考'!$A:$E,MATCH(F58,'#玺戒参考'!$A:$A,0),5) -> 沉默誓言 | J58: =INDEX('#技能参考'!$A:$A,MATCH(L58,'#技能参考'!$B:$B,0),1) -> 200068 | K58: =INDEX('#技能参考'!$A:$A,MATCH(M58,'#技能参考'!$B:$B,0),1) -> 200006 | L58: 王者之剑 | M58: 风卷残云
A59: 9064 | B59: 9 | C59: 示巴女王 | D59: 64 | E59: =J59&"|"&K59 -> 200042|200010 | F59: 211 | G59: =INDEX('#玺戒参考'!$A:$E,MATCH(F59,'#玺戒参考'!$A:$A,0),2) -> 天鹰之戒 | H59: =INDEX('#玺戒参考'!$A:$E,MATCH(F59,'#玺戒参考'!$A:$A,0),5) -> 绿洲之佑 | J59: =INDEX('#技能参考'!$A:$A,MATCH(L59,'#技能参考'!$B:$B,0),1) -> 200042 | K59: =INDEX('#技能参考'!$A:$A,MATCH(M59,'#技能参考'!$B:$B,0),1) -> 200010 | L59: 百战之体 | M59: 恩泽庇护
A60: 9203 | B60: 9 | C60: 雷欧 | D60: 203 | E60: =J60&"|"&K60 -> 200126|200117 | F60: 211 | G60: =INDEX('#玺戒参考'!$A:$E,MATCH(F60,'#玺戒参考'!$A:$A,0),2) -> 天鹰之戒 | H60: =INDEX('#玺戒参考'!$A:$E,MATCH(F60,'#玺戒参考'!$A:$A,0),5) -> 绿洲之佑 | J60: =INDEX('#技能参考'!$A:$A,MATCH(L60,'#技能参考'!$B:$B,0),1) -> 200126 | K60: =INDEX('#技能参考'!$A:$A,MATCH(M60,'#技能参考'!$B:$B,0),1) -> 200117 | L60: 固本 | M60: 苦肉
A61: 9213 | B61: 9 | C61: 泰尼乌斯 | D61: 213 | E61: =J61&"|"&K61 -> 200069|200122 | F61: 102 | G61: =INDEX('#玺戒参考'!$A:$E,MATCH(F61,'#玺戒参考'!$A:$A,0),2) -> 圣选贤哲 | H61: =INDEX('#玺戒参考'!$A:$E,MATCH(F61,'#玺戒参考'!$A:$A,0),5) -> 沉默誓言 | J61: =INDEX('#技能参考'!$A:$A,MATCH(L61,'#技能参考'!$B:$B,0),1) -> 200069 | K61: =INDEX('#技能参考'!$A:$A,MATCH(M61,'#技能参考'!$B:$B,0),1) -> 200122 | L61: 列阵御敌 | M61: 变阵
A62: 10004 | B62: 10 | C62: 克里奥帕特拉 | D62: 4 | E62: =J62&"|"&K62 -> 200115|200074 | F62: 112 | G62: =INDEX('#玺戒参考'!$A:$E,MATCH(F62,'#玺戒参考'!$A:$A,0),2) -> 灼热之火 | H62: =INDEX('#玺戒参考'!$A:$E,MATCH(F62,'#玺戒参考'!$A:$A,0),5) -> 英勇时刻 | J62: =INDEX('#技能参考'!$A:$A,MATCH(L62,'#技能参考'!$B:$B,0),1) -> 200115 | K62: =INDEX('#技能参考'!$A:$A,MATCH(M62,'#技能参考'!$B:$B,0),1) -> 200074 | L62: 反间 | M62: 压迫之袭
A63: 10010 | B63: 10 | C63: 查士丁尼 | D63: 10 | E63: =J63&"|"&K63 -> 200047|200010 | F63: 112 | G63: =INDEX('#玺戒参考'!$A:$E,MATCH(F63,'#玺戒参考'!$A:$A,0),2) -> 灼热之火 | H63: =INDEX('#玺戒参考'!$A:$E,MATCH(F63,'#玺戒参考'!$A:$A,0),5) -> 英勇时刻 | J63: =INDEX('#技能参考'!$A:$A,MATCH(L63,'#技能参考'!$B:$B,0),1) -> 200047 | K63: =INDEX('#技能参考'!$A:$A,MATCH(M63,'#技能参考'!$B:$B,0),1) -> 200010 | L63: 以战养战 | M63: 恩泽庇护
A64: 10023 | B64: 10 | C64: 汉尼拔 | D64: 23 | E64: =J64&"|"&K64 -> 200020|200074 | F64: 101 | G64: =INDEX('#玺戒参考'!$A:$E,MATCH(F64,'#玺戒参考'!$A:$A,0),2) -> 永燃之翼 | H64: =INDEX('#玺戒参考'!$A:$E,MATCH(F64,'#玺戒参考'!$A:$A,0),5) -> 侵蚀之焰 | J64: =INDEX('#技能参考'!$A:$A,MATCH(L64,'#技能参考'!$B:$B,0),1) -> 200020 | K64: =INDEX('#技能参考'!$A:$A,MATCH(M64,'#技能参考'!$B:$B,0),1) -> 200074 | L64: 连击 | M64: 压迫之袭
... A70: 11206 | B70: 11 | C70: 阿克塞尔 | D70: 206 | E70: =J70&"|"&K70 -> 200026|200113 | F70: 212 | G70: =INDEX('#玺戒参考'!$A:$E,MATCH(F70,'#玺戒参考'!$A:$A,0),2) -> 夜狼之戒 | H70: =INDEX('#玺戒参考'!$A:$E,MATCH(F70,'#玺戒参考'!$A:$A,0),5) -> 燃身战意 | J70: =INDEX('#技能参考'!$A:$A,MATCH(L70,'#技能参考'!$B:$B,0),1) -> 200026 | K70: =INDEX('#技能参考'!$A:$A,MATCH(M70,'#技能参考'!$B:$B,0),1) -> 200113 | L70: 破怒斩 | M70: 激昂
A71: 12006 | B71: 12 | C71: 亨利五世 | D71: 6 | E71: =J71&"|"&K71 -> 200099|200016 | G71: =INDEX('#玺戒参考'!$A:$E,MATCH(F71,'#玺戒参考'!$A:$A,0),2) -> #N/A | H71: =INDEX('#玺戒参考'!$A:$E,MATCH(F71,'#玺戒参考'!$A:$A,0),5) -> #N/A | J71: =INDEX('#技能参考'!$A:$A,MATCH(L71,'#技能参考'!$B:$B,0),1) -> 200099 | K71: =INDEX('#技能参考'!$A:$A,MATCH(M71,'#技能参考'!$B:$B,0),1) -> 200016 | L71: 万里平戎策 | M71: 军神赠礼
A72: 12012 | B72: 12 | C72: 萨拉丁 | D72: 12 | E72: =J72&"|"&K72 -> 200047|200078 | G72: =INDEX('#玺戒参考'!$A:$E,MATCH(F72,'#玺戒参考'!$A:$A,0),2) -> #N/A | H72: =INDEX('#玺戒参考'!$A:$E,MATCH(F72,'#玺戒参考'!$A:$A,0),5) -> #N/A | J72: =INDEX('#技能参考'!$A:$A,MATCH(L72,'#技能参考'!$B:$B,0),1) -> 200047 | K72: =INDEX('#技能参考'!$A:$A,MATCH(M72,'#技能参考'!$B:$B,0),1) -> 200078 | L72: 以战养战 | M72: 胜利怒吼
A73: 12074 | B73: 12 | C73: 哈特舍普苏特 | D73: 74 | E73: =J73&"|"&K73 -> 200099|200016 | G73: =INDEX('#玺戒参考'!$A:$E,MATCH(F73,'#玺戒参考'!$A:$A,0),2) -> #N/A | H73: =INDEX('#玺戒参考'!$A:$E,MATCH(F73,'#玺戒参考'!$A:$A,0),5) -> #N/A | J73: =INDEX('#技能参考'!$A:$A,MATCH(L73,'#技能参考'!$B:$B,0),1) -> 200099 | K73: =INDEX('#技能参考'!$A:$A,MATCH(M73,'#技能参考'!$B:$B,0),1) -> 200016 | L73: 万里平戎策 | M73: 军神赠礼
A74: 13020 | B74: 13 | C74: 李舜臣 | D74: 20 | E74: =J74&"|"&K74 -> 200060|200047 | F74: 101 | G74: =INDEX('#玺戒参考'!$A:$E,MATCH(F74,'#玺戒参考'!$A:$A,0),2) -> 永燃之翼 | H74: =INDEX('#玺戒参考'!$A:$E,MATCH(F74,'#玺戒参考'!$A:$A,0),5) -> 侵蚀之焰 | J74: =INDEX('#技能参考'!$A:$A,MATCH(L74,'#技能参考'!$B:$B,0),1) -> 200060 | K74: =INDEX('#技能参考'!$A:$A,MATCH(M74,'#技能参考'!$B:$B,0),1) -> 200047 | L74: 燎天之火 | M74: 以战养战
A75: 13041 | B75: 13 | C75: 查理曼大帝 | D75: 41 | E75: =J75&"|"&K75 -> 200060|200098 | F75: 101 | G75: =INDEX('#玺戒参考'!$A:$E,MATCH(F75,'#玺戒参考'!$A:$A,0),2) -> 永燃之翼 | H75: =INDEX('#玺戒参考'!$A:$E,MATCH(F75,'#玺戒参考'!$A:$A,0),5) -> 侵蚀之焰 | J75: =INDEX('#技能参考'!$A:$A,MATCH(L75,'#技能参考'!$B:$B,0),1) -> 200060 | K75: =INDEX('#技能参考'!$A:$A,MATCH(M75,'#技能参考'!$B:$B,0),1) -> 200098 | L75: 燎天之火 | M75: 长生军团
A76: 13062 | B76: 13 | C76: 狄奥多拉 | D76: 62 | E76: =J76&"|"&K76 -> 200060|200098 | F76: 106 | G76: =INDEX('#玺戒参考'!$A:$E,MATCH(F76,'#玺戒参考'!$A:$A,0),2) -> 天行骑士 | H76: =INDEX('#玺戒参考'!$A:$E,MATCH(F76,'#玺戒参考'!$A:$A,0),5) -> 胜利的代价 | J76: =INDEX('#技能参考'!$A:$A,MATCH(L76,'#技能参考'!$B:$B,0),1) -> 200060 | K76: =INDEX('#技能参考'!$A:$A,MATCH(M76,'#技能参考'!$B:$B,0),1) -> 200098 | L76: 燎天之火 | M76: 长生军团
A77: 13092 | B77: 13 | C77: 善德女王 | D77: 92 | E77: =J77&"|"&K77 -> 200060|200047 | F77: 109 | G77: =INDEX('#玺戒参考'!$A:$E,MATCH(F77,'#玺戒参考'!$A:$A,0),2) -> 苍蓝之月 | H77: =INDEX('#玺戒参考'!$A:$E,MATCH(F77,'#玺戒参考'!$A:$A,0),5) -> 毁灭的预示 | J77: =INDEX('#技能参考'!$A:$A,MATCH(L77,'#技能参考'!$B:$B,0),1) -> 200060 | K77: =INDEX('#技能参考'!$A:$A,MATCH(M77,'#技能参考'!$B:$B,0),1) -> 200047 | L77: 燎天之火 | M77: 以战养战
A78: 13093 | B78: 13 | C78: 苏莱曼一世 | D78: 93 | E78: =J78&"|"&K78 -> 200063|200016 | F78: 101 | G78: =INDEX('#玺戒参考'!$A:$E,MATCH(F78,'#玺戒参考'!$A:$A,0),2) -> 永燃之翼 | H78: =INDEX('#玺戒参考'!$A:$E,MATCH(F78,'#玺戒参考'!$A:$A,0),5) -> 侵蚀之焰 | J78: =INDEX('#技能参考'!$A:$A,MATCH(L78,'#技能参考'!$B:$B,0),1) -> 200063 | K78: =INDEX('#技能参考'!$A:$A,MATCH(M78,'#技能参考'!$B:$B,0),1) -> 200016 | L78: 灵光乍现 | M78: 军神赠礼
A79: 13212 | B79: 13 | C79: 袁夏 | D79: 212 | E79: =J79&"|"&K79 -> 200108|200116 | F79: 106 | G79: =INDEX('#玺戒参考'!$A:$E,MATCH(F79,'#玺戒参考'!$A:$A,0),2) -> 天行骑士 | H79: =INDEX('#玺戒参考'!$A:$E,MATCH(F79,'#玺戒参考'!$A:$A,0),5) -> 胜利的代价 | J79: =INDEX('#技能参考'!$A:$A,MATCH(L79,'#技能参考'!$B:$B,0),1) -> 200108 | K79: =INDEX('#技能参考'!$A:$A,MATCH(M79,'#技能参考'!$B:$B,0),1) -> 200116 | L79: 制伏 | M79: 机变
A80: 14019 | B80: 14 | C80: 大流士一世 | D80: 19 | E80: =J80&"|"&K80 -> 200019|200072 | F80: 106 | G80: =INDEX('#玺戒参考'!$A:$E,MATCH(F80,'#玺戒参考'!$A:$A,0),2) -> 天行骑士 | H80: =INDEX('#玺戒参考'!$A:$E,MATCH(F80,'#玺戒参考'!$A:$A,0),5) -> 胜利的代价 | J80: =INDEX('#技能参考'!$A:$A,MATCH(L80,'#技能参考'!$B:$B,0),1) -> 200019 | K80: =INDEX('#技能参考'!$A:$A,MATCH(M80,'#技能参考'!$B:$B,0),1) -> 200072 | L80: 冲锋的极意 | M80: 弱点进攻
A81: 14021 | B81: 14 | C81: 亚瑟王 | D81: 21 | E81: =J81&"|"&K81 -> 200005|200019 | F81: 108 | G81: =INDEX('#玺戒参考'!$A:$E,MATCH(F81,'#玺戒参考'!$A:$A,0),2) -> 闪耀守卫 | H81: =INDEX('#玺戒参考'!$A:$E,MATCH(F81,'#玺戒参考'!$A:$A,0),5) -> 波澜攻势 | J81: =INDEX('#技能参考'!$A:$A,MATCH(L81,'#技能参考'!$B:$B,0),1) -> 200005 | K81: =INDEX('#技能参考'!$A:$A,MATCH(M81,'#技能参考'!$B:$B,0),1) -> 200019 | L81: 怒火猛攻 | M81: 冲锋的极意
A82: 14032 | B82: 14 | C82: 阿提拉 | D82: 32 | E82: =J82&"|"&K82 -> 200031|200072 | F82: 212 | G82: =INDEX('#玺戒参考'!$A:$E,MATCH(F82,'#玺戒参考'!$A:$A,0),2) -> 夜狼之戒 | H82: =INDEX('#玺戒参考'!$A:$E,MATCH(F82,'#玺戒参考'!$A:$A,0),5) -> 燃身战意 | J82: =INDEX('#技能参考'!$A:$A,MATCH(L82,'#技能参考'!$B:$B,0),1) -> 200031 | K82: =INDEX('#技能参考'!$A:$A,MATCH(M82,'#技能参考'!$B:$B,0),1) -> 200072 | L82: 慈悲终结 | M82: 弱点进攻
A83: 14056 | B83: 14 | C83: 哈拉尔 | D83: 56 | E83: =J83&"|"&K83 -> 200041|200015 | F83: 106 | G83: =INDEX('#玺戒参考'!$A:$E,MATCH(F83,'#玺戒参考'!$A:$A,0),2) -> 天行骑士 | H83: =INDEX('#玺戒参考'!$A:$E,MATCH(F83,'#玺戒参考'!$A:$A,0),5) -> 胜利的代价 | J83: =INDEX('#技能参考'!$A:$A,MATCH(L83,'#技能参考'!$B:$B,0),1) -> 200041 | K83: =INDEX('#技能参考'!$A:$A,MATCH(M83,'#技能参考'!$B:$B,0),1) -> 200015 | L83: 饥渴之刃 | M83: 战争祝福
A84: 14076 | B84: 14 | C84: 杜加瓦蒂 | D84: 76 | E84: =J84&"|"&K84 -> 200041|200068 | F84: 212 | G84: =INDEX('#玺戒参考'!$A:$E,MATCH(F84,'#玺戒参考'!$A:$A,0),2) -> 夜狼之戒 | H84: =INDEX('#玺戒参考'!$A:$E,MATCH(F84,'#玺戒参考'!$A:$A,0),5) -> 燃身战意 | J84: =INDEX('#技能参考'!$A:$A,MATCH(L84,'#技能参考'!$B:$B,0),1) -> 200041 | K84: =INDEX('#技能参考'!$A:$A,MATCH(M84,'#技能参考'!$B:$B,0),1) -> 200068 | L84: 饥渴之刃 | M84: 王者之剑
K85: .

Sheet #技能参考
A1: id | B1: 技能名 | C1: id | D1: 是否为装配技能 | E1: 赛季id | F1: 技能列表展示 | G1: 品质
A2: 200001 | B2: 火球轰击 | C2: 200001 | D2: 1 | E2: 1 | F2: 1 | G2: 紫
A3: 200002 | B3: 巨石冲击 | C3: 200002 | D3: 1 | E3: 1 | F3: 1 | G3: 紫
A4: 200003 | B4: 攻城大师 | C4: 200003 | D4: 1 | E4: 1 | F4: 1 | G4: 紫
A5: 200004 | B5: 迸裂 | C5: 200004 | D5: 1 | E5: 1 | F5: 1 | G5: 紫
A6: 200005 | B6: 怒火猛攻 | C6: 200005 | D6: 1 | E6: 1 | F6: 1 | G6: 橙
A7: 200006 | B7: 风卷残云 | C7: 200006 | D7: 1 | E7: 1 | F7: 1 | G7: 橙
A8: 200007 | B8: 天地无双斩 | C8: 200007 | D8: 1 | E8: 1 | F8: 1 | G8: 橙
A9: 200008 | B9: 毁灭的预示 | C9: 200008 | D9: 1 | E9: 1 | F9: 1 | G9: 橙
A10: 200009 | B10: 正义裁决 | C10: 200009 | D10: 1 | E10: 1 | F10: 1 | G10: 橙
A11: 200010 | B11: 恩泽庇护 | C11: 200010 | D11: 1 | E11: 1 | F11: 1 | G11: 橙
A12: 200011 | B12: 光明护佑 | C12: 200011 | D12: 1 | E12: 1 | F12: 1 | G12: 橙
A13: 200012 | B13: 沉默誓言 | C13: 200012 | D13: 1 | E13: 1 | F13: 1 | G13: 橙
... A33: 200032 | B33: 撕裂 | C33: 200032 | D33: 1 | E33: 1 | F33: 1 | G33: 紫
A34: 200033 | B34: 不屈战意 | C34: 200033 | D34: 1 | F34: 0 | G34: 橙
A35: 200034 | B35: 持久战 | C35: 200034 | D35: 1 | E35: 1 | F35: 1 | G35: 紫
A36: 200035 | B36: 惩戒者 | C36: 200035 | D36: 1 | E36: 1 | F36: 1 | G36: 紫
A37: 200036 | B37: 破敌之眼 | C37: 200036 | D37: 1 | E37: 1 | F37: 1 | G37: 橙
A38: 200037 | B38: 反戈一击 | C38: 200037 | D38: 1 | E38: 1 | F38: 1 | G38: 橙
A39: 200038 | B39: 清算 | C39: 200038 | D39: 1 | F39: 0 | G39: 橙
A40: 200039 | B40: 文武双全 | C40: 200039 | D40: 1 | E40: 1 | F40: 1 | G40: 紫
A41: 200040 | B41: 反击 | C41: 200040 | D41: 1 | E41: 1 | F41: 1 | G41: 紫
A42: 200041 | B42: 饥渴之刃 | C42: 200041 | D42: 1 | E42: 1 | F42: 1 | G42: 橙
A43: 200042 | B43: 百战之体 | C43: 200042 | D43: 1 | E43: 1 | F43: 1 | G43: 橙
A44: 200043 | B44: 剑盾突击 | C44: 200043 | D44: 1 | E44: 1 | F44: 1 | G44: 紫
A45: 200044 | B45: 震慑猛击 | C45: 200044 | D45: 1 | E45: 1 | F45: 1 | G45: 紫
A46: 200045 | B46: 不屈信念 | C46: 200045 | D46: 1 | E46: 1 | F46: 1 | G46: 紫
A47: 200046 | B47: 敏锐洞察 | C47: 200046 | D47: 1 | E47: 1 | F47: 1 | G47: 橙
A48: 200047 | B48: 以战养战 | C48: 200047 | D48: 1 | E48: 1 | F48: 1 | G48: 橙
A49: 200048 | B49: 冲击 | C49: 200048 | D49: 1 | E49: 1 | F49: 1 | G49: 蓝
A50: 200049 | B50: 休整 | C50: 200049 | D50: 1 | E50: 1 | F50: 1 | G50: 蓝
A51: 200050 | B51: 奇袭 | C51: 200050 | D51: 1 | E51: 1 | F51: 1 | G51: 蓝
... A66: 200065 | B66: 避芒击惰 | C66: 200065 | D66: 1 | E66: 1 | F66: 1 | G66: 橙
A67: 200066 | B67: 怒击扬志 | C67: 200066 | D67: 1 | F67: 0 | G67: 橙
A68: 200067 | B68: 奋迅 | C68: 200067 | D68: 1 | F68: 0 | G68: 橙
A69: 200068 | B69: 王者之剑 | C69: 200068 | D69: 1 | E69: 1 | F69: 1 | G69: 橙
A70: 200069 | B70: 列阵御敌 | C70: 200069 | D70: 1 | E70: 1 | F70: 1 | G70: 紫
A71: 200070 | B71: 冲冠一怒 | C71: 200070 | D71: 1 | E71: 1 | F71: 1 | G71: 紫
A72: 200071 | B72: 利刃攻心 | C72: 200071 | D72: 1 | F72: 0 | G72: 橙
A73: 200072 | B73: 弱点进攻 | C73: 200072 | D73: 1 | E73: 1 | F73: 1 | G73: 橙
A74: 200073 | B74: 侵蚀之焰 | C74: 200073 | D74: 1 | E74: 1 | F74: 1 | G74: 橙
A75: 200074 | B75: 压迫之袭 | C75: 200074 | D75: 1 | E75: 1 | F75: 1 | G75: 橙
A76: 200075 | B76: 追击本能 | C76: 200075 | D76: 1 | F76: 0 | G76: 橙
A77: 200076 | B77: 英勇时刻 | C77: 200076 | D77: 1 | E77: 1 | F77: 1 | G77: 橙
A78: 200078 | B78: 胜利怒吼 | C78: 200078 | D78: 1 | E78: 1 | F78: 1 | G78: 橙
A79: 200079 | B79: 波澜攻势 | C79: 200079 | D79: 1 | E79: 1 | F79: 1 | G79: 橙
A80: 200080 | B80: 蛮勇侵袭 | C80: 200080 | D80: 1 | E80: 1 | F80: 1 | G80: 橙
A81: 200083 | B81: 决意强袭 | C81: 200083 | D81: 1 | E81: 1 | F81: 1 | G81: 橙
A82: 200084 | B82: 灭却军锋 | C82: 200084 | D82: 1 | E82: 2 | F82: 1 | G82: 橙
A83: 200085 | B83: 命运恩宠 | C83: 200085 | D83: 1 | E83: 2 | F83: 1 | G83: 橙
A84: 200086 | B84: 绝对权力 | C84: 200086 | D84: 1 | E84: 2 | F84: 1 | G84: 橙
A85: 200087 | B85: 欺天之谋 | C85: 200087 | D85: 1 | E85: 2 | F85: 1 | G85: 橙
A86: 200088 | B86: 合纵连横 | C86: 200088 | D86: 1 | F86: 0 | G86: 橙
A87: 200092 | B87: 以下克上 | C87: 200092 | D87: 1 | F87: 0 | G87: 橙
A88: 200095 | B88: 历战之枪 | C88: 200095 | D88: 1 | E88: 2 | F88: 1 | G88: 橙
A89: 200096 | B89: 压制强攻 | C89: 200096 | D89: 1 | E89: 2 | F89: 1 | G89: 橙
A90: 200098 | B90: 长生军团 | C90: 200098 | D90: 1 | E90: 2 | F90: 1 | G90: 橙
A91: 200099 | B91: 万里平戎策 | C91: 200099 | D91: 1 | E91: 1 | F91: 1 | G91: 橙
A92: 200100 | B92: 不屈反击 | C92: 200100 | D92: 1 | E92: 2 | F92: 1 | G92: 橙
A93: 200101 | B93: 黑沼之刃 | C93: 200101 | D93: 1 | E93: 1 | F93: 1 | G93: 橙
A94: 200102 | B94: 狂烈之骑 | C94: 200102 | D94: 1 | E94: 2 | F94: 1 | G94: 橙
A95: 200103 | B95: 侵彻之弓 | C95: 200103 | D95: 1 | E95: 2 | F95: 1 | G95: 橙
A96: 200105 | B96: 王命谕令 | C96: 200105 | D96: 1 | E96: 2 | F96: 1 | G96: 橙
A97: 200107 | B97: 绿洲之佑 | C97: 200107 | D97: 1 | E97: 2 | F97: 1 | G97: 紫
A98: 200108 | B98: 制伏 | C98: 200108 | D98: 1 | E98: 2 | F98: 1 | G98: 紫
A99: 200109 | B99: 借势威吓 | C99: 200109 | D99: 1 | E99: 2 | F99: 1 | G99: 紫
... A117: 200127 | B117: 破军奇略 | C117: 200127 | D117: 1 | E117: 3 | F117: 1 | G117: 橙
A118: 200128 | B118: 潜龙勿用 | C118: 200128 | D118: 1 | F118: 0 | G118: 橙
A119: 200129 | B119: 不灭修罗 | C119: 200129 | D119: 1 | F119: 0 | G119: 橙
A120: 200130 | B120: 截道封兵 | C120: 200130 | D120: 1 | F120: 0 | G120: 橙
A121: 200131 | B121: 无妄诡谋 | C121: 200131 | D121: 1 | F121: 0 | G121: 橙
A122: 200132 | B122: 碎踵之箭 | C122: 200132 | D122: 1 | F122: 0 | G122: 橙
A123: 200133 | B123: 绝代风华 | C123: 200133 | D123: 1 | F123: 0 | G123: 橙
A124: 200134 | B124: 勇烈战豪 | C124: 200134 | D124: 1 | E124: 4 | F124: 1 | G124: 橙
A125: 200135 | B125: 无尽狂潮 | C125: 200135 | D125: 1 | E125: 4 | F125: 1 | G125: 橙
A126: 200136 | B126: 塞北雪风 | C126: 200136 | D126: 1 | F126: 0 | G126: 橙
A127: 200137 | B127: 疾策攻心 | C127: 200137 | D127: 1 | E127: 1 | F127: 1 | G127: 橙
A128: 200138 | B128: 无情追击 | C128: 200138 | D128: 1 | E128: 1 | F128: 1 | G128: 橙
A129: 200139 | B129: 流水之势 | C129: 200139 | D129: 1 | F129: 0 | G129: 橙
A130: 200140 | B130: 威吓猛劈 | C130: 200140 | D130: 1 | F130: 0 | G130: 橙
A131: 200141 | B131: 善战无攻 | C131: 200141 | D131: 1 | F131: 0 | G131: 橙
A132: 200142 | B132: 铁壁军威 | C132: 200142 | D132: 1 | E132: 1 | F132: 1 | G132: 橙
A133: 200143 | B133: 恃勇之军 | C133: 200143 | D133: 1 | F133: 0 | G133: 橙
A134: 200144 | B134: 生人勿近 | C134: 200144 | D134: 1 | F134: 0 | G134: 橙
A135: 200146 | B135: 倾国凰主 | C135: 200146 | D135: 1 | E135: 3 | F135: 1 | G135: 橙
A136: 200147 | B136: 天妒神机 | C136: 200147 | D136: 1 | F136: 0 | G136: 橙
A137: 200148 | B137: 严阵以待 | C137: 200148 | D137: 1 | E137: 3 | F137: 1 | G137: 橙
A138: 200149 | B138: 不败军威 | C138: 200149 | D138: 1 | E138: 5 | F138: 1 | G138: 橙
A139: 200150 | B139: 歼绝战法 | C139: 200150 | D139: 1 | E139: 1 | F139: 1 | G139: 橙
A140: 200151 | B140: 王车易位 | C140: 200151 | D140: 1 | F140: 0 | G140: 橙
A141: 200152 | B141: 火羽飞蝗 | C141: 200152 | D141: 1 | F141: 0 | G141: 橙
A142: 200153 | B142: 锐利刃锋 | C142: 200153 | D142: 1 | E142: 1 | F142: 1 | G142: 橙
A143: 200154 | B143: 绝处逢生 | C143: 200154 | D143: 1 | F143: 0 | G143: 橙
A144: 200155 | B144: 决斗法则 | C144: 200155 | D144: 1 | E144: 3 | F144: 1 | G144: 橙
A145: 200156 | B145: 惊世疾霆 | C145: 200156 | D145: 1 | E145: 3 | F145: 1 | G145: 橙
A146: 200157 | B146: 麒麟王佐 | C146: 200157 | D146: 1 | E146: 3 | F146: 1 | G146: 橙
A147: 200158 | B147: 大将之风 | C147: 200158 | D147: 1 | E147: 3 | F147: 1 | G147: 橙
A148: 200159 | B148: 沸腾战吼 | C148: 200159 | D148: 1 | E148: 1 | F148: 1 | G148: 橙
A149: 200160 | B149: 致胜连锁 | C149: 200160 | D149: 1 | E149: 3 | F149: 1 | G149: 橙
A150: 200161 | B150: 乘胜追击 | C150: 200161 | D150: 1 | E150: 3 | F150: 1 | G150: 橙
...

Sheet #玺戒参考
A1: 玺戒ID | B1: 装备名称 | C1: 装备品级 | D1: 附带技能ID | E1: 附带技能名称 | G1: 全满技能效果 | H1: 投放途径
A3: 101 | B3: 永燃之翼 | C3: 橙+ | D3: 200073 | E3: 侵蚀之焰 | F3: 每9秒对敌军附加燃烧效果，每秒造成谋略伤害（伤害率：12%，谋略加成），同时使其受到的谋略伤害提升2.5%（谋略加成），持续9秒。释放技能时有15%+3%*星级概率额外附加沉默效果（无法使用主将技和主动技能），持续3秒。 | G3: 每9秒对敌军附加燃烧效果，每秒造成谋略伤害（伤害率：12%，谋略加成），同时使其受到的谋略伤害提升2.5%（谋略加成），持续9秒。释放技能时有30%概率额外附加沉默效果（无法使用主将技和主动技能），持续3秒。 | H3: 商城投放
A4: 102 | B4: 圣选贤哲 | C4: 橙+ | D4: 200012 | E4: 沉默誓言 | F4: 我军全体英雄无法使用主动技能（无法被净化），造成指挥技能伤害提升35%+2%*星级 | G4: 我军全体英雄无法使用主动技能（无法被净化），造成指挥技能伤害提升55%，指挥技能治疗效果提升55% | H4: 商城投放
A5: 103 | B5: 天灾暴君 | C5: 橙+ | D5: 200022 | E5: 孤注一掷 | F5: 我军受到伤害提升10%（无法被净化），造成主将技伤害提升115%+8%*星级 | G5: 我军受到伤害提升10%（无法被净化），造成主将技伤害提升130% | H5: 商城投放 | I5: 暂不上
A6: 104 | B6: 慈悲主宰 | C6: 橙+ | D6: 200023 | E6: 狂怒血脉 | F6: 我军发动主将后，提升30%+2%*星级怒气，使我军全体英雄进入虚弱状态（无法被净化），持续3秒 | G6: 我军发动主将后，提升37%怒气，使我军全体英雄进入虚弱状态（无法被净化），持续3秒 | H6: 商城投放 | I6: 暂不上
A7: 105 | B7: 毁灭信使 | C7: 橙+ | D7: 200046 | E7: 敏锐洞察 | F7: 我军全体英雄造成普通攻击伤害降低10%（无法被净化），造成被动技能伤害提升24%+1.2%*星级 | G7: 我军全体英雄造成普通攻击伤害降低20%（无法被净化），造成被动技能伤害提升45% | H7: 商城投放
A8: 106 | B8: 天行骑士 | C8: 橙+ | D8: 200064 | E8: 胜利的代价 | F8: 我军副将造成伤害降低15%（无法被净化），我军主将自带主动技能发动概率提升5%+1%*星级（不受属性加成），造成伤害提升20%（谋略加成） | G8: 我军副将造成伤害降低15%（无法被净化），我军主将造成的伤害提高18%（谋略加成），同时固有主动技能发动概率提升8% | H8: 商城投放
A9: 107 | B9: 东天尊主 | C9: 橙+ | D9: 200029 | E9: 胜利军规 | F9: 我军全体英雄造成主动技能伤害降低25%（无法被净化），造成普通攻击伤害提高45%+2%*星级 | G9: 我军全体英雄造成主动技能伤害降低25%（无法被净化），造成普通攻击伤害提高74% | H9: 商城投放
A10: 108 | B10: 闪耀守卫 | C10: 橙+ | D10: 200079 | E10: 波澜攻势 | F10: 每隔6秒，自身进入连击状态，且追击技能发动概率提升4%+1.2%*星级，持续3秒 | G10: 每隔6秒，自身进入连击状态，且追击技能发动概率提升10%，持续3秒 | H10: 商城投放
A11: 109 | B11: 苍蓝之月 | C11: 橙 | D11: 200008 | E11: 毁灭的预示 | F11: 进入准备状态，3秒后对敌军造成高额谋略伤害（伤害率390%，谋略加成），释放概率20%+1%*星级 | G11: 进入准备状态，3秒后对敌军造成高额谋略伤害（伤害率325%，谋略加成），释放概率25% | H11: 商城投放
A12: 110 | B12: 赤金之日 | C12: 橙 | D12: 200083 | E12: 决意强袭 | F12: 进入准备状态，3秒后对敌军造成高额武力伤害（伤害率270%，武力加成），释放概率24%+1.2%*星级 | G12: 进入准备状态，3秒后对敌军造成高额武力伤害（伤害率270%，武力加成），释放概率30% | H12: 商城投放
A13: 111 | B13: 不动之山 | C13: 橙 | D13: 200065 | E13: 避芒击惰 | F13: 进入战斗前18秒，降低我军受到武力伤害8%+0.4%*星级（守备加成）；18秒后，我军全体造成伤害提升8%+0.4%*星级（谋略加成） | G13: 进入战斗前18秒，降低我军受到武力伤害10%；18秒后，我军全体造成伤害提升10%（谋略加成） | H13: 商城投放
A14: 112 | B14: 灼热之火 | C14: 橙 | D14: 200076 | E14: 英勇时刻 | F14: 释放主将技后，我军全体获得伤害提升12%+0.6%*星级效果，持续9秒 | G14: 我军主将释放主将技后，我军全体英雄武力伤害提升15%，持续9秒。 | H14: 商城投放
A15: 113 | B15: 静谧之水 | C15: 橙 | D15: 200011 | E15: 光明护佑 | F15: 进入战斗前18秒，我军受到伤害降低28%+1.4%*星级 | G15: 进入战斗前18秒，我军受到伤害降低35% | H15: 商城投放
A16: 114 | B16: 遮天之云 | C16: 橙 | D16: 200096 | E16: 压制强攻 | F16: 进入准备状态，3秒后对目标造成武力伤害（伤害率280%，武力加成），同时有50%概率清除敌军的属性强化效果（清除战斗中临时效果），释放概率20%+1.4%*星级 | G16: 进入准备状态，3秒后对目标造成武力伤害（伤害率280%，武力加成），同时有50%概率清除敌军的属性强化效果（清除战斗中临时效果），释放概率27% | H16: 商城投放 | I16: 暂不上
A17: 201 | B17: 暴熊之戒 | C17: 紫 | D17: 200123 | E17: 裸衣 | F17: 降低全军守备20，提高主将武力80+3*星级 | G17: 降低全军守备20，提高主将武力95 | H17: 商城投放
A18: 202 | B18: 石犀之戒 | C18: 紫 | D18: 200004 | E18: 迸裂 | F18: 攻城时可发动，对城防造成200+12.5*星级点伤害（摧城加成） | G18: 攻城时可发动，对城防造成525点伤害（摧城加成） | H18: 商城投放
A19: 203 | B19: 乌鸦之戒 | C19: 紫 | D19: 200014 | E19: 命运操弄 | F19: 偷取敌军主将24+1.5*星级点武力、谋略、守备（谋略加成），持续3秒 | G19: 偷取敌军主将44点武力、谋略、守备（谋略加成），持续3秒 | H19: 商城投放
A20: 204 | B20: 海马之戒 | C20: 紫 | D20: 200045 | E20: 不屈信念 | F20: 我军受到超过1%最大兵力的单次谋略伤害后，使我军受到谋略伤害降低12%+0.75%*星级，持续6秒 | G20: 我军受到超过1%最大兵力的单次谋略伤害后，使我军受到谋略伤害降低15.75%，持续6秒 | H20: 商城投放
A21: 205 | B21: 狂鲨之戒 | C21: 紫 | D21: 200035 | E21: 惩戒者 | F21: 我军全体英雄每次普通攻击命中，降低目标0.8%+0.05%*星级受到恢复效果，最多叠加50层 | G21: 我军全体英雄每次普通攻击命中，降低目标1.05%受到恢复效果，最多叠加50层 | H21: 商城投放
A22: 206 | B22: 灵獾之戒 | C22: 紫 | D22: 200025 | E22: 钢铁之躯 | F22: 进入战斗后前18秒，我军受到普通攻击伤害和追击技能伤害降低24%+1.5%*星级 | G22: 进入战斗后前18秒，我军受到普通攻击伤害和追击技能伤害降低31.5% | H22: 商城投放
A23: 207 | B23: 巨象之戒 | C23: 紫 | D23: 200003 | E23: 攻城大师 | F23: 提升自身80+5*星级点摧城 | G23: 提升自身105点摧城 | H23: 商城投放
A24: 208 | B24: 怒狮之戒 | C24: 紫 | D24: 200017 | E24: 名门之后 | F24: 提升自身40+2.5*星级点武力、谋略、守备 | G24: 提升自身52.5点武力、谋略、守备 | H24: 商城投放
A25: 209 | B25: 黑蛇之戒 | C25: 紫 | D25: 200039 | E25: 文武双全 | F25: 提升自身40+2.5*星级点谋略（武力加成） | G25: 提升自身52.5点谋略（武力加成） | H25: 商城投放
A26: 210 | B26: 迅鹿之戒 | C26: 紫 | D26: 200109 | E26: 借势威吓 | F26: 使敌军一名随机英雄造成伤害降低15%+1%*星级，我军一名随机英雄造成的伤害提升15%+1%*星级 | G26: 使敌军一名随机英雄造成伤害降低20%，我军一名随机英雄造成的伤害提升20% | H26: 商城投放
A27: 211 | B27: 天鹰之戒 | C27: 紫 | D27: 200107 | E27: 绿洲之佑 | F27: 每9秒一次，随机获得以下效果之一：1）回复我军兵力（290%+15%*星级）兵力；2） 降低我军受到的伤害24%+2%*星级，持续3秒 | G27: 每9秒一次，随机获得以下效果之一：1）回复我军兵力（365%兵力；2） 降低我军受到的伤害34%，持续3秒 | H27: 商城投放
A28: 212 | B28: 夜狼之戒 | C28: 紫 | D28: 200112 | E28: 燃身战意 | F28: 我军每进行9次普攻，提高我军全体英雄普攻和追击技能造成的伤害20%+1.25%*星级（武力加成），同时降低我军全体英雄守备30点，持续3秒 | G28: 我军每进行9次普攻，提高我军全体英雄普攻和追击技能造成的伤害26.25%（武力加成），同时降低我军全体英雄守备30点，持续3秒 | H28: 商城投放
... A39: 310 | B39: 向日葵之戒 | C39: 蓝 | D39: 200165 | E39: 丰收预兆 | F39: 成功采集时额外获得12%资源量 | G39: 成功采集时额外获得12%资源量 | H39: 商城投放
B42: 未上阵阵容： | C42: 6 | D42: 14
