Workbook

Sheet 战力推荐参数
A1: convert(ResLord.proto, table_RecomPowerDevelopConf, RecomPowerDevelopConf.pbin)
A2: 主堡等级 | B2: 战斗力 | C2: 解锁的士兵等级 | D2: 档位 | E2: 选取分位 | F2: 上阵英雄平均等级 | G2: 部队最大带兵数量 | H2: 已研究科技数量 | I2: 已解锁建筑平均等级 | J2: 上阵英雄平均技能等级 | K2: 已穿戴装备数量 | L2: 已解锁部队数量
A3: level | B3: powerValue | C3: soldierLv | D3: confLevel | F3: heroLevel | G3: marchPopulation | H3: techCnt | I3: buildingAvgLv | J3: skillavgLv | K3: equitmentNum | L3: marchQueueCnt
A4: 1 | B4: =IF($A4="","",ROUND(_xlfn.XLOOKUP($A4,'#现网数据参考'!$A:$A,'#现网数据参考'!G:G)*IF($A4<=9,0.5,1),0)) -> 6069 | C4: =IF($A4="","",ROUND(_xlfn.XLOOKUP($A4,'#现网数据参考'!$A:$A,'#现网数据参考'!P:P),0)) -> 1 | D4: 1 | E4: 20 | F4: =ROUND(OFFSET('#现网数据参考'!$A$1,MATCH(OFFSET($A4,-MOD(ROW()-1,3),0),'#现网数据参考'!$A:$A,0)-1,MATCH(F$2&$E4,'#现网数据参考'!$3:$3,0)-1)*IF(OFFSET($A4,-MOD(ROW()-1,3),0)<=9,0.6,1),0) -> 1 | G4: =_xlfn.XLOOKUP(OFFSET($A4,-MOD(ROW()-1,3),0),'#出征索引'!A:A,'#出征索引'!B:B)+_xlfn.XLOOKUP(OFFSET($A4,-MOD(ROW()-1,3),0),'#出征索引'!A:A,'#出征索引'!C:C)*_xlfn.XLOOKUP(F4,'#出征索引'!E:E,'#出征索引'!F:F) -> 500 | H4: =ROUND(OFFSET('#现网数据参考'!$A$1,MATCH(OFFSET($A4,-MOD(ROW()-1,3),0),'#现网数据参考'!$A:$A,0)-1,MATCH(H$2&$E4,'#现网数据参考'!$3:$3,0)-1)*IF(OFFSET($A4,-MOD(ROW()-1,3),0)<=9,0.6,1),0) -> 1 | I4: =ROUND(OFFSET('#现网数据参考'!$A$1,MATCH(OFFSET($A4,-MOD(ROW()-1,3),0),'#现网数据参考'!$A:$A,0)-1,MATCH(I$2&$E4,'#现网数据参考'!$3:$3,0)-1)*IF(OFFSET($A4,-MOD(ROW()-1,3),0)<=9,0.6,1),0) -> 1 | J4: =ROUND(OFFSET('#现网数据参考'!$A$1,MATCH(OFFSET($A4,-MOD(ROW()-1,3),0),'#现网数据参考'!$A:$A,0)-1,MATCH(J$2&$E4,'#现网数据参考'!$3:$3,0)-1)*IF(OFFSET($A4,-MOD(ROW()-1,3),0)<=9,0.6,1),0) -> 1 | K4: =ROUND(OFFSET('#现网数据参考'!$A$1,MATCH(OFFSET($A4,-MOD(ROW()-1,3),0),'#现网数据参考'!$A:$A,0)-1,MATCH(K$2&$E4,'#现网数据参考'!$3:$3,0)-1)*IF(OFFSET($A4,-MOD(ROW()-1,3),0)<=9,0.6,1),0) -> 0 | L4: =ROUND(OFFSET('#现网数据参考'!$A$1,MATCH(OFFSET($A4,-MOD(ROW()-1,3),0),'#现网数据参考'!$A:$A,0)-1,MATCH(L$2&$E4,'#现网数据参考'!$3:$3,0)-1),0) -> 3
B5: =IF($A5="","",ROUND(_xlfn.XLOOKUP($A5,'#现网数据参考'!$A:$A,'#现网数据参考'!G:G)*IF($A5<=9,0.5,1),0)) | C5: =IF($A5="","",ROUND(_xlfn.XLOOKUP($A5,'#现网数据参考'!$A:$A,'#现网数据参考'!P:P),0)) | D5: 2 | E5: 40 | F5: =ROUND(OFFSET('#现网数据参考'!$A$1,MATCH(OFFSET($A5,-MOD(ROW()-1,3),0),'#现网数据参考'!$A:$A,0)-1,MATCH(F$2&$E5,'#现网数据参考'!$3:$3,0)-1)*IF(OFFSET($A5,-MOD(ROW()-1,3),0)<=9,0.6,1),0) -> 1 | G5: =_xlfn.XLOOKUP(OFFSET($A5,-MOD(ROW()-1,3),0),'#出征索引'!A:A,'#出征索引'!B:B)+_xlfn.XLOOKUP(OFFSET($A5,-MOD(ROW()-1,3),0),'#出征索引'!A:A,'#出征索引'!C:C)*_xlfn.XLOOKUP(F5,'#出征索引'!E:E,'#出征索引'!F:F) -> 500 | H5: =ROUND(OFFSET('#现网数据参考'!$A$1,MATCH(OFFSET($A5,-MOD(ROW()-1,3),0),'#现网数据参考'!$A:$A,0)-1,MATCH(H$2&$E5,'#现网数据参考'!$3:$3,0)-1)*IF(OFFSET($A5,-MOD(ROW()-1,3),0)<=9,0.6,1),0) -> 1 | I5: =ROUND(OFFSET('#现网数据参考'!$A$1,MATCH(OFFSET($A5,-MOD(ROW()-1,3),0),'#现网数据参考'!$A:$A,0)-1,MATCH(I$2&$E5,'#现网数据参考'!$3:$3,0)-1)*IF(OFFSET($A5,-MOD(ROW()-1,3),0)<=9,0.6,1),0) -> 1 | J5: =ROUND(OFFSET('#现网数据参考'!$A$1,MATCH(OFFSET($A5,-MOD(ROW()-1,3),0),'#现网数据参考'!$A:$A,0)-1,MATCH(J$2&$E5,'#现网数据参考'!$3:$3,0)-1)*IF(OFFSET($A5,-MOD(ROW()-1,3),0)<=9,0.6,1),0) -> 2 | K5: =ROUND(OFFSET('#现网数据参考'!$A$1,MATCH(OFFSET($A5,-MOD(ROW()-1,3),0),'#现网数据参考'!$A:$A,0)-1,MATCH(K$2&$E5,'#现网数据参考'!$3:$3,0)-1)*IF(OFFSET($A5,-MOD(ROW()-1,3),0)<=9,0.6,1),0) -> 0 | L5: =ROUND(OFFSET('#现网数据参考'!$A$1,MATCH(OFFSET($A5,-MOD(ROW()-1,3),0),'#现网数据参考'!$A:$A,0)-1,MATCH(L$2&$E5,'#现网数据参考'!$3:$3,0)-1),0) -> 3
B6: =IF($A6="","",ROUND(_xlfn.XLOOKUP($A6,'#现网数据参考'!$A:$A,'#现网数据参考'!G:G)*IF($A6<=9,0.5,1),0)) | C6: =IF($A6="","",ROUND(_xlfn.XLOOKUP($A6,'#现网数据参考'!$A:$A,'#现网数据参考'!P:P),0)) | D6: 3 | E6: 60 | F6: =ROUND(OFFSET('#现网数据参考'!$A$1,MATCH(OFFSET($A6,-MOD(ROW()-1,3),0),'#现网数据参考'!$A:$A,0)-1,MATCH(F$2&$E6,'#现网数据参考'!$3:$3,0)-1)*IF(OFFSET($A6,-MOD(ROW()-1,3),0)<=9,0.6,1),0) -> 1 | G6: =_xlfn.XLOOKUP(OFFSET($A6,-MOD(ROW()-1,3),0),'#出征索引'!A:A,'#出征索引'!B:B)+_xlfn.XLOOKUP(OFFSET($A6,-MOD(ROW()-1,3),0),'#出征索引'!A:A,'#出征索引'!C:C)*_xlfn.XLOOKUP(F6,'#出征索引'!E:E,'#出征索引'!F:F) -> 500 | H6: =ROUND(OFFSET('#现网数据参考'!$A$1,MATCH(OFFSET($A6,-MOD(ROW()-1,3),0),'#现网数据参考'!$A:$A,0)-1,MATCH(H$2&$E6,'#现网数据参考'!$3:$3,0)-1)*IF(OFFSET($A6,-MOD(ROW()-1,3),0)<=9,0.6,1),0) -> 2 | I6: =ROUND(OFFSET('#现网数据参考'!$A$1,MATCH(OFFSET($A6,-MOD(ROW()-1,3),0),'#现网数据参考'!$A:$A,0)-1,MATCH(I$2&$E6,'#现网数据参考'!$3:$3,0)-1)*IF(OFFSET($A6,-MOD(ROW()-1,3),0)<=9,0.6,1),0) -> 1 | J6: =ROUND(OFFSET('#现网数据参考'!$A$1,MATCH(OFFSET($A6,-MOD(ROW()-1,3),0),'#现网数据参考'!$A:$A,0)-1,MATCH(J$2&$E6,'#现网数据参考'!$3:$3,0)-1)*IF(OFFSET($A6,-MOD(ROW()-1,3),0)<=9,0.6,1),0) -> 2 | K6: =ROUND(OFFSET('#现网数据参考'!$A$1,MATCH(OFFSET($A6,-MOD(ROW()-1,3),0),'#现网数据参考'!$A:$A,0)-1,MATCH(K$2&$E6,'#现网数据参考'!$3:$3,0)-1)*IF(OFFSET($A6,-MOD(ROW()-1,3),0)<=9,0.6,1),0) -> 0 | L6: =ROUND(OFFSET('#现网数据参考'!$A$1,MATCH(OFFSET($A6,-MOD(ROW()-1,3),0),'#现网数据参考'!$A:$A,0)-1,MATCH(L$2&$E6,'#现网数据参考'!$3:$3,0)-1),0) -> 3
A7: 2 | B7: =IF($A7="","",ROUND(_xlfn.XLOOKUP($A7,'#现网数据参考'!$A:$A,'#现网数据参考'!G:G)*IF($A7<=9,0.5,1),0)) -> 13843 | C7: =IF($A7="","",ROUND(_xlfn.XLOOKUP($A7,'#现网数据参考'!$A:$A,'#现网数据参考'!P:P),0)) -> 1 | D7: 1 | E7: 20 | F7: =ROUND(OFFSET('#现网数据参考'!$A$1,MATCH(OFFSET($A7,-MOD(ROW()-1,3),0),'#现网数据参考'!$A:$A,0)-1,MATCH(F$2&$E7,'#现网数据参考'!$3:$3,0)-1)*IF(OFFSET($A7,-MOD(ROW()-1,3),0)<=9,0.6,1),0) -> 1 | G7: =_xlfn.XLOOKUP(OFFSET($A7,-MOD(ROW()-1,3),0),'#出征索引'!A:A,'#出征索引'!B:B)+_xlfn.XLOOKUP(OFFSET($A7,-MOD(ROW()-1,3),0),'#出征索引'!A:A,'#出征索引'!C:C)*_xlfn.XLOOKUP(F7,'#出征索引'!E:E,'#出征索引'!F:F) -> 600 | H7: =ROUND(OFFSET('#现网数据参考'!$A$1,MATCH(OFFSET($A7,-MOD(ROW()-1,3),0),'#现网数据参考'!$A:$A,0)-1,MATCH(H$2&$E7,'#现网数据参考'!$3:$3,0)-1)*IF(OFFSET($A7,-MOD(ROW()-1,3),0)<=9,0.6,1),0) -> 1 | I7: =ROUND(OFFSET('#现网数据参考'!$A$1,MATCH(OFFSET($A7,-MOD(ROW()-1,3),0),'#现网数据参考'!$A:$A,0)-1,MATCH(I$2&$E7,'#现网数据参考'!$3:$3,0)-1)*IF(OFFSET($A7,-MOD(ROW()-1,3),0)<=9,0.6,1),0) -> 1 | J7: =ROUND(OFFSET('#现网数据参考'!$A$1,MATCH(OFFSET($A7,-MOD(ROW()-1,3),0),'#现网数据参考'!$A:$A,0)-1,MATCH(J$2&$E7,'#现网数据参考'!$3:$3,0)-1)*IF(OFFSET($A7,-MOD(ROW()-1,3),0)<=9,0.6,1),0) -> 0 | K7: =ROUND(OFFSET('#现网数据参考'!$A$1,MATCH(OFFSET($A7,-MOD(ROW()-1,3),0),'#现网数据参考'!$A:$A,0)-1,MATCH(K$2&$E7,'#现网数据参考'!$3:$3,0)-1)*IF(OFFSET($A7,-MOD(ROW()-1,3),0)<=9,0.6,1),0) -> 0 | L7: =ROUND(OFFSET('#现网数据参考'!$A$1,MATCH(OFFSET($A7,-MOD(ROW()-1,3),0),'#现网数据参考'!$A:$A,0)-1,MATCH(L$2&$E7,'#现网数据参考'!$3:$3,0)-1),0) -> 3
B8: =IF($A8="","",ROUND(_xlfn.XLOOKUP($A8,'#现网数据参考'!$A:$A,'#现网数据参考'!G:G)*IF($A8<=9,0.5,1),0)) | C8: =IF($A8="","",ROUND(_xlfn.XLOOKUP($A8,'#现网数据参考'!$A:$A,'#现网数据参考'!P:P),0)) | D8: 2 | E8: 40 | F8: =ROUND(OFFSET('#现网数据参考'!$A$1,MATCH(OFFSET($A8,-MOD(ROW()-1,3),0),'#现网数据参考'!$A:$A,0)-1,MATCH(F$2&$E8,'#现网数据参考'!$3:$3,0)-1)*IF(OFFSET($A8,-MOD(ROW()-1,3),0)<=9,0.6,1),0) -> 1 | G8: =_xlfn.XLOOKUP(OFFSET($A8,-MOD(ROW()-1,3),0),'#出征索引'!A:A,'#出征索引'!B:B)+_xlfn.XLOOKUP(OFFSET($A8,-MOD(ROW()-1,3),0),'#出征索引'!A:A,'#出征索引'!C:C)*_xlfn.XLOOKUP(F8,'#出征索引'!E:E,'#出征索引'!F:F) -> 600 | H8: =ROUND(OFFSET('#现网数据参考'!$A$1,MATCH(OFFSET($A8,-MOD(ROW()-1,3),0),'#现网数据参考'!$A:$A,0)-1,MATCH(H$2&$E8,'#现网数据参考'!$3:$3,0)-1)*IF(OFFSET($A8,-MOD(ROW()-1,3),0)<=9,0.6,1),0) -> 1 | I8: =ROUND(OFFSET('#现网数据参考'!$A$1,MATCH(OFFSET($A8,-MOD(ROW()-1,3),0),'#现网数据参考'!$A:$A,0)-1,MATCH(I$2&$E8,'#现网数据参考'!$3:$3,0)-1)*IF(OFFSET($A8,-MOD(ROW()-1,3),0)<=9,0.6,1),0) -> 1 | J8: =ROUND(OFFSET('#现网数据参考'!$A$1,MATCH(OFFSET($A8,-MOD(ROW()-1,3),0),'#现网数据参考'!$A:$A,0)-1,MATCH(J$2&$E8,'#现网数据参考'!$3:$3,0)-1)*IF(OFFSET($A8,-MOD(ROW()-1,3),0)<=9,0.6,1),0) -> 1 | K8: =ROUND(OFFSET('#现网数据参考'!$A$1,MATCH(OFFSET($A8,-MOD(ROW()-1,3),0),'#现网数据参考'!$A:$A,0)-1,MATCH(K$2&$E8,'#现网数据参考'!$3:$3,0)-1)*IF(OFFSET($A8,-MOD(ROW()-1,3),0)<=9,0.6,1),0) -> 0 | L8: =ROUND(OFFSET('#现网数据参考'!$A$1,MATCH(OFFSET($A8,-MOD(ROW()-1,3),0),'#现网数据参考'!$A:$A,0)-1,MATCH(L$2&$E8,'#现网数据参考'!$3:$3,0)-1),0) -> 3
B9: =IF($A9="","",ROUND(_xlfn.XLOOKUP($A9,'#现网数据参考'!$A:$A,'#现网数据参考'!G:G)*IF($A9<=9,0.5,1),0)) | C9: =IF($A9="","",ROUND(_xlfn.XLOOKUP($A9,'#现网数据参考'!$A:$A,'#现网数据参考'!P:P),0)) | D9: 3 | E9: 60 | F9: =ROUND(OFFSET('#现网数据参考'!$A$1,MATCH(OFFSET($A9,-MOD(ROW()-1,3),0),'#现网数据参考'!$A:$A,0)-1,MATCH(F$2&$E9,'#现网数据参考'!$3:$3,0)-1)*IF(OFFSET($A9,-MOD(ROW()-1,3),0)<=9,0.6,1),0) -> 1 | G9: =_xlfn.XLOOKUP(OFFSET($A9,-MOD(ROW()-1,3),0),'#出征索引'!A:A,'#出征索引'!B:B)+_xlfn.XLOOKUP(OFFSET($A9,-MOD(ROW()-1,3),0),'#出征索引'!A:A,'#出征索引'!C:C)*_xlfn.XLOOKUP(F9,'#出征索引'!E:E,'#出征索引'!F:F) -> 600 | H9: =ROUND(OFFSET('#现网数据参考'!$A$1,MATCH(OFFSET($A9,-MOD(ROW()-1,3),0),'#现网数据参考'!$A:$A,0)-1,MATCH(H$2&$E9,'#现网数据参考'!$3:$3,0)-1)*IF(OFFSET($A9,-MOD(ROW()-1,3),0)<=9,0.6,1),0) -> 2 | I9: =ROUND(OFFSET('#现网数据参考'!$A$1,MATCH(OFFSET($A9,-MOD(ROW()-1,3),0),'#现网数据参考'!$A:$A,0)-1,MATCH(I$2&$E9,'#现网数据参考'!$3:$3,0)-1)*IF(OFFSET($A9,-MOD(ROW()-1,3),0)<=9,0.6,1),0) -> 1 | J9: =ROUND(OFFSET('#现网数据参考'!$A$1,MATCH(OFFSET($A9,-MOD(ROW()-1,3),0),'#现网数据参考'!$A:$A,0)-1,MATCH(J$2&$E9,'#现网数据参考'!$3:$3,0)-1)*IF(OFFSET($A9,-MOD(ROW()-1,3),0)<=9,0.6,1),0) -> 2 | K9: =ROUND(OFFSET('#现网数据参考'!$A$1,MATCH(OFFSET($A9,-MOD(ROW()-1,3),0),'#现网数据参考'!$A:$A,0)-1,MATCH(K$2&$E9,'#现网数据参考'!$3:$3,0)-1)*IF(OFFSET($A9,-MOD(ROW()-1,3),0)<=9,0.6,1),0) -> 0 | L9: =ROUND(OFFSET('#现网数据参考'!$A$1,MATCH(OFFSET($A9,-MOD(ROW()-1,3),0),'#现网数据参考'!$A:$A,0)-1,MATCH(L$2&$E9,'#现网数据参考'!$3:$3,0)-1),0) -> 3
A10: 3 | B10: =IF($A10="","",ROUND(_xlfn.XLOOKUP($A10,'#现网数据参考'!$A:$A,'#现网数据参考'!G:G)*IF($A10<=9,0.5,1),0)) -> 19364 | C10: =IF($A10="","",ROUND(_xlfn.XLOOKUP($A10,'#现网数据参考'!$A:$A,'#现网数据参考'!P:P),0)) -> 1 | D10: 1 | E10: 20 | F10: =ROUND(OFFSET('#现网数据参考'!$A$1,MATCH(OFFSET($A10,-MOD(ROW()-1,3),0),'#现网数据参考'!$A:$A,0)-1,MATCH(F$2&$E10,'#现网数据参考'!$3:$3,0)-1)*IF(OFFSET($A10,-MOD(ROW()-1,3),0)<=9,0.6,1),0) -> 1 | G10: =_xlfn.XLOOKUP(OFFSET($A10,-MOD(ROW()-1,3),0),'#出征索引'!A:A,'#出征索引'!B:B)+_xlfn.XLOOKUP(OFFSET($A10,-MOD(ROW()-1,3),0),'#出征索引'!A:A,'#出征索引'!C:C)*_xlfn.XLOOKUP(F10,'#出征索引'!E:E,'#出征索引'!F:F) -> 700 | H10: =ROUND(OFFSET('#现网数据参考'!$A$1,MATCH(OFFSET($A10,-MOD(ROW()-1,3),0),'#现网数据参考'!$A:$A,0)-1,MATCH(H$2&$E10,'#现网数据参考'!$3:$3,0)-1)*IF(OFFSET($A10,-MOD(ROW()-1,3),0)<=9,0.6,1),0) -> 1 | I10: =ROUND(OFFSET('#现网数据参考'!$A$1,MATCH(OFFSET($A10,-MOD(ROW()-1,3),0),'#现网数据参考'!$A:$A,0)-1,MATCH(I$2&$E10,'#现网数据参考'!$3:$3,0)-1)*IF(OFFSET($A10,-MOD(ROW()-1,3),0)<=9,0.6,1),0) -> 1 | J10: =ROUND(OFFSET('#现网数据参考'!$A$1,MATCH(OFFSET($A10,-MOD(ROW()-1,3),0),'#现网数据参考'!$A:$A,0)-1,MATCH(J$2&$E10,'#现网数据参考'!$3:$3,0)-1)*IF(OFFSET($A10,-MOD(ROW()-1,3),0)<=9,0.6,1),0) -> 0 | K10: =ROUND(OFFSET('#现网数据参考'!$A$1,MATCH(OFFSET($A10,-MOD(ROW()-1,3),0),'#现网数据参考'!$A:$A,0)-1,MATCH(K$2&$E10,'#现网数据参考'!$3:$3,0)-1)*IF(OFFSET($A10,-MOD(ROW()-1,3),0)<=9,0.6,1),0) -> 0 | L10: =ROUND(OFFSET('#现网数据参考'!$A$1,MATCH(OFFSET($A10,-MOD(ROW()-1,3),0),'#现网数据参考'!$A:$A,0)-1,MATCH(L$2&$E10,'#现网数据参考'!$3:$3,0)-1),0) -> 3
B11: =IF($A11="","",ROUND(_xlfn.XLOOKUP($A11,'#现网数据参考'!$A:$A,'#现网数据参考'!G:G)*IF($A11<=9,0.5,1),0)) | C11: =IF($A11="","",ROUND(_xlfn.XLOOKUP($A11,'#现网数据参考'!$A:$A,'#现网数据参考'!P:P),0)) | D11: 2 | E11: 40 | F11: =ROUND(OFFSET('#现网数据参考'!$A$1,MATCH(OFFSET($A11,-MOD(ROW()-1,3),0),'#现网数据参考'!$A:$A,0)-1,MATCH(F$2&$E11,'#现网数据参考'!$3:$3,0)-1)*IF(OFFSET($A11,-MOD(ROW()-1,3),0)<=9,0.6,1),0) -> 1 | G11: =_xlfn.XLOOKUP(OFFSET($A11,-MOD(ROW()-1,3),0),'#出征索引'!A:A,'#出征索引'!B:B)+_xlfn.XLOOKUP(OFFSET($A11,-MOD(ROW()-1,3),0),'#出征索引'!A:A,'#出征索引'!C:C)*_xlfn.XLOOKUP(F11,'#出征索引'!E:E,'#出征索引'!F:F) -> 700 | H11: =ROUND(OFFSET('#现网数据参考'!$A$1,MATCH(OFFSET($A11,-MOD(ROW()-1,3),0),'#现网数据参考'!$A:$A,0)-1,MATCH(H$2&$E11,'#现网数据参考'!$3:$3,0)-1)*IF(OFFSET($A11,-MOD(ROW()-1,3),0)<=9,0.6,1),0) -> 1 | I11: =ROUND(OFFSET('#现网数据参考'!$A$1,MATCH(OFFSET($A11,-MOD(ROW()-1,3),0),'#现网数据参考'!$A:$A,0)-1,MATCH(I$2&$E11,'#现网数据参考'!$3:$3,0)-1)*IF(OFFSET($A11,-MOD(ROW()-1,3),0)<=9,0.6,1),0) -> 1 | J11: =ROUND(OFFSET('#现网数据参考'!$A$1,MATCH(OFFSET($A11,-MOD(ROW()-1,3),0),'#现网数据参考'!$A:$A,0)-1,MATCH(J$2&$E11,'#现网数据参考'!$3:$3,0)-1)*IF(OFFSET($A11,-MOD(ROW()-1,3),0)<=9,0.6,1),0) -> 1 | K11: =ROUND(OFFSET('#现网数据参考'!$A$1,MATCH(OFFSET($A11,-MOD(ROW()-1,3),0),'#现网数据参考'!$A:$A,0)-1,MATCH(K$2&$E11,'#现网数据参考'!$3:$3,0)-1)*IF(OFFSET($A11,-MOD(ROW()-1,3),0)<=9,0.6,1),0) -> 0 | L11: =ROUND(OFFSET('#现网数据参考'!$A$1,MATCH(OFFSET($A11,-MOD(ROW()-1,3),0),'#现网数据参考'!$A:$A,0)-1,MATCH(L$2&$E11,'#现网数据参考'!$3:$3,0)-1),0) -> 3
B12: =IF($A12="","",ROUND(_xlfn.XLOOKUP($A12,'#现网数据参考'!$A:$A,'#现网数据参考'!G:G)*IF($A12<=9,0.5,1),0)) | C12: =IF($A12="","",ROUND(_xlfn.XLOOKUP($A12,'#现网数据参考'!$A:$A,'#现网数据参考'!P:P),0)) | D12: 3 | E12: 60 | F12: =ROUND(OFFSET('#现网数据参考'!$A$1,MATCH(OFFSET($A12,-MOD(ROW()-1,3),0),'#现网数据参考'!$A:$A,0)-1,MATCH(F$2&$E12,'#现网数据参考'!$3:$3,0)-1)*IF(OFFSET($A12,-MOD(ROW()-1,3),0)<=9,0.6,1),0) -> 1 | G12: =_xlfn.XLOOKUP(OFFSET($A12,-MOD(ROW()-1,3),0),'#出征索引'!A:A,'#出征索引'!B:B)+_xlfn.XLOOKUP(OFFSET($A12,-MOD(ROW()-1,3),0),'#出征索引'!A:A,'#出征索引'!C:C)*_xlfn.XLOOKUP(F12,'#出征索引'!E:E,'#出征索引'!F:F) -> 700 | H12: =ROUND(OFFSET('#现网数据参考'!$A$1,MATCH(OFFSET($A12,-MOD(ROW()-1,3),0),'#现网数据参考'!$A:$A,0)-1,MATCH(H$2&$E12,'#现网数据参考'!$3:$3,0)-1)*IF(OFFSET($A12,-MOD(ROW()-1,3),0)<=9,0.6,1),0) -> 1 | I12: =ROUND(OFFSET('#现网数据参考'!$A$1,MATCH(OFFSET($A12,-MOD(ROW()-1,3),0),'#现网数据参考'!$A:$A,0)-1,MATCH(I$2&$E12,'#现网数据参考'!$3:$3,0)-1)*IF(OFFSET($A12,-MOD(ROW()-1,3),0)<=9,0.6,1),0) -> 1 | J12: =ROUND(OFFSET('#现网数据参考'!$A$1,MATCH(OFFSET($A12,-MOD(ROW()-1,3),0),'#现网数据参考'!$A:$A,0)-1,MATCH(J$2&$E12,'#现网数据参考'!$3:$3,0)-1)*IF(OFFSET($A12,-MOD(ROW()-1,3),0)<=9,0.6,1),0) -> 1 | K12: =ROUND(OFFSET('#现网数据参考'!$A$1,MATCH(OFFSET($A12,-MOD(ROW()-1,3),0),'#现网数据参考'!$A:$A,0)-1,MATCH(K$2&$E12,'#现网数据参考'!$3:$3,0)-1)*IF(OFFSET($A12,-MOD(ROW()-1,3),0)<=9,0.6,1),0) -> 0 | L12: =ROUND(OFFSET('#现网数据参考'!$A$1,MATCH(OFFSET($A12,-MOD(ROW()-1,3),0),'#现网数据参考'!$A:$A,0)-1,MATCH(L$2&$E12,'#现网数据参考'!$3:$3,0)-1),0) -> 3
A13: 4 | B13: =IF($A13="","",ROUND(_xlfn.XLOOKUP($A13,'#现网数据参考'!$A:$A,'#现网数据参考'!G:G)*IF($A13<=9,0.5,1),0)) -> 26368 | C13: =IF($A13="","",ROUND(_xlfn.XLOOKUP($A13,'#现网数据参考'!$A:$A,'#现网数据参考'!P:P),0)) -> 1 | D13: 1 | E13: 20 | F13: =ROUND(OFFSET('#现网数据参考'!$A$1,MATCH(OFFSET($A13,-MOD(ROW()-1,3),0),'#现网数据参考'!$A:$A,0)-1,MATCH(F$2&$E13,'#现网数据参考'!$3:$3,0)-1)*IF(OFFSET($A13,-MOD(ROW()-1,3),0)<=9,0.6,1),0) -> 1 | G13: =_xlfn.XLOOKUP(OFFSET($A13,-MOD(ROW()-1,3),0),'#出征索引'!A:A,'#出征索引'!B:B)+_xlfn.XLOOKUP(OFFSET($A13,-MOD(ROW()-1,3),0),'#出征索引'!A:A,'#出征索引'!C:C)*_xlfn.XLOOKUP(F13,'#出征索引'!E:E,'#出征索引'!F:F) -> 800 | H13: =ROUND(OFFSET('#现网数据参考'!$A$1,MATCH(OFFSET($A13,-MOD(ROW()-1,3),0),'#现网数据参考'!$A:$A,0)-1,MATCH(H$2&$E13,'#现网数据参考'!$3:$3,0)-1)*IF(OFFSET($A13,-MOD(ROW()-1,3),0)<=9,0.6,1),0) -> 1 | I13: =ROUND(OFFSET('#现网数据参考'!$A$1,MATCH(OFFSET($A13,-MOD(ROW()-1,3),0),'#现网数据参考'!$A:$A,0)-1,MATCH(I$2&$E13,'#现网数据参考'!$3:$3,0)-1)*IF(OFFSET($A13,-MOD(ROW()-1,3),0)<=9,0.6,1),0) -> 1 | J13: =ROUND(OFFSET('#现网数据参考'!$A$1,MATCH(OFFSET($A13,-MOD(ROW()-1,3),0),'#现网数据参考'!$A:$A,0)-1,MATCH(J$2&$E13,'#现网数据参考'!$3:$3,0)-1)*IF(OFFSET($A13,-MOD(ROW()-1,3),0)<=9,0.6,1),0) -> 0 | K13: =ROUND(OFFSET('#现网数据参考'!$A$1,MATCH(OFFSET($A13,-MOD(ROW()-1,3),0),'#现网数据参考'!$A:$A,0)-1,MATCH(K$2&$E13,'#现网数据参考'!$3:$3,0)-1)*IF(OFFSET($A13,-MOD(ROW()-1,3),0)<=9,0.6,1),0) -> 0 | L13: =ROUND(OFFSET('#现网数据参考'!$A$1,MATCH(OFFSET($A13,-MOD(ROW()-1,3),0),'#现网数据参考'!$A:$A,0)-1,MATCH(L$2&$E13,'#现网数据参考'!$3:$3,0)-1),0) -> 3
B14: =IF($A14="","",ROUND(_xlfn.XLOOKUP($A14,'#现网数据参考'!$A:$A,'#现网数据参考'!G:G)*IF($A14<=9,0.5,1),0)) | C14: =IF($A14="","",ROUND(_xlfn.XLOOKUP($A14,'#现网数据参考'!$A:$A,'#现网数据参考'!P:P),0)) | D14: 2 | E14: 40 | F14: =ROUND(OFFSET('#现网数据参考'!$A$1,MATCH(OFFSET($A14,-MOD(ROW()-1,3),0),'#现网数据参考'!$A:$A,0)-1,MATCH(F$2&$E14,'#现网数据参考'!$3:$3,0)-1)*IF(OFFSET($A14,-MOD(ROW()-1,3),0)<=9,0.6,1),0) -> 2 | G14: =_xlfn.XLOOKUP(OFFSET($A14,-MOD(ROW()-1,3),0),'#出征索引'!A:A,'#出征索引'!B:B)+_xlfn.XLOOKUP(OFFSET($A14,-MOD(ROW()-1,3),0),'#出征索引'!A:A,'#出征索引'!C:C)*_xlfn.XLOOKUP(F14,'#出征索引'!E:E,'#出征索引'!F:F) -> 1000 | H14: =ROUND(OFFSET('#现网数据参考'!$A$1,MATCH(OFFSET($A14,-MOD(ROW()-1,3),0),'#现网数据参考'!$A:$A,0)-1,MATCH(H$2&$E14,'#现网数据参考'!$3:$3,0)-1)*IF(OFFSET($A14,-MOD(ROW()-1,3),0)<=9,0.6,1),0) -> 1 | I14: =ROUND(OFFSET('#现网数据参考'!$A$1,MATCH(OFFSET($A14,-MOD(ROW()-1,3),0),'#现网数据参考'!$A:$A,0)-1,MATCH(I$2&$E14,'#现网数据参考'!$3:$3,0)-1)*IF(OFFSET($A14,-MOD(ROW()-1,3),0)<=9,0.6,1),0) -> 1 | J14: =ROUND(OFFSET('#现网数据参考'!$A$1,MATCH(OFFSET($A14,-MOD(ROW()-1,3),0),'#现网数据参考'!$A:$A,0)-1,MATCH(J$2&$E14,'#现网数据参考'!$3:$3,0)-1)*IF(OFFSET($A14,-MOD(ROW()-1,3),0)<=9,0.6,1),0) -> 0 | K14: =ROUND(OFFSET('#现网数据参考'!$A$1,MATCH(OFFSET($A14,-MOD(ROW()-1,3),0),'#现网数据参考'!$A:$A,0)-1,MATCH(K$2&$E14,'#现网数据参考'!$3:$3,0)-1)*IF(OFFSET($A14,-MOD(ROW()-1,3),0)<=9,0.6,1),0) -> 0 | L14: =ROUND(OFFSET('#现网数据参考'!$A$1,MATCH(OFFSET($A14,-MOD(ROW()-1,3),0),'#现网数据参考'!$A:$A,0)-1,MATCH(L$2&$E14,'#现网数据参考'!$3:$3,0)-1),0) -> 3
B15: =IF($A15="","",ROUND(_xlfn.XLOOKUP($A15,'#现网数据参考'!$A:$A,'#现网数据参考'!G:G)*IF($A15<=9,0.5,1),0)) | C15: =IF($A15="","",ROUND(_xlfn.XLOOKUP($A15,'#现网数据参考'!$A:$A,'#现网数据参考'!P:P),0)) | D15: 3 | E15: 60 | F15: =ROUND(OFFSET('#现网数据参考'!$A$1,MATCH(OFFSET($A15,-MOD(ROW()-1,3),0),'#现网数据参考'!$A:$A,0)-1,MATCH(F$2&$E15,'#现网数据参考'!$3:$3,0)-1)*IF(OFFSET($A15,-MOD(ROW()-1,3),0)<=9,0.6,1),0) -> 2 | G15: =_xlfn.XLOOKUP(OFFSET($A15,-MOD(ROW()-1,3),0),'#出征索引'!A:A,'#出征索引'!B:B)+_xlfn.XLOOKUP(OFFSET($A15,-MOD(ROW()-1,3),0),'#出征索引'!A:A,'#出征索引'!C:C)*_xlfn.XLOOKUP(F15,'#出征索引'!E:E,'#出征索引'!F:F) -> 1000 | H15: =ROUND(OFFSET('#现网数据参考'!$A$1,MATCH(OFFSET($A15,-MOD(ROW()-1,3),0),'#现网数据参考'!$A:$A,0)-1,MATCH(H$2&$E15,'#现网数据参考'!$3:$3,0)-1)*IF(OFFSET($A15,-MOD(ROW()-1,3),0)<=9,0.6,1),0) -> 2 | I15: =ROUND(OFFSET('#现网数据参考'!$A$1,MATCH(OFFSET($A15,-MOD(ROW()-1,3),0),'#现网数据参考'!$A:$A,0)-1,MATCH(I$2&$E15,'#现网数据参考'!$3:$3,0)-1)*IF(OFFSET($A15,-MOD(ROW()-1,3),0)<=9,0.6,1),0) -> 1 | J15: =ROUND(OFFSET('#现网数据参考'!$A$1,MATCH(OFFSET($A15,-MOD(ROW()-1,3),0),'#现网数据参考'!$A:$A,0)-1,MATCH(J$2&$E15,'#现网数据参考'!$3:$3,0)-1)*IF(OFFSET($A15,-MOD(ROW()-1,3),0)<=9,0.6,1),0) -> 1 | K15: =ROUND(OFFSET('#现网数据参考'!$A$1,MATCH(OFFSET($A15,-MOD(ROW()-1,3),0),'#现网数据参考'!$A:$A,0)-1,MATCH(K$2&$E15,'#现网数据参考'!$3:$3,0)-1)*IF(OFFSET($A15,-MOD(ROW()-1,3),0)<=9,0.6,1),0) -> 0 | L15: =ROUND(OFFSET('#现网数据参考'!$A$1,MATCH(OFFSET($A15,-MOD(ROW()-1,3),0),'#现网数据参考'!$A:$A,0)-1,MATCH(L$2&$E15,'#现网数据参考'!$3:$3,0)-1),0) -> 3
A16: 5 | B16: =IF($A16="","",ROUND(_xlfn.XLOOKUP($A16,'#现网数据参考'!$A:$A,'#现网数据参考'!G:G)*IF($A16<=9,0.5,1),0)) -> 33330 | C16: =IF($A16="","",ROUND(_xlfn.XLOOKUP($A16,'#现网数据参考'!$A:$A,'#现网数据参考'!P:P),0)) -> 1 | D16: 1 | E16: 20 | F16: =ROUND(OFFSET('#现网数据参考'!$A$1,MATCH(OFFSET($A16,-MOD(ROW()-1,3),0),'#现网数据参考'!$A:$A,0)-1,MATCH(F$2&$E16,'#现网数据参考'!$3:$3,0)-1)*IF(OFFSET($A16,-MOD(ROW()-1,3),0)<=9,0.6,1),0) -> 4 | G16: =_xlfn.XLOOKUP(OFFSET($A16,-MOD(ROW()-1,3),0),'#出征索引'!A:A,'#出征索引'!B:B)+_xlfn.XLOOKUP(OFFSET($A16,-MOD(ROW()-1,3),0),'#出征索引'!A:A,'#出征索引'!C:C)*_xlfn.XLOOKUP(F16,'#出征索引'!E:E,'#出征索引'!F:F) -> 1700 | H16: =ROUND(OFFSET('#现网数据参考'!$A$1,MATCH(OFFSET($A16,-MOD(ROW()-1,3),0),'#现网数据参考'!$A:$A,0)-1,MATCH(H$2&$E16,'#现网数据参考'!$3:$3,0)-1)*IF(OFFSET($A16,-MOD(ROW()-1,3),0)<=9,0.6,1),0) -> 1 | I16: =ROUND(OFFSET('#现网数据参考'!$A$1,MATCH(OFFSET($A16,-MOD(ROW()-1,3),0),'#现网数据参考'!$A:$A,0)-1,MATCH(I$2&$E16,'#现网数据参考'!$3:$3,0)-1)*IF(OFFSET($A16,-MOD(ROW()-1,3),0)<=9,0.6,1),0) -> 2 | J16: =ROUND(OFFSET('#现网数据参考'!$A$1,MATCH(OFFSET($A16,-MOD(ROW()-1,3),0),'#现网数据参考'!$A:$A,0)-1,MATCH(J$2&$E16,'#现网数据参考'!$3:$3,0)-1)*IF(OFFSET($A16,-MOD(ROW()-1,3),0)<=9,0.6,1),0) -> 1 | K16: =ROUND(OFFSET('#现网数据参考'!$A$1,MATCH(OFFSET($A16,-MOD(ROW()-1,3),0),'#现网数据参考'!$A:$A,0)-1,MATCH(K$2&$E16,'#现网数据参考'!$3:$3,0)-1)*IF(OFFSET($A16,-MOD(ROW()-1,3),0)<=9,0.6,1),0) -> 0 | L16: =ROUND(OFFSET('#现网数据参考'!$A$1,MATCH(OFFSET($A16,-MOD(ROW()-1,3),0),'#现网数据参考'!$A:$A,0)-1,MATCH(L$2&$E16,'#现网数据参考'!$3:$3,0)-1),0) -> 3
B17: =IF($A17="","",ROUND(_xlfn.XLOOKUP($A17,'#现网数据参考'!$A:$A,'#现网数据参考'!G:G)*IF($A17<=9,0.5,1),0)) | C17: =IF($A17="","",ROUND(_xlfn.XLOOKUP($A17,'#现网数据参考'!$A:$A,'#现网数据参考'!P:P),0)) | D17: 2 | E17: 40 | F17: =ROUND(OFFSET('#现网数据参考'!$A$1,MATCH(OFFSET($A17,-MOD(ROW()-1,3),0),'#现网数据参考'!$A:$A,0)-1,MATCH(F$2&$E17,'#现网数据参考'!$3:$3,0)-1)*IF(OFFSET($A17,-MOD(ROW()-1,3),0)<=9,0.6,1),0) -> 6 | G17: =_xlfn.XLOOKUP(OFFSET($A17,-MOD(ROW()-1,3),0),'#出征索引'!A:A,'#出征索引'!B:B)+_xlfn.XLOOKUP(OFFSET($A17,-MOD(ROW()-1,3),0),'#出征索引'!A:A,'#出征索引'!C:C)*_xlfn.XLOOKUP(F17,'#出征索引'!E:E,'#出征索引'!F:F) -> 2100 | H17: =ROUND(OFFSET('#现网数据参考'!$A$1,MATCH(OFFSET($A17,-MOD(ROW()-1,3),0),'#现网数据参考'!$A:$A,0)-1,MATCH(H$2&$E17,'#现网数据参考'!$3:$3,0)-1)*IF(OFFSET($A17,-MOD(ROW()-1,3),0)<=9,0.6,1),0) -> 1 | I17: =ROUND(OFFSET('#现网数据参考'!$A$1,MATCH(OFFSET($A17,-MOD(ROW()-1,3),0),'#现网数据参考'!$A:$A,0)-1,MATCH(I$2&$E17,'#现网数据参考'!$3:$3,0)-1)*IF(OFFSET($A17,-MOD(ROW()-1,3),0)<=9,0.6,1),0) -> 2 | J17: =ROUND(OFFSET('#现网数据参考'!$A$1,MATCH(OFFSET($A17,-MOD(ROW()-1,3),0),'#现网数据参考'!$A:$A,0)-1,MATCH(J$2&$E17,'#现网数据参考'!$3:$3,0)-1)*IF(OFFSET($A17,-MOD(ROW()-1,3),0)<=9,0.6,1),0) -> 2 | K17: =ROUND(OFFSET('#现网数据参考'!$A$1,MATCH(OFFSET($A17,-MOD(ROW()-1,3),0),'#现网数据参考'!$A:$A,0)-1,MATCH(K$2&$E17,'#现网数据参考'!$3:$3,0)-1)*IF(OFFSET($A17,-MOD(ROW()-1,3),0)<=9,0.6,1),0) -> 0 | L17: =ROUND(OFFSET('#现网数据参考'!$A$1,MATCH(OFFSET($A17,-MOD(ROW()-1,3),0),'#现网数据参考'!$A:$A,0)-1,MATCH(L$2&$E17,'#现网数据参考'!$3:$3,0)-1),0) -> 3
B18: =IF($A18="","",ROUND(_xlfn.XLOOKUP($A18,'#现网数据参考'!$A:$A,'#现网数据参考'!G:G)*IF($A18<=9,0.5,1),0)) | C18: =IF($A18="","",ROUND(_xlfn.XLOOKUP($A18,'#现网数据参考'!$A:$A,'#现网数据参考'!P:P),0)) | D18: 3 | E18: 60 | F18: =ROUND(OFFSET('#现网数据参考'!$A$1,MATCH(OFFSET($A18,-MOD(ROW()-1,3),0),'#现网数据参考'!$A:$A,0)-1,MATCH(F$2&$E18,'#现网数据参考'!$3:$3,0)-1)*IF(OFFSET($A18,-MOD(ROW()-1,3),0)<=9,0.6,1),0) -> 6 | G18: =_xlfn.XLOOKUP(OFFSET($A18,-MOD(ROW()-1,3),0),'#出征索引'!A:A,'#出征索引'!B:B)+_xlfn.XLOOKUP(OFFSET($A18,-MOD(ROW()-1,3),0),'#出征索引'!A:A,'#出征索引'!C:C)*_xlfn.XLOOKUP(F18,'#出征索引'!E:E,'#出征索引'!F:F) -> 2100 | H18: =ROUND(OFFSET('#现网数据参考'!$A$1,MATCH(OFFSET($A18,-MOD(ROW()-1,3),0),'#现网数据参考'!$A:$A,0)-1,MATCH(H$2&$E18,'#现网数据参考'!$3:$3,0)-1)*IF(OFFSET($A18,-MOD(ROW()-1,3),0)<=9,0.6,1),0) -> 1 | I18: =ROUND(OFFSET('#现网数据参考'!$A$1,MATCH(OFFSET($A18,-MOD(ROW()-1,3),0),'#现网数据参考'!$A:$A,0)-1,MATCH(I$2&$E18,'#现网数据参考'!$3:$3,0)-1)*IF(OFFSET($A18,-MOD(ROW()-1,3),0)<=9,0.6,1),0) -> 2 | J18: =ROUND(OFFSET('#现网数据参考'!$A$1,MATCH(OFFSET($A18,-MOD(ROW()-1,3),0),'#现网数据参考'!$A:$A,0)-1,MATCH(J$2&$E18,'#现网数据参考'!$3:$3,0)-1)*IF(OFFSET($A18,-MOD(ROW()-1,3),0)<=9,0.6,1),0) -> 2 | K18: =ROUND(OFFSET('#现网数据参考'!$A$1,MATCH(OFFSET($A18,-MOD(ROW()-1,3),0),'#现网数据参考'!$A:$A,0)-1,MATCH(K$2&$E18,'#现网数据参考'!$3:$3,0)-1)*IF(OFFSET($A18,-MOD(ROW()-1,3),0)<=9,0.6,1),0) -> 0 | L18: =ROUND(OFFSET('#现网数据参考'!$A$1,MATCH(OFFSET($A18,-MOD(ROW()-1,3),0),'#现网数据参考'!$A:$A,0)-1,MATCH(L$2&$E18,'#现网数据参考'!$3:$3,0)-1),0) -> 3
A19: 6 | B19: =IF($A19="","",ROUND(_xlfn.XLOOKUP($A19,'#现网数据参考'!$A:$A,'#现网数据参考'!G:G)*IF($A19<=9,0.5,1),0)) -> 41499 | C19: =IF($A19="","",ROUND(_xlfn.XLOOKUP($A19,'#现网数据参考'!$A:$A,'#现网数据参考'!P:P),0)) -> 1 | D19: 1 | E19: 20 | F19: =ROUND(OFFSET('#现网数据参考'!$A$1,MATCH(OFFSET($A19,-MOD(ROW()-1,3),0),'#现网数据参考'!$A:$A,0)-1,MATCH(F$2&$E19,'#现网数据参考'!$3:$3,0)-1)*IF(OFFSET($A19,-MOD(ROW()-1,3),0)<=9,0.6,1),0) -> 6 | G19: =_xlfn.XLOOKUP(OFFSET($A19,-MOD(ROW()-1,3),0),'#出征索引'!A:A,'#出征索引'!B:B)+_xlfn.XLOOKUP(OFFSET($A19,-MOD(ROW()-1,3),0),'#出征索引'!A:A,'#出征索引'!C:C)*_xlfn.XLOOKUP(F19,'#出征索引'!E:E,'#出征索引'!F:F) -> 2400 | H19: =ROUND(OFFSET('#现网数据参考'!$A$1,MATCH(OFFSET($A19,-MOD(ROW()-1,3),0),'#现网数据参考'!$A:$A,0)-1,MATCH(H$2&$E19,'#现网数据参考'!$3:$3,0)-1)*IF(OFFSET($A19,-MOD(ROW()-1,3),0)<=9,0.6,1),0) -> 1 | I19: =ROUND(OFFSET('#现网数据参考'!$A$1,MATCH(OFFSET($A19,-MOD(ROW()-1,3),0),'#现网数据参考'!$A:$A,0)-1,MATCH(I$2&$E19,'#现网数据参考'!$3:$3,0)-1)*IF(OFFSET($A19,-MOD(ROW()-1,3),0)<=9,0.6,1),0) -> 2 | J19: =ROUND(OFFSET('#现网数据参考'!$A$1,MATCH(OFFSET($A19,-MOD(ROW()-1,3),0),'#现网数据参考'!$A:$A,0)-1,MATCH(J$2&$E19,'#现网数据参考'!$3:$3,0)-1)*IF(OFFSET($A19,-MOD(ROW()-1,3),0)<=9,0.6,1),0) -> 2 | K19: =ROUND(OFFSET('#现网数据参考'!$A$1,MATCH(OFFSET($A19,-MOD(ROW()-1,3),0),'#现网数据参考'!$A:$A,0)-1,MATCH(K$2&$E19,'#现网数据参考'!$3:$3,0)-1)*IF(OFFSET($A19,-MOD(ROW()-1,3),0)<=9,0.6,1),0) -> 0 | L19: =ROUND(OFFSET('#现网数据参考'!$A$1,MATCH(OFFSET($A19,-MOD(ROW()-1,3),0),'#现网数据参考'!$A:$A,0)-1,MATCH(L$2&$E19,'#现网数据参考'!$3:$3,0)-1),0) -> 3
B20: =IF($A20="","",ROUND(_xlfn.XLOOKUP($A20,'#现网数据参考'!$A:$A,'#现网数据参考'!G:G)*IF($A20<=9,0.5,1),0)) | C20: =IF($A20="","",ROUND(_xlfn.XLOOKUP($A20,'#现网数据参考'!$A:$A,'#现网数据参考'!P:P),0)) | D20: 2 | E20: 40 | F20: =ROUND(OFFSET('#现网数据参考'!$A$1,MATCH(OFFSET($A20,-MOD(ROW()-1,3),0),'#现网数据参考'!$A:$A,0)-1,MATCH(F$2&$E20,'#现网数据参考'!$3:$3,0)-1)*IF(OFFSET($A20,-MOD(ROW()-1,3),0)<=9,0.6,1),0) -> 6 | G20: =_xlfn.XLOOKUP(OFFSET($A20,-MOD(ROW()-1,3),0),'#出征索引'!A:A,'#出征索引'!B:B)+_xlfn.XLOOKUP(OFFSET($A20,-MOD(ROW()-1,3),0),'#出征索引'!A:A,'#出征索引'!C:C)*_xlfn.XLOOKUP(F20,'#出征索引'!E:E,'#出征索引'!F:F) -> 2400 | H20: =ROUND(OFFSET('#现网数据参考'!$A$1,MATCH(OFFSET($A20,-MOD(ROW()-1,3),0),'#现网数据参考'!$A:$A,0)-1,MATCH(H$2&$E20,'#现网数据参考'!$3:$3,0)-1)*IF(OFFSET($A20,-MOD(ROW()-1,3),0)<=9,0.6,1),0) -> 2 | I20: =ROUND(OFFSET('#现网数据参考'!$A$1,MATCH(OFFSET($A20,-MOD(ROW()-1,3),0),'#现网数据参考'!$A:$A,0)-1,MATCH(I$2&$E20,'#现网数据参考'!$3:$3,0)-1)*IF(OFFSET($A20,-MOD(ROW()-1,3),0)<=9,0.6,1),0) -> 2 | J20: =ROUND(OFFSET('#现网数据参考'!$A$1,MATCH(OFFSET($A20,-MOD(ROW()-1,3),0),'#现网数据参考'!$A:$A,0)-1,MATCH(J$2&$E20,'#现网数据参考'!$3:$3,0)-1)*IF(OFFSET($A20,-MOD(ROW()-1,3),0)<=9,0.6,1),0) -> 2 | K20: =ROUND(OFFSET('#现网数据参考'!$A$1,MATCH(OFFSET($A20,-MOD(ROW()-1,3),0),'#现网数据参考'!$A:$A,0)-1,MATCH(K$2&$E20,'#现网数据参考'!$3:$3,0)-1)*IF(OFFSET($A20,-MOD(ROW()-1,3),0)<=9,0.6,1),0) -> 0 | L20: =ROUND(OFFSET('#现网数据参考'!$A$1,MATCH(OFFSET($A20,-MOD(ROW()-1,3),0),'#现网数据参考'!$A:$A,0)-1,MATCH(L$2&$E20,'#现网数据参考'!$3:$3,0)-1),0) -> 3
B21: =IF($A21="","",ROUND(_xlfn.XLOOKUP($A21,'#现网数据参考'!$A:$A,'#现网数据参考'!G:G)*IF($A21<=9,0.5,1),0)) | C21: =IF($A21="","",ROUND(_xlfn.XLOOKUP($A21,'#现网数据参考'!$A:$A,'#现网数据参考'!P:P),0)) | D21: 3 | E21: 60 | F21: =ROUND(OFFSET('#现网数据参考'!$A$1,MATCH(OFFSET($A21,-MOD(ROW()-1,3),0),'#现网数据参考'!$A:$A,0)-1,MATCH(F$2&$E21,'#现网数据参考'!$3:$3,0)-1)*IF(OFFSET($A21,-MOD(ROW()-1,3),0)<=9,0.6,1),0) -> 8 | G21: =_xlfn.XLOOKUP(OFFSET($A21,-MOD(ROW()-1,3),0),'#出征索引'!A:A,'#出征索引'!B:B)+_xlfn.XLOOKUP(OFFSET($A21,-MOD(ROW()-1,3),0),'#出征索引'!A:A,'#出征索引'!C:C)*_xlfn.XLOOKUP(F21,'#出征索引'!E:E,'#出征索引'!F:F) -> 2800 | H21: =ROUND(OFFSET('#现网数据参考'!$A$1,MATCH(OFFSET($A21,-MOD(ROW()-1,3),0),'#现网数据参考'!$A:$A,0)-1,MATCH(H$2&$E21,'#现网数据参考'!$3:$3,0)-1)*IF(OFFSET($A21,-MOD(ROW()-1,3),0)<=9,0.6,1),0) -> 2 | I21: =ROUND(OFFSET('#现网数据参考'!$A$1,MATCH(OFFSET($A21,-MOD(ROW()-1,3),0),'#现网数据参考'!$A:$A,0)-1,MATCH(I$2&$E21,'#现网数据参考'!$3:$3,0)-1)*IF(OFFSET($A21,-MOD(ROW()-1,3),0)<=9,0.6,1),0) -> 2 | J21: =ROUND(OFFSET('#现网数据参考'!$A$1,MATCH(OFFSET($A21,-MOD(ROW()-1,3),0),'#现网数据参考'!$A:$A,0)-1,MATCH(J$2&$E21,'#现网数据参考'!$3:$3,0)-1)*IF(OFFSET($A21,-MOD(ROW()-1,3),0)<=9,0.6,1),0) -> 3 | K21: =ROUND(OFFSET('#现网数据参考'!$A$1,MATCH(OFFSET($A21,-MOD(ROW()-1,3),0),'#现网数据参考'!$A:$A,0)-1,MATCH(K$2&$E21,'#现网数据参考'!$3:$3,0)-1)*IF(OFFSET($A21,-MOD(ROW()-1,3),0)<=9,0.6,1),0) -> 0 | L21: =ROUND(OFFSET('#现网数据参考'!$A$1,MATCH(OFFSET($A21,-MOD(ROW()-1,3),0),'#现网数据参考'!$A:$A,0)-1,MATCH(L$2&$E21,'#现网数据参考'!$3:$3,0)-1),0) -> 3
A22: 7 | B22: =IF($A22="","",ROUND(_xlfn.XLOOKUP($A22,'#现网数据参考'!$A:$A,'#现网数据参考'!G:G)*IF($A22<=9,0.5,1),0)) -> 50856 | C22: =IF($A22="","",ROUND(_xlfn.XLOOKUP($A22,'#现网数据参考'!$A:$A,'#现网数据参考'!P:P),0)) -> 2 | D22: 1 | E22: 20 | F22: =ROUND(OFFSET('#现网数据参考'!$A$1,MATCH(OFFSET($A22,-MOD(ROW()-1,3),0),'#现网数据参考'!$A:$A,0)-1,MATCH(F$2&$E22,'#现网数据参考'!$3:$3,0)-1)*IF(OFFSET($A22,-MOD(ROW()-1,3),0)<=9,0.6,1),0) -> 6 | G22: =_xlfn.XLOOKUP(OFFSET($A22,-MOD(ROW()-1,3),0),'#出征索引'!A:A,'#出征索引'!B:B)+_xlfn.XLOOKUP(OFFSET($A22,-MOD(ROW()-1,3),0),'#出征索引'!A:A,'#出征索引'!C:C)*_xlfn.XLOOKUP(F22,'#出征索引'!E:E,'#出征索引'!F:F) -> 2900 | H22: =ROUND(OFFSET('#现网数据参考'!$A$1,MATCH(OFFSET($A22,-MOD(ROW()-1,3),0),'#现网数据参考'!$A:$A,0)-1,MATCH(H$2&$E22,'#现网数据参考'!$3:$3,0)-1)*IF(OFFSET($A22,-MOD(ROW()-1,3),0)<=9,0.6,1),0) -> 2 | I22: =ROUND(OFFSET('#现网数据参考'!$A$1,MATCH(OFFSET($A22,-MOD(ROW()-1,3),0),'#现网数据参考'!$A:$A,0)-1,MATCH(I$2&$E22,'#现网数据参考'!$3:$3,0)-1)*IF(OFFSET($A22,-MOD(ROW()-1,3),0)<=9,0.6,1),0) -> 2 | J22: =ROUND(OFFSET('#现网数据参考'!$A$1,MATCH(OFFSET($A22,-MOD(ROW()-1,3),0),'#现网数据参考'!$A:$A,0)-1,MATCH(J$2&$E22,'#现网数据参考'!$3:$3,0)-1)*IF(OFFSET($A22,-MOD(ROW()-1,3),0)<=9,0.6,1),0) -> 2 | K22: =ROUND(OFFSET('#现网数据参考'!$A$1,MATCH(OFFSET($A22,-MOD(ROW()-1,3),0),'#现网数据参考'!$A:$A,0)-1,MATCH(K$2&$E22,'#现网数据参考'!$3:$3,0)-1)*IF(OFFSET($A22,-MOD(ROW()-1,3),0)<=9,0.6,1),0) -> 0 | L22: =ROUND(OFFSET('#现网数据参考'!$A$1,MATCH(OFFSET($A22,-MOD(ROW()-1,3),0),'#现网数据参考'!$A:$A,0)-1,MATCH(L$2&$E22,'#现网数据参考'!$3:$3,0)-1),0) -> 3
B23: =IF($A23="","",ROUND(_xlfn.XLOOKUP($A23,'#现网数据参考'!$A:$A,'#现网数据参考'!G:G)*IF($A23<=9,0.5,1),0)) | C23: =IF($A23="","",ROUND(_xlfn.XLOOKUP($A23,'#现网数据参考'!$A:$A,'#现网数据参考'!P:P),0)) | D23: 2 | E23: 40 | F23: =ROUND(OFFSET('#现网数据参考'!$A$1,MATCH(OFFSET($A23,-MOD(ROW()-1,3),0),'#现网数据参考'!$A:$A,0)-1,MATCH(F$2&$E23,'#现网数据参考'!$3:$3,0)-1)*IF(OFFSET($A23,-MOD(ROW()-1,3),0)<=9,0.6,1),0) -> 7 | G23: =_xlfn.XLOOKUP(OFFSET($A23,-MOD(ROW()-1,3),0),'#出征索引'!A:A,'#出征索引'!B:B)+_xlfn.XLOOKUP(OFFSET($A23,-MOD(ROW()-1,3),0),'#出征索引'!A:A,'#出征索引'!C:C)*_xlfn.XLOOKUP(F23,'#出征索引'!E:E,'#出征索引'!F:F) -> 3100 | H23: =ROUND(OFFSET('#现网数据参考'!$A$1,MATCH(OFFSET($A23,-MOD(ROW()-1,3),0),'#现网数据参考'!$A:$A,0)-1,MATCH(H$2&$E23,'#现网数据参考'!$3:$3,0)-1)*IF(OFFSET($A23,-MOD(ROW()-1,3),0)<=9,0.6,1),0) -> 2 | I23: =ROUND(OFFSET('#现网数据参考'!$A$1,MATCH(OFFSET($A23,-MOD(ROW()-1,3),0),'#现网数据参考'!$A:$A,0)-1,MATCH(I$2&$E23,'#现网数据参考'!$3:$3,0)-1)*IF(OFFSET($A23,-MOD(ROW()-1,3),0)<=9,0.6,1),0) -> 3 | J23: =ROUND(OFFSET('#现网数据参考'!$A$1,MATCH(OFFSET($A23,-MOD(ROW()-1,3),0),'#现网数据参考'!$A:$A,0)-1,MATCH(J$2&$E23,'#现网数据参考'!$3:$3,0)-1)*IF(OFFSET($A23,-MOD(ROW()-1,3),0)<=9,0.6,1),0) -> 2 | K23: =ROUND(OFFSET('#现网数据参考'!$A$1,MATCH(OFFSET($A23,-MOD(ROW()-1,3),0),'#现网数据参考'!$A:$A,0)-1,MATCH(K$2&$E23,'#现网数据参考'!$3:$3,0)-1)*IF(OFFSET($A23,-MOD(ROW()-1,3),0)<=9,0.6,1),0) -> 0 | L23: =ROUND(OFFSET('#现网数据参考'!$A$1,MATCH(OFFSET($A23,-MOD(ROW()-1,3),0),'#现网数据参考'!$A:$A,0)-1,MATCH(L$2&$E23,'#现网数据参考'!$3:$3,0)-1),0) -> 3
B24: =IF($A24="","",ROUND(_xlfn.XLOOKUP($A24,'#现网数据参考'!$A:$A,'#现网数据参考'!G:G)*IF($A24<=9,0.5,1),0)) | C24: =IF($A24="","",ROUND(_xlfn.XLOOKUP($A24,'#现网数据参考'!$A:$A,'#现网数据参考'!P:P),0)) | D24: 3 | E24: 60 | F24: =ROUND(OFFSET('#现网数据参考'!$A$1,MATCH(OFFSET($A24,-MOD(ROW()-1,3),0),'#现网数据参考'!$A:$A,0)-1,MATCH(F$2&$E24,'#现网数据参考'!$3:$3,0)-1)*IF(OFFSET($A24,-MOD(ROW()-1,3),0)<=9,0.6,1),0) -> 9 | G24: =_xlfn.XLOOKUP(OFFSET($A24,-MOD(ROW()-1,3),0),'#出征索引'!A:A,'#出征索引'!B:B)+_xlfn.XLOOKUP(OFFSET($A24,-MOD(ROW()-1,3),0),'#出征索引'!A:A,'#出征索引'!C:C)*_xlfn.XLOOKUP(F24,'#出征索引'!E:E,'#出征索引'!F:F) -> 3500 | H24: =ROUND(OFFSET('#现网数据参考'!$A$1,MATCH(OFFSET($A24,-MOD(ROW()-1,3),0),'#现网数据参考'!$A:$A,0)-1,MATCH(H$2&$E24,'#现网数据参考'!$3:$3,0)-1)*IF(OFFSET($A24,-MOD(ROW()-1,3),0)<=9,0.6,1),0) -> 4 | I24: =ROUND(OFFSET('#现网数据参考'!$A$1,MATCH(OFFSET($A24,-MOD(ROW()-1,3),0),'#现网数据参考'!$A:$A,0)-1,MATCH(I$2&$E24,'#现网数据参考'!$3:$3,0)-1)*IF(OFFSET($A24,-MOD(ROW()-1,3),0)<=9,0.6,1),0) -> 3 | J24: =ROUND(OFFSET('#现网数据参考'!$A$1,MATCH(OFFSET($A24,-MOD(ROW()-1,3),0),'#现网数据参考'!$A:$A,0)-1,MATCH(J$2&$E24,'#现网数据参考'!$3:$3,0)-1)*IF(OFFSET($A24,-MOD(ROW()-1,3),0)<=9,0.6,1),0) -> 3 | K24: =ROUND(OFFSET('#现网数据参考'!$A$1,MATCH(OFFSET($A24,-MOD(ROW()-1,3),0),'#现网数据参考'!$A:$A,0)-1,MATCH(K$2&$E24,'#现网数据参考'!$3:$3,0)-1)*IF(OFFSET($A24,-MOD(ROW()-1,3),0)<=9,0.6,1),0) -> 0 | L24: =ROUND(OFFSET('#现网数据参考'!$A$1,MATCH(OFFSET($A24,-MOD(ROW()-1,3),0),'#现网数据参考'!$A:$A,0)-1,MATCH(L$2&$E24,'#现网数据参考'!$3:$3,0)-1),0) -> 3
A25: 8 | B25: =IF($A25="","",ROUND(_xlfn.XLOOKUP($A25,'#现网数据参考'!$A:$A,'#现网数据参考'!G:G)*IF($A25<=9,0.5,1),0)) -> 60209 | C25: =IF($A25="","",ROUND(_xlfn.XLOOKUP($A25,'#现网数据参考'!$A:$A,'#现网数据参考'!P:P),0)) -> 2 | D25: 1 | E25: 20 | F25: =ROUND(OFFSET('#现网数据参考'!$A$1,MATCH(OFFSET($A25,-MOD(ROW()-1,3),0),'#现网数据参考'!$A:$A,0)-1,MATCH(F$2&$E25,'#现网数据参考'!$3:$3,0)-1)*IF(OFFSET($A25,-MOD(ROW()-1,3),0)<=9,0.6,1),0) -> 7 | G25: =_xlfn.XLOOKUP(OFFSET($A25,-MOD(ROW()-1,3),0),'#出征索引'!A:A,'#出征索引'!B:B)+_xlfn.XLOOKUP(OFFSET($A25,-MOD(ROW()-1,3),0),'#出征索引'!A:A,'#出征索引'!C:C)*_xlfn.XLOOKUP(F25,'#出征索引'!E:E,'#出征索引'!F:F) -> 3600 | H25: =ROUND(OFFSET('#现网数据参考'!$A$1,MATCH(OFFSET($A25,-MOD(ROW()-1,3),0),'#现网数据参考'!$A:$A,0)-1,MATCH(H$2&$E25,'#现网数据参考'!$3:$3,0)-1)*IF(OFFSET($A25,-MOD(ROW()-1,3),0)<=9,0.6,1),0) -> 2 | I25: =ROUND(OFFSET('#现网数据参考'!$A$1,MATCH(OFFSET($A25,-MOD(ROW()-1,3),0),'#现网数据参考'!$A:$A,0)-1,MATCH(I$2&$E25,'#现网数据参考'!$3:$3,0)-1)*IF(OFFSET($A25,-MOD(ROW()-1,3),0)<=9,0.6,1),0) -> 3 | J25: =ROUND(OFFSET('#现网数据参考'!$A$1,MATCH(OFFSET($A25,-MOD(ROW()-1,3),0),'#现网数据参考'!$A:$A,0)-1,MATCH(J$2&$E25,'#现网数据参考'!$3:$3,0)-1)*IF(OFFSET($A25,-MOD(ROW()-1,3),0)<=9,0.6,1),0) -> 2 | K25: =ROUND(OFFSET('#现网数据参考'!$A$1,MATCH(OFFSET($A25,-MOD(ROW()-1,3),0),'#现网数据参考'!$A:$A,0)-1,MATCH(K$2&$E25,'#现网数据参考'!$3:$3,0)-1)*IF(OFFSET($A25,-MOD(ROW()-1,3),0)<=9,0.6,1),0) -> 0 | L25: =ROUND(OFFSET('#现网数据参考'!$A$1,MATCH(OFFSET($A25,-MOD(ROW()-1,3),0),'#现网数据参考'!$A:$A,0)-1,MATCH(L$2&$E25,'#现网数据参考'!$3:$3,0)-1),0) -> 3
B26: =IF($A26="","",ROUND(_xlfn.XLOOKUP($A26,'#现网数据参考'!$A:$A,'#现网数据参考'!G:G)*IF($A26<=9,0.5,1),0)) | C26: =IF($A26="","",ROUND(_xlfn.XLOOKUP($A26,'#现网数据参考'!$A:$A,'#现网数据参考'!P:P),0)) | D26: 2 | E26: 40 | F26: =ROUND(OFFSET('#现网数据参考'!$A$1,MATCH(OFFSET($A26,-MOD(ROW()-1,3),0),'#现网数据参考'!$A:$A,0)-1,MATCH(F$2&$E26,'#现网数据参考'!$3:$3,0)-1)*IF(OFFSET($A26,-MOD(ROW()-1,3),0)<=9,0.6,1),0) -> 9 | G26: =_xlfn.XLOOKUP(OFFSET($A26,-MOD(ROW()-1,3),0),'#出征索引'!A:A,'#出征索引'!B:B)+_xlfn.XLOOKUP(OFFSET($A26,-MOD(ROW()-1,3),0),'#出征索引'!A:A,'#出征索引'!C:C)*_xlfn.XLOOKUP(F26,'#出征索引'!E:E,'#出征索引'!F:F) -> 4000 | H26: =ROUND(OFFSET('#现网数据参考'!$A$1,MATCH(OFFSET($A26,-MOD(ROW()-1,3),0),'#现网数据参考'!$A:$A,0)-1,MATCH(H$2&$E26,'#现网数据参考'!$3:$3,0)-1)*IF(OFFSET($A26,-MOD(ROW()-1,3),0)<=9,0.6,1),0) -> 2 | I26: =ROUND(OFFSET('#现网数据参考'!$A$1,MATCH(OFFSET($A26,-MOD(ROW()-1,3),0),'#现网数据参考'!$A:$A,0)-1,MATCH(I$2&$E26,'#现网数据参考'!$3:$3,0)-1)*IF(OFFSET($A26,-MOD(ROW()-1,3),0)<=9,0.6,1),0) -> 3 | J26: =ROUND(OFFSET('#现网数据参考'!$A$1,MATCH(OFFSET($A26,-MOD(ROW()-1,3),0),'#现网数据参考'!$A:$A,0)-1,MATCH(J$2&$E26,'#现网数据参考'!$3:$3,0)-1)*IF(OFFSET($A26,-MOD(ROW()-1,3),0)<=9,0.6,1),0) -> 3 | K26: =ROUND(OFFSET('#现网数据参考'!$A$1,MATCH(OFFSET($A26,-MOD(ROW()-1,3),0),'#现网数据参考'!$A:$A,0)-1,MATCH(K$2&$E26,'#现网数据参考'!$3:$3,0)-1)*IF(OFFSET($A26,-MOD(ROW()-1,3),0)<=9,0.6,1),0) -> 0 | L26: =ROUND(OFFSET('#现网数据参考'!$A$1,MATCH(OFFSET($A26,-MOD(ROW()-1,3),0),'#现网数据参考'!$A:$A,0)-1,MATCH(L$2&$E26,'#现网数据参考'!$3:$3,0)-1),0) -> 3
B27: =IF($A27="","",ROUND(_xlfn.XLOOKUP($A27,'#现网数据参考'!$A:$A,'#现网数据参考'!G:G)*IF($A27<=9,0.5,1),0)) | C27: =IF($A27="","",ROUND(_xlfn.XLOOKUP($A27,'#现网数据参考'!$A:$A,'#现网数据参考'!P:P),0)) | D27: 3 | E27: 60 | F27: =ROUND(OFFSET('#现网数据参考'!$A$1,MATCH(OFFSET($A27,-MOD(ROW()-1,3),0),'#现网数据参考'!$A:$A,0)-1,MATCH(F$2&$E27,'#现网数据参考'!$3:$3,0)-1)*IF(OFFSET($A27,-MOD(ROW()-1,3),0)<=9,0.6,1),0) -> 11 | G27: =_xlfn.XLOOKUP(OFFSET($A27,-MOD(ROW()-1,3),0),'#出征索引'!A:A,'#出征索引'!B:B)+_xlfn.XLOOKUP(OFFSET($A27,-MOD(ROW()-1,3),0),'#出征索引'!A:A,'#出征索引'!C:C)*_xlfn.XLOOKUP(F27,'#出征索引'!E:E,'#出征索引'!F:F) -> 4400 | H27: =ROUND(OFFSET('#现网数据参考'!$A$1,MATCH(OFFSET($A27,-MOD(ROW()-1,3),0),'#现网数据参考'!$A:$A,0)-1,MATCH(H$2&$E27,'#现网数据参考'!$3:$3,0)-1)*IF(OFFSET($A27,-MOD(ROW()-1,3),0)<=9,0.6,1),0) -> 5 | I27: =ROUND(OFFSET('#现网数据参考'!$A$1,MATCH(OFFSET($A27,-MOD(ROW()-1,3),0),'#现网数据参考'!$A:$A,0)-1,MATCH(I$2&$E27,'#现网数据参考'!$3:$3,0)-1)*IF(OFFSET($A27,-MOD(ROW()-1,3),0)<=9,0.6,1),0) -> 3 | J27: =ROUND(OFFSET('#现网数据参考'!$A$1,MATCH(OFFSET($A27,-MOD(ROW()-1,3),0),'#现网数据参考'!$A:$A,0)-1,MATCH(J$2&$E27,'#现网数据参考'!$3:$3,0)-1)*IF(OFFSET($A27,-MOD(ROW()-1,3),0)<=9,0.6,1),0) -> 3 | K27: =ROUND(OFFSET('#现网数据参考'!$A$1,MATCH(OFFSET($A27,-MOD(ROW()-1,3),0),'#现网数据参考'!$A:$A,0)-1,MATCH(K$2&$E27,'#现网数据参考'!$3:$3,0)-1)*IF(OFFSET($A27,-MOD(ROW()-1,3),0)<=9,0.6,1),0) -> 0 | L27: =ROUND(OFFSET('#现网数据参考'!$A$1,MATCH(OFFSET($A27,-MOD(ROW()-1,3),0),'#现网数据参考'!$A:$A,0)-1,MATCH(L$2&$E27,'#现网数据参考'!$3:$3,0)-1),0) -> 3
A28: 9 | B28: =IF($A28="","",ROUND(_xlfn.XLOOKUP($A28,'#现网数据参考'!$A:$A,'#现网数据参考'!G:G)*IF($A28<=9,0.5,1),0)) -> 77491 | C28: =IF($A28="","",ROUND(_xlfn.XLOOKUP($A28,'#现网数据参考'!$A:$A,'#现网数据参考'!P:P),0)) -> 2 | D28: 1 | E28: 20 | F28: =ROUND(OFFSET('#现网数据参考'!$A$1,MATCH(OFFSET($A28,-MOD(ROW()-1,3),0),'#现网数据参考'!$A:$A,0)-1,MATCH(F$2&$E28,'#现网数据参考'!$3:$3,0)-1)*IF(OFFSET($A28,-MOD(ROW()-1,3),0)<=9,0.6,1),0) -> 8 | G28: =_xlfn.XLOOKUP(OFFSET($A28,-MOD(ROW()-1,3),0),'#出征索引'!A:A,'#出征索引'!B:B)+_xlfn.XLOOKUP(OFFSET($A28,-MOD(ROW()-1,3),0),'#出征索引'!A:A,'#出征索引'!C:C)*_xlfn.XLOOKUP(F28,'#出征索引'!E:E,'#出征索引'!F:F) -> 4300 | H28: =ROUND(OFFSET('#现网数据参考'!$A$1,MATCH(OFFSET($A28,-MOD(ROW()-1,3),0),'#现网数据参考'!$A:$A,0)-1,MATCH(H$2&$E28,'#现网数据参考'!$3:$3,0)-1)*IF(OFFSET($A28,-MOD(ROW()-1,3),0)<=9,0.6,1),0) -> 2 | I28: =ROUND(OFFSET('#现网数据参考'!$A$1,MATCH(OFFSET($A28,-MOD(ROW()-1,3),0),'#现网数据参考'!$A:$A,0)-1,MATCH(I$2&$E28,'#现网数据参考'!$3:$3,0)-1)*IF(OFFSET($A28,-MOD(ROW()-1,3),0)<=9,0.6,1),0) -> 3 | J28: =ROUND(OFFSET('#现网数据参考'!$A$1,MATCH(OFFSET($A28,-MOD(ROW()-1,3),0),'#现网数据参考'!$A:$A,0)-1,MATCH(J$2&$E28,'#现网数据参考'!$3:$3,0)-1)*IF(OFFSET($A28,-MOD(ROW()-1,3),0)<=9,0.6,1),0) -> 2 | K28: =ROUND(OFFSET('#现网数据参考'!$A$1,MATCH(OFFSET($A28,-MOD(ROW()-1,3),0),'#现网数据参考'!$A:$A,0)-1,MATCH(K$2&$E28,'#现网数据参考'!$3:$3,0)-1)*IF(OFFSET($A28,-MOD(ROW()-1,3),0)<=9,0.6,1),0) -> 0 | L28: =ROUND(OFFSET('#现网数据参考'!$A$1,MATCH(OFFSET($A28,-MOD(ROW()-1,3),0),'#现网数据参考'!$A:$A,0)-1,MATCH(L$2&$E28,'#现网数据参考'!$3:$3,0)-1),0) -> 3
B29: =IF($A29="","",ROUND(_xlfn.XLOOKUP($A29,'#现网数据参考'!$A:$A,'#现网数据参考'!G:G)*IF($A29<=9,0.5,1),0)) | C29: =IF($A29="","",ROUND(_xlfn.XLOOKUP($A29,'#现网数据参考'!$A:$A,'#现网数据参考'!P:P),0)) | D29: 2 | E29: 40 | F29: =ROUND(OFFSET('#现网数据参考'!$A$1,MATCH(OFFSET($A29,-MOD(ROW()-1,3),0),'#现网数据参考'!$A:$A,0)-1,MATCH(F$2&$E29,'#现网数据参考'!$3:$3,0)-1)*IF(OFFSET($A29,-MOD(ROW()-1,3),0)<=9,0.6,1),0) -> 10 | G29: =_xlfn.XLOOKUP(OFFSET($A29,-MOD(ROW()-1,3),0),'#出征索引'!A:A,'#出征索引'!B:B)+_xlfn.XLOOKUP(OFFSET($A29,-MOD(ROW()-1,3),0),'#出征索引'!A:A,'#出征索引'!C:C)*_xlfn.XLOOKUP(F29,'#出征索引'!E:E,'#出征索引'!F:F) -> 4700 | H29: =ROUND(OFFSET('#现网数据参考'!$A$1,MATCH(OFFSET($A29,-MOD(ROW()-1,3),0),'#现网数据参考'!$A:$A,0)-1,MATCH(H$2&$E29,'#现网数据参考'!$3:$3,0)-1)*IF(OFFSET($A29,-MOD(ROW()-1,3),0)<=9,0.6,1),0) -> 4 | I29: =ROUND(OFFSET('#现网数据参考'!$A$1,MATCH(OFFSET($A29,-MOD(ROW()-1,3),0),'#现网数据参考'!$A:$A,0)-1,MATCH(I$2&$E29,'#现网数据参考'!$3:$3,0)-1)*IF(OFFSET($A29,-MOD(ROW()-1,3),0)<=9,0.6,1),0) -> 3 | J29: =ROUND(OFFSET('#现网数据参考'!$A$1,MATCH(OFFSET($A29,-MOD(ROW()-1,3),0),'#现网数据参考'!$A:$A,0)-1,MATCH(J$2&$E29,'#现网数据参考'!$3:$3,0)-1)*IF(OFFSET($A29,-MOD(ROW()-1,3),0)<=9,0.6,1),0) -> 3 | K29: =ROUND(OFFSET('#现网数据参考'!$A$1,MATCH(OFFSET($A29,-MOD(ROW()-1,3),0),'#现网数据参考'!$A:$A,0)-1,MATCH(K$2&$E29,'#现网数据参考'!$3:$3,0)-1)*IF(OFFSET($A29,-MOD(ROW()-1,3),0)<=9,0.6,1),0) -> 0 | L29: =ROUND(OFFSET('#现网数据参考'!$A$1,MATCH(OFFSET($A29,-MOD(ROW()-1,3),0),'#现网数据参考'!$A:$A,0)-1,MATCH(L$2&$E29,'#现网数据参考'!$3:$3,0)-1),0) -> 3
B30: =IF($A30="","",ROUND(_xlfn.XLOOKUP($A30,'#现网数据参考'!$A:$A,'#现网数据参考'!G:G)*IF($A30<=9,0.5,1),0)) | C30: =IF($A30="","",ROUND(_xlfn.XLOOKUP($A30,'#现网数据参考'!$A:$A,'#现网数据参考'!P:P),0)) | D30: 3 | E30: 60 | F30: =ROUND(OFFSET('#现网数据参考'!$A$1,MATCH(OFFSET($A30,-MOD(ROW()-1,3),0),'#现网数据参考'!$A:$A,0)-1,MATCH(F$2&$E30,'#现网数据参考'!$3:$3,0)-1)*IF(OFFSET($A30,-MOD(ROW()-1,3),0)<=9,0.6,1),0) -> 12 | G30: =_xlfn.XLOOKUP(OFFSET($A30,-MOD(ROW()-1,3),0),'#出征索引'!A:A,'#出征索引'!B:B)+_xlfn.XLOOKUP(OFFSET($A30,-MOD(ROW()-1,3),0),'#出征索引'!A:A,'#出征索引'!C:C)*_xlfn.XLOOKUP(F30,'#出征索引'!E:E,'#出征索引'!F:F) -> 5100 | H30: =ROUND(OFFSET('#现网数据参考'!$A$1,MATCH(OFFSET($A30,-MOD(ROW()-1,3),0),'#现网数据参考'!$A:$A,0)-1,MATCH(H$2&$E30,'#现网数据参考'!$3:$3,0)-1)*IF(OFFSET($A30,-MOD(ROW()-1,3),0)<=9,0.6,1),0) -> 6 | I30: =ROUND(OFFSET('#现网数据参考'!$A$1,MATCH(OFFSET($A30,-MOD(ROW()-1,3),0),'#现网数据参考'!$A:$A,0)-1,MATCH(I$2&$E30,'#现网数据参考'!$3:$3,0)-1)*IF(OFFSET($A30,-MOD(ROW()-1,3),0)<=9,0.6,1),0) -> 4 | J30: =ROUND(OFFSET('#现网数据参考'!$A$1,MATCH(OFFSET($A30,-MOD(ROW()-1,3),0),'#现网数据参考'!$A:$A,0)-1,MATCH(J$2&$E30,'#现网数据参考'!$3:$3,0)-1)*IF(OFFSET($A30,-MOD(ROW()-1,3),0)<=9,0.6,1),0) -> 4 | K30: =ROUND(OFFSET('#现网数据参考'!$A$1,MATCH(OFFSET($A30,-MOD(ROW()-1,3),0),'#现网数据参考'!$A:$A,0)-1,MATCH(K$2&$E30,'#现网数据参考'!$3:$3,0)-1)*IF(OFFSET($A30,-MOD(ROW()-1,3),0)<=9,0.6,1),0) -> 0 | L30: =ROUND(OFFSET('#现网数据参考'!$A$1,MATCH(OFFSET($A30,-MOD(ROW()-1,3),0),'#现网数据参考'!$A:$A,0)-1,MATCH(L$2&$E30,'#现网数据参考'!$3:$3,0)-1),0) -> 3
A31: 10 | B31: =IF($A31="","",ROUND(_xlfn.XLOOKUP($A31,'#现网数据参考'!$A:$A,'#现网数据参考'!G:G)*IF($A31<=9,0.5,1),0)) -> 200923 | C31: =IF($A31="","",ROUND(_xlfn.XLOOKUP($A31,'#现网数据参考'!$A:$A,'#现网数据参考'!P:P),0)) -> 2 | D31: 1 | E31: 20 | F31: =ROUND(OFFSET('#现网数据参考'!$A$1,MATCH(OFFSET($A31,-MOD(ROW()-1,3),0),'#现网数据参考'!$A:$A,0)-1,MATCH(F$2&$E31,'#现网数据参考'!$3:$3,0)-1)*IF(OFFSET($A31,-MOD(ROW()-1,3),0)<=9,0.6,1),0) -> 17 | G31: =_xlfn.XLOOKUP(OFFSET($A31,-MOD(ROW()-1,3),0),'#出征索引'!A:A,'#出征索引'!B:B)+_xlfn.XLOOKUP(OFFSET($A31,-MOD(ROW()-1,3),0),'#出征索引'!A:A,'#出征索引'!C:C)*_xlfn.XLOOKUP(F31,'#出征索引'!E:E,'#出征索引'!F:F) -> 6600 | H31: =ROUND(OFFSET('#现网数据参考'!$A$1,MATCH(OFFSET($A31,-MOD(ROW()-1,3),0),'#现网数据参考'!$A:$A,0)-1,MATCH(H$2&$E31,'#现网数据参考'!$3:$3,0)-1)*IF(OFFSET($A31,-MOD(ROW()-1,3),0)<=9,0.6,1),0) -> 4 | I31: =ROUND(OFFSET('#现网数据参考'!$A$1,MATCH(OFFSET($A31,-MOD(ROW()-1,3),0),'#现网数据参考'!$A:$A,0)-1,MATCH(I$2&$E31,'#现网数据参考'!$3:$3,0)-1)*IF(OFFSET($A31,-MOD(ROW()-1,3),0)<=9,0.6,1),0) -> 6 | J31: =ROUND(OFFSET('#现网数据参考'!$A$1,MATCH(OFFSET($A31,-MOD(ROW()-1,3),0),'#现网数据参考'!$A:$A,0)-1,MATCH(J$2&$E31,'#现网数据参考'!$3:$3,0)-1)*IF(OFFSET($A31,-MOD(ROW()-1,3),0)<=9,0.6,1),0) -> 4 | K31: =ROUND(OFFSET('#现网数据参考'!$A$1,MATCH(OFFSET($A31,-MOD(ROW()-1,3),0),'#现网数据参考'!$A:$A,0)-1,MATCH(K$2&$E31,'#现网数据参考'!$3:$3,0)-1)*IF(OFFSET($A31,-MOD(ROW()-1,3),0)<=9,0.6,1),0) -> 0 | L31: =ROUND(OFFSET('#现网数据参考'!$A$1,MATCH(OFFSET($A31,-MOD(ROW()-1,3),0),'#现网数据参考'!$A:$A,0)-1,MATCH(L$2&$E31,'#现网数据参考'!$3:$3,0)-1),0) -> 3
B32: =IF($A32="","",ROUND(_xlfn.XLOOKUP($A32,'#现网数据参考'!$A:$A,'#现网数据参考'!G:G)*IF($A32<=9,0.5,1),0)) | C32: =IF($A32="","",ROUND(_xlfn.XLOOKUP($A32,'#现网数据参考'!$A:$A,'#现网数据参考'!P:P),0)) | D32: 2 | E32: 40 | F32: =ROUND(OFFSET('#现网数据参考'!$A$1,MATCH(OFFSET($A32,-MOD(ROW()-1,3),0),'#现网数据参考'!$A:$A,0)-1,MATCH(F$2&$E32,'#现网数据参考'!$3:$3,0)-1)*IF(OFFSET($A32,-MOD(ROW()-1,3),0)<=9,0.6,1),0) -> 20 | G32: =_xlfn.XLOOKUP(OFFSET($A32,-MOD(ROW()-1,3),0),'#出征索引'!A:A,'#出征索引'!B:B)+_xlfn.XLOOKUP(OFFSET($A32,-MOD(ROW()-1,3),0),'#出征索引'!A:A,'#出征索引'!C:C)*_xlfn.XLOOKUP(F32,'#出征索引'!E:E,'#出征索引'!F:F) -> 7200 | H32: =ROUND(OFFSET('#现网数据参考'!$A$1,MATCH(OFFSET($A32,-MOD(ROW()-1,3),0),'#现网数据参考'!$A:$A,0)-1,MATCH(H$2&$E32,'#现网数据参考'!$3:$3,0)-1)*IF(OFFSET($A32,-MOD(ROW()-1,3),0)<=9,0.6,1),0) -> 9 | I32: =ROUND(OFFSET('#现网数据参考'!$A$1,MATCH(OFFSET($A32,-MOD(ROW()-1,3),0),'#现网数据参考'!$A:$A,0)-1,MATCH(I$2&$E32,'#现网数据参考'!$3:$3,0)-1)*IF(OFFSET($A32,-MOD(ROW()-1,3),0)<=9,0.6,1),0) -> 6 | J32: =ROUND(OFFSET('#现网数据参考'!$A$1,MATCH(OFFSET($A32,-MOD(ROW()-1,3),0),'#现网数据参考'!$A:$A,0)-1,MATCH(J$2&$E32,'#现网数据参考'!$3:$3,0)-1)*IF(OFFSET($A32,-MOD(ROW()-1,3),0)<=9,0.6,1),0) -> 6 | K32: =ROUND(OFFSET('#现网数据参考'!$A$1,MATCH(OFFSET($A32,-MOD(ROW()-1,3),0),'#现网数据参考'!$A:$A,0)-1,MATCH(K$2&$E32,'#现网数据参考'!$3:$3,0)-1)*IF(OFFSET($A32,-MOD(ROW()-1,3),0)<=9,0.6,1),0) -> 0 | L32: =ROUND(OFFSET('#现网数据参考'!$A$1,MATCH(OFFSET($A32,-MOD(ROW()-1,3),0),'#现网数据参考'!$A:$A,0)-1,MATCH(L$2&$E32,'#现网数据参考'!$3:$3,0)-1),0) -> 3
B33: =IF($A33="","",ROUND(_xlfn.XLOOKUP($A33,'#现网数据参考'!$A:$A,'#现网数据参考'!G:G)*IF($A33<=9,0.5,1),0)) | C33: =IF($A33="","",ROUND(_xlfn.XLOOKUP($A33,'#现网数据参考'!$A:$A,'#现网数据参考'!P:P),0)) | D33: 3 | E33: 60 | F33: =ROUND(OFFSET('#现网数据参考'!$A$1,MATCH(OFFSET($A33,-MOD(ROW()-1,3),0),'#现网数据参考'!$A:$A,0)-1,MATCH(F$2&$E33,'#现网数据参考'!$3:$3,0)-1)*IF(OFFSET($A33,-MOD(ROW()-1,3),0)<=9,0.6,1),0) -> 23 | G33: =_xlfn.XLOOKUP(OFFSET($A33,-MOD(ROW()-1,3),0),'#出征索引'!A:A,'#出征索引'!B:B)+_xlfn.XLOOKUP(OFFSET($A33,-MOD(ROW()-1,3),0),'#出征索引'!A:A,'#出征索引'!C:C)*_xlfn.XLOOKUP(F33,'#出征索引'!E:E,'#出征索引'!F:F) -> 7800 | H33: =ROUND(OFFSET('#现网数据参考'!$A$1,MATCH(OFFSET($A33,-MOD(ROW()-1,3),0),'#现网数据参考'!$A:$A,0)-1,MATCH(H$2&$E33,'#现网数据参考'!$3:$3,0)-1)*IF(OFFSET($A33,-MOD(ROW()-1,3),0)<=9,0.6,1),0) -> 12 | I33: =ROUND(OFFSET('#现网数据参考'!$A$1,MATCH(OFFSET($A33,-MOD(ROW()-1,3),0),'#现网数据参考'!$A:$A,0)-1,MATCH(I$2&$E33,'#现网数据参考'!$3:$3,0)-1)*IF(OFFSET($A33,-MOD(ROW()-1,3),0)<=9,0.6,1),0) -> 7 | J33: =ROUND(OFFSET('#现网数据参考'!$A$1,MATCH(OFFSET($A33,-MOD(ROW()-1,3),0),'#现网数据参考'!$A:$A,0)-1,MATCH(J$2&$E33,'#现网数据参考'!$3:$3,0)-1)*IF(OFFSET($A33,-MOD(ROW()-1,3),0)<=9,0.6,1),0) -> 8 | K33: =ROUND(OFFSET('#现网数据参考'!$A$1,MATCH(OFFSET($A33,-MOD(ROW()-1,3),0),'#现网数据参考'!$A:$A,0)-1,MATCH(K$2&$E33,'#现网数据参考'!$3:$3,0)-1)*IF(OFFSET($A33,-MOD(ROW()-1,3),0)<=9,0.6,1),0) -> 0 | L33: =ROUND(OFFSET('#现网数据参考'!$A$1,MATCH(OFFSET($A33,-MOD(ROW()-1,3),0),'#现网数据参考'!$A:$A,0)-1,MATCH(L$2&$E33,'#现网数据参考'!$3:$3,0)-1),0) -> 3
A34: 11 | B34: =IF($A34="","",ROUND(_xlfn.XLOOKUP($A34,'#现网数据参考'!$A:$A,'#现网数据参考'!G:G)*IF($A34<=9,0.5,1),0)) -> 266852 | C34: =IF($A34="","",ROUND(_xlfn.XLOOKUP($A34,'#现网数据参考'!$A:$A,'#现网数据参考'!P:P),0)) -> 2 | D34: 1 | E34: 20 | F34: =ROUND(OFFSET('#现网数据参考'!$A$1,MATCH(OFFSET($A34,-MOD(ROW()-1,3),0),'#现网数据参考'!$A:$A,0)-1,MATCH(F$2&$E34,'#现网数据参考'!$3:$3,0)-1)*IF(OFFSET($A34,-MOD(ROW()-1,3),0)<=9,0.6,1),0) -> 21 | G34: =_xlfn.XLOOKUP(OFFSET($A34,-MOD(ROW()-1,3),0),'#出征索引'!A:A,'#出征索引'!B:B)+_xlfn.XLOOKUP(OFFSET($A34,-MOD(ROW()-1,3),0),'#出征索引'!A:A,'#出征索引'!C:C)*_xlfn.XLOOKUP(F34,'#出征索引'!E:E,'#出征索引'!F:F) -> 8400 | H34: =ROUND(OFFSET('#现网数据参考'!$A$1,MATCH(OFFSET($A34,-MOD(ROW()-1,3),0),'#现网数据参考'!$A:$A,0)-1,MATCH(H$2&$E34,'#现网数据参考'!$3:$3,0)-1)*IF(OFFSET($A34,-MOD(ROW()-1,3),0)<=9,0.6,1),0) -> 9 | I34: =ROUND(OFFSET('#现网数据参考'!$A$1,MATCH(OFFSET($A34,-MOD(ROW()-1,3),0),'#现网数据参考'!$A:$A,0)-1,MATCH(I$2&$E34,'#现网数据参考'!$3:$3,0)-1)*IF(OFFSET($A34,-MOD(ROW()-1,3),0)<=9,0.6,1),0) -> 7 | J34: =ROUND(OFFSET('#现网数据参考'!$A$1,MATCH(OFFSET($A34,-MOD(ROW()-1,3),0),'#现网数据参考'!$A:$A,0)-1,MATCH(J$2&$E34,'#现网数据参考'!$3:$3,0)-1)*IF(OFFSET($A34,-MOD(ROW()-1,3),0)<=9,0.6,1),0) -> 6 | K34: =ROUND(OFFSET('#现网数据参考'!$A$1,MATCH(OFFSET($A34,-MOD(ROW()-1,3),0),'#现网数据参考'!$A:$A,0)-1,MATCH(K$2&$E34,'#现网数据参考'!$3:$3,0)-1)*IF(OFFSET($A34,-MOD(ROW()-1,3),0)<=9,0.6,1),0) -> 0 | L34: =ROUND(OFFSET('#现网数据参考'!$A$1,MATCH(OFFSET($A34,-MOD(ROW()-1,3),0),'#现网数据参考'!$A:$A,0)-1,MATCH(L$2&$E34,'#现网数据参考'!$3:$3,0)-1),0) -> 3
B35: =IF($A35="","",ROUND(_xlfn.XLOOKUP($A35,'#现网数据参考'!$A:$A,'#现网数据参考'!G:G)*IF($A35<=9,0.5,1),0)) | C35: =IF($A35="","",ROUND(_xlfn.XLOOKUP($A35,'#现网数据参考'!$A:$A,'#现网数据参考'!P:P),0)) | D35: 2 | E35: 40 | F35: =ROUND(OFFSET('#现网数据参考'!$A$1,MATCH(OFFSET($A35,-MOD(ROW()-1,3),0),'#现网数据参考'!$A:$A,0)-1,MATCH(F$2&$E35,'#现网数据参考'!$3:$3,0)-1)*IF(OFFSET($A35,-MOD(ROW()-1,3),0)<=9,0.6,1),0) -> 25 | G35: =_xlfn.XLOOKUP(OFFSET($A35,-MOD(ROW()-1,3),0),'#出征索引'!A:A,'#出征索引'!B:B)+_xlfn.XLOOKUP(OFFSET($A35,-MOD(ROW()-1,3),0),'#出征索引'!A:A,'#出征索引'!C:C)*_xlfn.XLOOKUP(F35,'#出征索引'!E:E,'#出征索引'!F:F) -> 9200 | H35: =ROUND(OFFSET('#现网数据参考'!$A$1,MATCH(OFFSET($A35,-MOD(ROW()-1,3),0),'#现网数据参考'!$A:$A,0)-1,MATCH(H$2&$E35,'#现网数据参考'!$3:$3,0)-1)*IF(OFFSET($A35,-MOD(ROW()-1,3),0)<=9,0.6,1),0) -> 13 | I35: =ROUND(OFFSET('#现网数据参考'!$A$1,MATCH(OFFSET($A35,-MOD(ROW()-1,3),0),'#现网数据参考'!$A:$A,0)-1,MATCH(I$2&$E35,'#现网数据参考'!$3:$3,0)-1)*IF(OFFSET($A35,-MOD(ROW()-1,3),0)<=9,0.6,1),0) -> 8 | J35: =ROUND(OFFSET('#现网数据参考'!$A$1,MATCH(OFFSET($A35,-MOD(ROW()-1,3),0),'#现网数据参考'!$A:$A,0)-1,MATCH(J$2&$E35,'#现网数据参考'!$3:$3,0)-1)*IF(OFFSET($A35,-MOD(ROW()-1,3),0)<=9,0.6,1),0) -> 8 | K35: =ROUND(OFFSET('#现网数据参考'!$A$1,MATCH(OFFSET($A35,-MOD(ROW()-1,3),0),'#现网数据参考'!$A:$A,0)-1,MATCH(K$2&$E35,'#现网数据参考'!$3:$3,0)-1)*IF(OFFSET($A35,-MOD(ROW()-1,3),0)<=9,0.6,1),0) -> 0 | L35: =ROUND(OFFSET('#现网数据参考'!$A$1,MATCH(OFFSET($A35,-MOD(ROW()-1,3),0),'#现网数据参考'!$A:$A,0)-1,MATCH(L$2&$E35,'#现网数据参考'!$3:$3,0)-1),0) -> 3
B36: =IF($A36="","",ROUND(_xlfn.XLOOKUP($A36,'#现网数据参考'!$A:$A,'#现网数据参考'!G:G)*IF($A36<=9,0.5,1),0)) | C36: =IF($A36="","",ROUND(_xlfn.XLOOKUP($A36,'#现网数据参考'!$A:$A,'#现网数据参考'!P:P),0)) | D36: 3 | E36: 60 | F36: =ROUND(OFFSET('#现网数据参考'!$A$1,MATCH(OFFSET($A36,-MOD(ROW()-1,3),0),'#现网数据参考'!$A:$A,0)-1,MATCH(F$2&$E36,'#现网数据参考'!$3:$3,0)-1)*IF(OFFSET($A36,-MOD(ROW()-1,3),0)<=9,0.6,1),0) -> 28 | G36: =_xlfn.XLOOKUP(OFFSET($A36,-MOD(ROW()-1,3),0),'#出征索引'!A:A,'#出征索引'!B:B)+_xlfn.XLOOKUP(OFFSET($A36,-MOD(ROW()-1,3),0),'#出征索引'!A:A,'#出征索引'!C:C)*_xlfn.XLOOKUP(F36,'#出征索引'!E:E,'#出征索引'!F:F) -> 9800 | H36: =ROUND(OFFSET('#现网数据参考'!$A$1,MATCH(OFFSET($A36,-MOD(ROW()-1,3),0),'#现网数据参考'!$A:$A,0)-1,MATCH(H$2&$E36,'#现网数据参考'!$3:$3,0)-1)*IF(OFFSET($A36,-MOD(ROW()-1,3),0)<=9,0.6,1),0) -> 17 | I36: =ROUND(OFFSET('#现网数据参考'!$A$1,MATCH(OFFSET($A36,-MOD(ROW()-1,3),0),'#现网数据参考'!$A:$A,0)-1,MATCH(I$2&$E36,'#现网数据参考'!$3:$3,0)-1)*IF(OFFSET($A36,-MOD(ROW()-1,3),0)<=9,0.6,1),0) -> 8 | J36: =ROUND(OFFSET('#现网数据参考'!$A$1,MATCH(OFFSET($A36,-MOD(ROW()-1,3),0),'#现网数据参考'!$A:$A,0)-1,MATCH(J$2&$E36,'#现网数据参考'!$3:$3,0)-1)*IF(OFFSET($A36,-MOD(ROW()-1,3),0)<=9,0.6,1),0) -> 10 | K36: =ROUND(OFFSET('#现网数据参考'!$A$1,MATCH(OFFSET($A36,-MOD(ROW()-1,3),0),'#现网数据参考'!$A:$A,0)-1,MATCH(K$2&$E36,'#现网数据参考'!$3:$3,0)-1)*IF(OFFSET($A36,-MOD(ROW()-1,3),0)<=9,0.6,1),0) -> 0 | L36: =ROUND(OFFSET('#现网数据参考'!$A$1,MATCH(OFFSET($A36,-MOD(ROW()-1,3),0),'#现网数据参考'!$A:$A,0)-1,MATCH(L$2&$E36,'#现网数据参考'!$3:$3,0)-1),0) -> 3
A37: 12 | B37: =IF($A37="","",ROUND(_xlfn.XLOOKUP($A37,'#现网数据参考'!$A:$A,'#现网数据参考'!G:G)*IF($A37<=9,0.5,1),0)) -> 368589 | C37: =IF($A37="","",ROUND(_xlfn.XLOOKUP($A37,'#现网数据参考'!$A:$A,'#现网数据参考'!P:P),0)) -> 2 | D37: 1 | E37: 20 | F37: =ROUND(OFFSET('#现网数据参考'!$A$1,MATCH(OFFSET($A37,-MOD(ROW()-1,3),0),'#现网数据参考'!$A:$A,0)-1,MATCH(F$2&$E37,'#现网数据参考'!$3:$3,0)-1)*IF(OFFSET($A37,-MOD(ROW()-1,3),0)<=9,0.6,1),0) -> 22 | G37: =_xlfn.XLOOKUP(OFFSET($A37,-MOD(ROW()-1,3),0),'#出征索引'!A:A,'#出征索引'!B:B)+_xlfn.XLOOKUP(OFFSET($A37,-MOD(ROW()-1,3),0),'#出征索引'!A:A,'#出征索引'!C:C)*_xlfn.XLOOKUP(F37,'#出征索引'!E:E,'#出征索引'!F:F) -> 14200 | H37: =ROUND(OFFSET('#现网数据参考'!$A$1,MATCH(OFFSET($A37,-MOD(ROW()-1,3),0),'#现网数据参考'!$A:$A,0)-1,MATCH(H$2&$E37,'#现网数据参考'!$3:$3,0)-1)*IF(OFFSET($A37,-MOD(ROW()-1,3),0)<=9,0.6,1),0) -> 14 | I37: =ROUND(OFFSET('#现网数据参考'!$A$1,MATCH(OFFSET($A37,-MOD(ROW()-1,3),0),'#现网数据参考'!$A:$A,0)-1,MATCH(I$2&$E37,'#现网数据参考'!$3:$3,0)-1)*IF(OFFSET($A37,-MOD(ROW()-1,3),0)<=9,0.6,1),0) -> 8 | J37: =ROUND(OFFSET('#现网数据参考'!$A$1,MATCH(OFFSET($A37,-MOD(ROW()-1,3),0),'#现网数据参考'!$A:$A,0)-1,MATCH(J$2&$E37,'#现网数据参考'!$3:$3,0)-1)*IF(OFFSET($A37,-MOD(ROW()-1,3),0)<=9,0.6,1),0) -> 7 | K37: =ROUND(OFFSET('#现网数据参考'!$A$1,MATCH(OFFSET($A37,-MOD(ROW()-1,3),0),'#现网数据参考'!$A:$A,0)-1,MATCH(K$2&$E37,'#现网数据参考'!$3:$3,0)-1)*IF(OFFSET($A37,-MOD(ROW()-1,3),0)<=9,0.6,1),0) -> 0 | L37: =ROUND(OFFSET('#现网数据参考'!$A$1,MATCH(OFFSET($A37,-MOD(ROW()-1,3),0),'#现网数据参考'!$A:$A,0)-1,MATCH(L$2&$E37,'#现网数据参考'!$3:$3,0)-1),0) -> 3
B38: =IF($A38="","",ROUND(_xlfn.XLOOKUP($A38,'#现网数据参考'!$A:$A,'#现网数据参考'!G:G)*IF($A38<=9,0.5,1),0)) | C38: =IF($A38="","",ROUND(_xlfn.XLOOKUP($A38,'#现网数据参考'!$A:$A,'#现网数据参考'!P:P),0)) | D38: 2 | E38: 40 | F38: =ROUND(OFFSET('#现网数据参考'!$A$1,MATCH(OFFSET($A38,-MOD(ROW()-1,3),0),'#现网数据参考'!$A:$A,0)-1,MATCH(F$2&$E38,'#现网数据参考'!$3:$3,0)-1)*IF(OFFSET($A38,-MOD(ROW()-1,3),0)<=9,0.6,1),0) -> 25 | G38: =_xlfn.XLOOKUP(OFFSET($A38,-MOD(ROW()-1,3),0),'#出征索引'!A:A,'#出征索引'!B:B)+_xlfn.XLOOKUP(OFFSET($A38,-MOD(ROW()-1,3),0),'#出征索引'!A:A,'#出征索引'!C:C)*_xlfn.XLOOKUP(F38,'#出征索引'!E:E,'#出征索引'!F:F) -> 15400 | H38: =ROUND(OFFSET('#现网数据参考'!$A$1,MATCH(OFFSET($A38,-MOD(ROW()-1,3),0),'#现网数据参考'!$A:$A,0)-1,MATCH(H$2&$E38,'#现网数据参考'!$3:$3,0)-1)*IF(OFFSET($A38,-MOD(ROW()-1,3),0)<=9,0.6,1),0) -> 19 | I38: =ROUND(OFFSET('#现网数据参考'!$A$1,MATCH(OFFSET($A38,-MOD(ROW()-1,3),0),'#现网数据参考'!$A:$A,0)-1,MATCH(I$2&$E38,'#现网数据参考'!$3:$3,0)-1)*IF(OFFSET($A38,-MOD(ROW()-1,3),0)<=9,0.6,1),0) -> 9 | J38: =ROUND(OFFSET('#现网数据参考'!$A$1,MATCH(OFFSET($A38,-MOD(ROW()-1,3),0),'#现网数据参考'!$A:$A,0)-1,MATCH(J$2&$E38,'#现网数据参考'!$3:$3,0)-1)*IF(OFFSET($A38,-MOD(ROW()-1,3),0)<=9,0.6,1),0) -> 9 | K38: =ROUND(OFFSET('#现网数据参考'!$A$1,MATCH(OFFSET($A38,-MOD(ROW()-1,3),0),'#现网数据参考'!$A:$A,0)-1,MATCH(K$2&$E38,'#现网数据参考'!$3:$3,0)-1)*IF(OFFSET($A38,-MOD(ROW()-1,3),0)<=9,0.6,1),0) -> 0 | L38: =ROUND(OFFSET('#现网数据参考'!$A$1,MATCH(OFFSET($A38,-MOD(ROW()-1,3),0),'#现网数据参考'!$A:$A,0)-1,MATCH(L$2&$E38,'#现网数据参考'!$3:$3,0)-1),0) -> 3
B39: =IF($A39="","",ROUND(_xlfn.XLOOKUP($A39,'#现网数据参考'!$A:$A,'#现网数据参考'!G:G)*IF($A39<=9,0.5,1),0)) | C39: =IF($A39="","",ROUND(_xlfn.XLOOKUP($A39,'#现网数据参考'!$A:$A,'#现网数据参考'!P:P),0)) | D39: 3 | E39: 60 | F39: =ROUND(OFFSET('#现网数据参考'!$A$1,MATCH(OFFSET($A39,-MOD(ROW()-1,3),0),'#现网数据参考'!$A:$A,0)-1,MATCH(F$2&$E39,'#现网数据参考'!$3:$3,0)-1)*IF(OFFSET($A39,-MOD(ROW()-1,3),0)<=9,0.6,1),0) -> 29 | G39: =_xlfn.XLOOKUP(OFFSET($A39,-MOD(ROW()-1,3),0),'#出征索引'!A:A,'#出征索引'!B:B)+_xlfn.XLOOKUP(OFFSET($A39,-MOD(ROW()-1,3),0),'#出征索引'!A:A,'#出征索引'!C:C)*_xlfn.XLOOKUP(F39,'#出征索引'!E:E,'#出征索引'!F:F) -> 17000 | H39: =ROUND(OFFSET('#现网数据参考'!$A$1,MATCH(OFFSET($A39,-MOD(ROW()-1,3),0),'#现网数据参考'!$A:$A,0)-1,MATCH(H$2&$E39,'#现网数据参考'!$3:$3,0)-1)*IF(OFFSET($A39,-MOD(ROW()-1,3),0)<=9,0.6,1),0) -> 23 | I39: =ROUND(OFFSET('#现网数据参考'!$A$1,MATCH(OFFSET($A39,-MOD(ROW()-1,3),0),'#现网数据参考'!$A:$A,0)-1,MATCH(I$2&$E39,'#现网数据参考'!$3:$3,0)-1)*IF(OFFSET($A39,-MOD(ROW()-1,3),0)<=9,0.6,1),0) -> 9 | J39: =ROUND(OFFSET('#现网数据参考'!$A$1,MATCH(OFFSET($A39,-MOD(ROW()-1,3),0),'#现网数据参考'!$A:$A,0)-1,MATCH(J$2&$E39,'#现网数据参考'!$3:$3,0)-1)*IF(OFFSET($A39,-MOD(ROW()-1,3),0)<=9,0.6,1),0) -> 10 | K39: =ROUND(OFFSET('#现网数据参考'!$A$1,MATCH(OFFSET($A39,-MOD(ROW()-1,3),0),'#现网数据参考'!$A:$A,0)-1,MATCH(K$2&$E39,'#现网数据参考'!$3:$3,0)-1)*IF(OFFSET($A39,-MOD(ROW()-1,3),0)<=9,0.6,1),0) -> 0 | L39: =ROUND(OFFSET('#现网数据参考'!$A$1,MATCH(OFFSET($A39,-MOD(ROW()-1,3),0),'#现网数据参考'!$A:$A,0)-1,MATCH(L$2&$E39,'#现网数据参考'!$3:$3,0)-1),0) -> 3
A40: 13 | B40: =IF($A40="","",ROUND(_xlfn.XLOOKUP($A40,'#现网数据参考'!$A:$A,'#现网数据参考'!G:G)*IF($A40<=9,0.5,1),0)) -> 498578 | C40: =IF($A40="","",ROUND(_xlfn.XLOOKUP($A40,'#现网数据参考'!$A:$A,'#现网数据参考'!P:P),0)) -> 3 | D40: 1 | E40: 20 | F40: =ROUND(OFFSET('#现网数据参考'!$A$1,MATCH(OFFSET($A40,-MOD(ROW()-1,3),0),'#现网数据参考'!$A:$A,0)-1,MATCH(F$2&$E40,'#现网数据参考'!$3:$3,0)-1)*IF(OFFSET($A40,-MOD(ROW()-1,3),0)<=9,0.6,1),0) -> 25 | G40: =_xlfn.XLOOKUP(OFFSET($A40,-MOD(ROW()-1,3),0),'#出征索引'!A:A,'#出征索引'!B:B)+_xlfn.XLOOKUP(OFFSET($A40,-MOD(ROW()-1,3),0),'#出征索引'!A:A,'#出征索引'!C:C)*_xlfn.XLOOKUP(F40,'#出征索引'!E:E,'#出征索引'!F:F) -> 16400 | H40: =ROUND(OFFSET('#现网数据参考'!$A$1,MATCH(OFFSET($A40,-MOD(ROW()-1,3),0),'#现网数据参考'!$A:$A,0)-1,MATCH(H$2&$E40,'#现网数据参考'!$3:$3,0)-1)*IF(OFFSET($A40,-MOD(ROW()-1,3),0)<=9,0.6,1),0) -> 21 | I40: =ROUND(OFFSET('#现网数据参考'!$A$1,MATCH(OFFSET($A40,-MOD(ROW()-1,3),0),'#现网数据参考'!$A:$A,0)-1,MATCH(I$2&$E40,'#现网数据参考'!$3:$3,0)-1)*IF(OFFSET($A40,-MOD(ROW()-1,3),0)<=9,0.6,1),0) -> 9 | J40: =ROUND(OFFSET('#现网数据参考'!$A$1,MATCH(OFFSET($A40,-MOD(ROW()-1,3),0),'#现网数据参考'!$A:$A,0)-1,MATCH(J$2&$E40,'#现网数据参考'!$3:$3,0)-1)*IF(OFFSET($A40,-MOD(ROW()-1,3),0)<=9,0.6,1),0) -> 8 | K40: =ROUND(OFFSET('#现网数据参考'!$A$1,MATCH(OFFSET($A40,-MOD(ROW()-1,3),0),'#现网数据参考'!$A:$A,0)-1,MATCH(K$2&$E40,'#现网数据参考'!$3:$3,0)-1)*IF(OFFSET($A40,-MOD(ROW()-1,3),0)<=9,0.6,1),0) -> 0 | L40: =ROUND(OFFSET('#现网数据参考'!$A$1,MATCH(OFFSET($A40,-MOD(ROW()-1,3),0),'#现网数据参考'!$A:$A,0)-1,MATCH(L$2&$E40,'#现网数据参考'!$3:$3,0)-1),0) -> 3
B41: =IF($A41="","",ROUND(_xlfn.XLOOKUP($A41,'#现网数据参考'!$A:$A,'#现网数据参考'!G:G)*IF($A41<=9,0.5,1),0)) | C41: =IF($A41="","",ROUND(_xlfn.XLOOKUP($A41,'#现网数据参考'!$A:$A,'#现网数据参考'!P:P),0)) | D41: 2 | E41: 40 | F41: =ROUND(OFFSET('#现网数据参考'!$A$1,MATCH(OFFSET($A41,-MOD(ROW()-1,3),0),'#现网数据参考'!$A:$A,0)-1,MATCH(F$2&$E41,'#现网数据参考'!$3:$3,0)-1)*IF(OFFSET($A41,-MOD(ROW()-1,3),0)<=9,0.6,1),0) -> 29 | G41: =_xlfn.XLOOKUP(OFFSET($A41,-MOD(ROW()-1,3),0),'#出征索引'!A:A,'#出征索引'!B:B)+_xlfn.XLOOKUP(OFFSET($A41,-MOD(ROW()-1,3),0),'#出征索引'!A:A,'#出征索引'!C:C)*_xlfn.XLOOKUP(F41,'#出征索引'!E:E,'#出征索引'!F:F) -> 18000 | H41: =ROUND(OFFSET('#现网数据参考'!$A$1,MATCH(OFFSET($A41,-MOD(ROW()-1,3),0),'#现网数据参考'!$A:$A,0)-1,MATCH(H$2&$E41,'#现网数据参考'!$3:$3,0)-1)*IF(OFFSET($A41,-MOD(ROW()-1,3),0)<=9,0.6,1),0) -> 26 | I41: =ROUND(OFFSET('#现网数据参考'!$A$1,MATCH(OFFSET($A41,-MOD(ROW()-1,3),0),'#现网数据参考'!$A:$A,0)-1,MATCH(I$2&$E41,'#现网数据参考'!$3:$3,0)-1)*IF(OFFSET($A41,-MOD(ROW()-1,3),0)<=9,0.6,1),0) -> 10 | J41: =ROUND(OFFSET('#现网数据参考'!$A$1,MATCH(OFFSET($A41,-MOD(ROW()-1,3),0),'#现网数据参考'!$A:$A,0)-1,MATCH(J$2&$E41,'#现网数据参考'!$3:$3,0)-1)*IF(OFFSET($A41,-MOD(ROW()-1,3),0)<=9,0.6,1),0) -> 10 | K41: =ROUND(OFFSET('#现网数据参考'!$A$1,MATCH(OFFSET($A41,-MOD(ROW()-1,3),0),'#现网数据参考'!$A:$A,0)-1,MATCH(K$2&$E41,'#现网数据参考'!$3:$3,0)-1)*IF(OFFSET($A41,-MOD(ROW()-1,3),0)<=9,0.6,1),0) -> 0 | L41: =ROUND(OFFSET('#现网数据参考'!$A$1,MATCH(OFFSET($A41,-MOD(ROW()-1,3),0),'#现网数据参考'!$A:$A,0)-1,MATCH(L$2&$E41,'#现网数据参考'!$3:$3,0)-1),0) -> 3
B42: =IF($A42="","",ROUND(_xlfn.XLOOKUP($A42,'#现网数据参考'!$A:$A,'#现网数据参考'!G:G)*IF($A42<=9,0.5,1),0)) | C42: =IF($A42="","",ROUND(_xlfn.XLOOKUP($A42,'#现网数据参考'!$A:$A,'#现网数据参考'!P:P),0)) | D42: 3 | E42: 60 | F42: =ROUND(OFFSET('#现网数据参考'!$A$1,MATCH(OFFSET($A42,-MOD(ROW()-1,3),0),'#现网数据参考'!$A:$A,0)-1,MATCH(F$2&$E42,'#现网数据参考'!$3:$3,0)-1)*IF(OFFSET($A42,-MOD(ROW()-1,3),0)<=9,0.6,1),0) -> 32 | G42: =_xlfn.XLOOKUP(OFFSET($A42,-MOD(ROW()-1,3),0),'#出征索引'!A:A,'#出征索引'!B:B)+_xlfn.XLOOKUP(OFFSET($A42,-MOD(ROW()-1,3),0),'#出征索引'!A:A,'#出征索引'!C:C)*_xlfn.XLOOKUP(F42,'#出征索引'!E:E,'#出征索引'!F:F) -> 19200 | H42: =ROUND(OFFSET('#现网数据参考'!$A$1,MATCH(OFFSET($A42,-MOD(ROW()-1,3),0),'#现网数据参考'!$A:$A,0)-1,MATCH(H$2&$E42,'#现网数据参考'!$3:$3,0)-1)*IF(OFFSET($A42,-MOD(ROW()-1,3),0)<=9,0.6,1),0) -> 30 | I42: =ROUND(OFFSET('#现网数据参考'!$A$1,MATCH(OFFSET($A42,-MOD(ROW()-1,3),0),'#现网数据参考'!$A:$A,0)-1,MATCH(I$2&$E42,'#现网数据参考'!$3:$3,0)-1)*IF(OFFSET($A42,-MOD(ROW()-1,3),0)<=9,0.6,1),0) -> 11 | J42: =ROUND(OFFSET('#现网数据参考'!$A$1,MATCH(OFFSET($A42,-MOD(ROW()-1,3),0),'#现网数据参考'!$A:$A,0)-1,MATCH(J$2&$E42,'#现网数据参考'!$3:$3,0)-1)*IF(OFFSET($A42,-MOD(ROW()-1,3),0)<=9,0.6,1),0) -> 11 | K42: =ROUND(OFFSET('#现网数据参考'!$A$1,MATCH(OFFSET($A42,-MOD(ROW()-1,3),0),'#现网数据参考'!$A:$A,0)-1,MATCH(K$2&$E42,'#现网数据参考'!$3:$3,0)-1)*IF(OFFSET($A42,-MOD(ROW()-1,3),0)<=9,0.6,1),0) -> 0 | L42: =ROUND(OFFSET('#现网数据参考'!$A$1,MATCH(OFFSET($A42,-MOD(ROW()-1,3),0),'#现网数据参考'!$A:$A,0)-1,MATCH(L$2&$E42,'#现网数据参考'!$3:$3,0)-1),0) -> 3
A43: 14 | B43: =IF($A43="","",ROUND(_xlfn.XLOOKUP($A43,'#现网数据参考'!$A:$A,'#现网数据参考'!G:G)*IF($A43<=9,0.5,1),0)) -> 623816 | C43: =IF($A43="","",ROUND(_xlfn.XLOOKUP($A43,'#现网数据参考'!$A:$A,'#现网数据参考'!P:P),0)) -> 3 | D43: 1 | E43: 20 | F43: =ROUND(OFFSET('#现网数据参考'!$A$1,MATCH(OFFSET($A43,-MOD(ROW()-1,3),0),'#现网数据参考'!$A:$A,0)-1,MATCH(F$2&$E43,'#现网数据参考'!$3:$3,0)-1)*IF(OFFSET($A43,-MOD(ROW()-1,3),0)<=9,0.6,1),0) -> 27 | G43: =_xlfn.XLOOKUP(OFFSET($A43,-MOD(ROW()-1,3),0),'#出征索引'!A:A,'#出征索引'!B:B)+_xlfn.XLOOKUP(OFFSET($A43,-MOD(ROW()-1,3),0),'#出征索引'!A:A,'#出征索引'!C:C)*_xlfn.XLOOKUP(F43,'#出征索引'!E:E,'#出征索引'!F:F) -> 18200 | H43: =ROUND(OFFSET('#现网数据参考'!$A$1,MATCH(OFFSET($A43,-MOD(ROW()-1,3),0),'#现网数据参考'!$A:$A,0)-1,MATCH(H$2&$E43,'#现网数据参考'!$3:$3,0)-1)*IF(OFFSET($A43,-MOD(ROW()-1,3),0)<=9,0.6,1),0) -> 25 | I43: =ROUND(OFFSET('#现网数据参考'!$A$1,MATCH(OFFSET($A43,-MOD(ROW()-1,3),0),'#现网数据参考'!$A:$A,0)-1,MATCH(I$2&$E43,'#现网数据参考'!$3:$3,0)-1)*IF(OFFSET($A43,-MOD(ROW()-1,3),0)<=9,0.6,1),0) -> 10 | J43: =ROUND(OFFSET('#现网数据参考'!$A$1,MATCH(OFFSET($A43,-MOD(ROW()-1,3),0),'#现网数据参考'!$A:$A,0)-1,MATCH(J$2&$E43,'#现网数据参考'!$3:$3,0)-1)*IF(OFFSET($A43,-MOD(ROW()-1,3),0)<=9,0.6,1),0) -> 9 | K43: =ROUND(OFFSET('#现网数据参考'!$A$1,MATCH(OFFSET($A43,-MOD(ROW()-1,3),0),'#现网数据参考'!$A:$A,0)-1,MATCH(K$2&$E43,'#现网数据参考'!$3:$3,0)-1)*IF(OFFSET($A43,-MOD(ROW()-1,3),0)<=9,0.6,1),0) -> 0 | L43: =ROUND(OFFSET('#现网数据参考'!$A$1,MATCH(OFFSET($A43,-MOD(ROW()-1,3),0),'#现网数据参考'!$A:$A,0)-1,MATCH(L$2&$E43,'#现网数据参考'!$3:$3,0)-1),0) -> 3
B44: =IF($A44="","",ROUND(_xlfn.XLOOKUP($A44,'#现网数据参考'!$A:$A,'#现网数据参考'!G:G)*IF($A44<=9,0.5,1),0)) | C44: =IF($A44="","",ROUND(_xlfn.XLOOKUP($A44,'#现网数据参考'!$A:$A,'#现网数据参考'!P:P),0)) | D44: 2 | E44: 40 | F44: =ROUND(OFFSET('#现网数据参考'!$A$1,MATCH(OFFSET($A44,-MOD(ROW()-1,3),0),'#现网数据参考'!$A:$A,0)-1,MATCH(F$2&$E44,'#现网数据参考'!$3:$3,0)-1)*IF(OFFSET($A44,-MOD(ROW()-1,3),0)<=9,0.6,1),0) -> 31 | G44: =_xlfn.XLOOKUP(OFFSET($A44,-MOD(ROW()-1,3),0),'#出征索引'!A:A,'#出征索引'!B:B)+_xlfn.XLOOKUP(OFFSET($A44,-MOD(ROW()-1,3),0),'#出征索引'!A:A,'#出征索引'!C:C)*_xlfn.XLOOKUP(F44,'#出征索引'!E:E,'#出征索引'!F:F) -> 19800 | H44: =ROUND(OFFSET('#现网数据参考'!$A$1,MATCH(OFFSET($A44,-MOD(ROW()-1,3),0),'#现网数据参考'!$A:$A,0)-1,MATCH(H$2&$E44,'#现网数据参考'!$3:$3,0)-1)*IF(OFFSET($A44,-MOD(ROW()-1,3),0)<=9,0.6,1),0) -> 30 | I44: =ROUND(OFFSET('#现网数据参考'!$A$1,MATCH(OFFSET($A44,-MOD(ROW()-1,3),0),'#现网数据参考'!$A:$A,0)-1,MATCH(I$2&$E44,'#现网数据参考'!$3:$3,0)-1)*IF(OFFSET($A44,-MOD(ROW()-1,3),0)<=9,0.6,1),0) -> 11 | J44: =ROUND(OFFSET('#现网数据参考'!$A$1,MATCH(OFFSET($A44,-MOD(ROW()-1,3),0),'#现网数据参考'!$A:$A,0)-1,MATCH(J$2&$E44,'#现网数据参考'!$3:$3,0)-1)*IF(OFFSET($A44,-MOD(ROW()-1,3),0)<=9,0.6,1),0) -> 10 | K44: =ROUND(OFFSET('#现网数据参考'!$A$1,MATCH(OFFSET($A44,-MOD(ROW()-1,3),0),'#现网数据参考'!$A:$A,0)-1,MATCH(K$2&$E44,'#现网数据参考'!$3:$3,0)-1)*IF(OFFSET($A44,-MOD(ROW()-1,3),0)<=9,0.6,1),0) -> 0 | L44: =ROUND(OFFSET('#现网数据参考'!$A$1,MATCH(OFFSET($A44,-MOD(ROW()-1,3),0),'#现网数据参考'!$A:$A,0)-1,MATCH(L$2&$E44,'#现网数据参考'!$3:$3,0)-1),0) -> 3
B45: =IF($A45="","",ROUND(_xlfn.XLOOKUP($A45,'#现网数据参考'!$A:$A,'#现网数据参考'!G:G)*IF($A45<=9,0.5,1),0)) | C45: =IF($A45="","",ROUND(_xlfn.XLOOKUP($A45,'#现网数据参考'!$A:$A,'#现网数据参考'!P:P),0)) | D45: 3 | E45: 60 | F45: =ROUND(OFFSET('#现网数据参考'!$A$1,MATCH(OFFSET($A45,-MOD(ROW()-1,3),0),'#现网数据参考'!$A:$A,0)-1,MATCH(F$2&$E45,'#现网数据参考'!$3:$3,0)-1)*IF(OFFSET($A45,-MOD(ROW()-1,3),0)<=9,0.6,1),0) -> 36 | G45: =_xlfn.XLOOKUP(OFFSET($A45,-MOD(ROW()-1,3),0),'#出征索引'!A:A,'#出征索引'!B:B)+_xlfn.XLOOKUP(OFFSET($A45,-MOD(ROW()-1,3),0),'#出征索引'!A:A,'#出征索引'!C:C)*_xlfn.XLOOKUP(F45,'#出征索引'!E:E,'#出征索引'!F:F) -> 21800 | H45: =ROUND(OFFSET('#现网数据参考'!$A$1,MATCH(OFFSET($A45,-MOD(ROW()-1,3),0),'#现网数据参考'!$A:$A,0)-1,MATCH(H$2&$E45,'#现网数据参考'!$3:$3,0)-1)*IF(OFFSET($A45,-MOD(ROW()-1,3),0)<=9,0.6,1),0) -> 32 | I45: =ROUND(OFFSET('#现网数据参考'!$A$1,MATCH(OFFSET($A45,-MOD(ROW()-1,3),0),'#现网数据参考'!$A:$A,0)-1,MATCH(I$2&$E45,'#现网数据参考'!$3:$3,0)-1)*IF(OFFSET($A45,-MOD(ROW()-1,3),0)<=9,0.6,1),0) -> 12 | J45: =ROUND(OFFSET('#现网数据参考'!$A$1,MATCH(OFFSET($A45,-MOD(ROW()-1,3),0),'#现网数据参考'!$A:$A,0)-1,MATCH(J$2&$E45,'#现网数据参考'!$3:$3,0)-1)*IF(OFFSET($A45,-MOD(ROW()-1,3),0)<=9,0.6,1),0) -> 11 | K45: =ROUND(OFFSET('#现网数据参考'!$A$1,MATCH(OFFSET($A45,-MOD(ROW()-1,3),0),'#现网数据参考'!$A:$A,0)-1,MATCH(K$2&$E45,'#现网数据参考'!$3:$3,0)-1)*IF(OFFSET($A45,-MOD(ROW()-1,3),0)<=9,0.6,1),0) -> 0 | L45: =ROUND(OFFSET('#现网数据参考'!$A$1,MATCH(OFFSET($A45,-MOD(ROW()-1,3),0),'#现网数据参考'!$A:$A,0)-1,MATCH(L$2&$E45,'#现网数据参考'!$3:$3,0)-1),0) -> 3
A46: 15 | B46: =IF($A46="","",ROUND(_xlfn.XLOOKUP($A46,'#现网数据参考'!$A:$A,'#现网数据参考'!G:G)*IF($A46<=9,0.5,1),0)) -> 788143 | C46: =IF($A46="","",ROUND(_xlfn.XLOOKUP($A46,'#现网数据参考'!$A:$A,'#现网数据参考'!P:P),0)) -> 3 | D46: 1 | E46: 20 | F46: =ROUND(OFFSET('#现网数据参考'!$A$1,MATCH(OFFSET($A46,-MOD(ROW()-1,3),0),'#现网数据参考'!$A:$A,0)-1,MATCH(F$2&$E46,'#现网数据参考'!$3:$3,0)-1)*IF(OFFSET($A46,-MOD(ROW()-1,3),0)<=9,0.6,1),0) -> 30 | G46: =_xlfn.XLOOKUP(OFFSET($A46,-MOD(ROW()-1,3),0),'#出征索引'!A:A,'#出征索引'!B:B)+_xlfn.XLOOKUP(OFFSET($A46,-MOD(ROW()-1,3),0),'#出征索引'!A:A,'#出征索引'!C:C)*_xlfn.XLOOKUP(F46,'#出征索引'!E:E,'#出征索引'!F:F) -> 20400 | H46: =ROUND(OFFSET('#现网数据参考'!$A$1,MATCH(OFFSET($A46,-MOD(ROW()-1,3),0),'#现网数据参考'!$A:$A,0)-1,MATCH(H$2&$E46,'#现网数据参考'!$3:$3,0)-1)*IF(OFFSET($A46,-MOD(ROW()-1,3),0)<=9,0.6,1),0) -> 29 | I46: =ROUND(OFFSET('#现网数据参考'!$A$1,MATCH(OFFSET($A46,-MOD(ROW()-1,3),0),'#现网数据参考'!$A:$A,0)-1,MATCH(I$2&$E46,'#现网数据参考'!$3:$3,0)-1)*IF(OFFSET($A46,-MOD(ROW()-1,3),0)<=9,0.6,1),0) -> 10 | J46: =ROUND(OFFSET('#现网数据参考'!$A$1,MATCH(OFFSET($A46,-MOD(ROW()-1,3),0),'#现网数据参考'!$A:$A,0)-1,MATCH(J$2&$E46,'#现网数据参考'!$3:$3,0)-1)*IF(OFFSET($A46,-MOD(ROW()-1,3),0)<=9,0.6,1),0) -> 9 | K46: =ROUND(OFFSET('#现网数据参考'!$A$1,MATCH(OFFSET($A46,-MOD(ROW()-1,3),0),'#现网数据参考'!$A:$A,0)-1,MATCH(K$2&$E46,'#现网数据参考'!$3:$3,0)-1)*IF(OFFSET($A46,-MOD(ROW()-1,3),0)<=9,0.6,1),0) -> 1 | L46: =ROUND(OFFSET('#现网数据参考'!$A$1,MATCH(OFFSET($A46,-MOD(ROW()-1,3),0),'#现网数据参考'!$A:$A,0)-1,MATCH(L$2&$E46,'#现网数据参考'!$3:$3,0)-1),0) -> 3
B47: =IF($A47="","",ROUND(_xlfn.XLOOKUP($A47,'#现网数据参考'!$A:$A,'#现网数据参考'!G:G)*IF($A47<=9,0.5,1),0)) | C47: =IF($A47="","",ROUND(_xlfn.XLOOKUP($A47,'#现网数据参考'!$A:$A,'#现网数据参考'!P:P),0)) | D47: 2 | E47: 40 | F47: =ROUND(OFFSET('#现网数据参考'!$A$1,MATCH(OFFSET($A47,-MOD(ROW()-1,3),0),'#现网数据参考'!$A:$A,0)-1,MATCH(F$2&$E47,'#现网数据参考'!$3:$3,0)-1)*IF(OFFSET($A47,-MOD(ROW()-1,3),0)<=9,0.6,1),0) -> 35 | G47: =_xlfn.XLOOKUP(OFFSET($A47,-MOD(ROW()-1,3),0),'#出征索引'!A:A,'#出征索引'!B:B)+_xlfn.XLOOKUP(OFFSET($A47,-MOD(ROW()-1,3),0),'#出征索引'!A:A,'#出征索引'!C:C)*_xlfn.XLOOKUP(F47,'#出征索引'!E:E,'#出征索引'!F:F) -> 22400 | H47: =ROUND(OFFSET('#现网数据参考'!$A$1,MATCH(OFFSET($A47,-MOD(ROW()-1,3),0),'#现网数据参考'!$A:$A,0)-1,MATCH(H$2&$E47,'#现网数据参考'!$3:$3,0)-1)*IF(OFFSET($A47,-MOD(ROW()-1,3),0)<=9,0.6,1),0) -> 33 | I47: =ROUND(OFFSET('#现网数据参考'!$A$1,MATCH(OFFSET($A47,-MOD(ROW()-1,3),0),'#现网数据参考'!$A:$A,0)-1,MATCH(I$2&$E47,'#现网数据参考'!$3:$3,0)-1)*IF(OFFSET($A47,-MOD(ROW()-1,3),0)<=9,0.6,1),0) -> 11 | J47: =ROUND(OFFSET('#现网数据参考'!$A$1,MATCH(OFFSET($A47,-MOD(ROW()-1,3),0),'#现网数据参考'!$A:$A,0)-1,MATCH(J$2&$E47,'#现网数据参考'!$3:$3,0)-1)*IF(OFFSET($A47,-MOD(ROW()-1,3),0)<=9,0.6,1),0) -> 10 | K47: =ROUND(OFFSET('#现网数据参考'!$A$1,MATCH(OFFSET($A47,-MOD(ROW()-1,3),0),'#现网数据参考'!$A:$A,0)-1,MATCH(K$2&$E47,'#现网数据参考'!$3:$3,0)-1)*IF(OFFSET($A47,-MOD(ROW()-1,3),0)<=9,0.6,1),0) -> 2 | L47: =ROUND(OFFSET('#现网数据参考'!$A$1,MATCH(OFFSET($A47,-MOD(ROW()-1,3),0),'#现网数据参考'!$A:$A,0)-1,MATCH(L$2&$E47,'#现网数据参考'!$3:$3,0)-1),0) -> 3
B48: =IF($A48="","",ROUND(_xlfn.XLOOKUP($A48,'#现网数据参考'!$A:$A,'#现网数据参考'!G:G)*IF($A48<=9,0.5,1),0)) | C48: =IF($A48="","",ROUND(_xlfn.XLOOKUP($A48,'#现网数据参考'!$A:$A,'#现网数据参考'!P:P),0)) | D48: 3 | E48: 60 | F48: =ROUND(OFFSET('#现网数据参考'!$A$1,MATCH(OFFSET($A48,-MOD(ROW()-1,3),0),'#现网数据参考'!$A:$A,0)-1,MATCH(F$2&$E48,'#现网数据参考'!$3:$3,0)-1)*IF(OFFSET($A48,-MOD(ROW()-1,3),0)<=9,0.6,1),0) -> 39 | G48: =_xlfn.XLOOKUP(OFFSET($A48,-MOD(ROW()-1,3),0),'#出征索引'!A:A,'#出征索引'!B:B)+_xlfn.XLOOKUP(OFFSET($A48,-MOD(ROW()-1,3),0),'#出征索引'!A:A,'#出征索引'!C:C)*_xlfn.XLOOKUP(F48,'#出征索引'!E:E,'#出征索引'!F:F) -> 24000 | H48: =ROUND(OFFSET('#现网数据参考'!$A$1,MATCH(OFFSET($A48,-MOD(ROW()-1,3),0),'#现网数据参考'!$A:$A,0)-1,MATCH(H$2&$E48,'#现网数据参考'!$3:$3,0)-1)*IF(OFFSET($A48,-MOD(ROW()-1,3),0)<=9,0.6,1),0) -> 35 | I48: =ROUND(OFFSET('#现网数据参考'!$A$1,MATCH(OFFSET($A48,-MOD(ROW()-1,3),0),'#现网数据参考'!$A:$A,0)-1,MATCH(I$2&$E48,'#现网数据参考'!$3:$3,0)-1)*IF(OFFSET($A48,-MOD(ROW()-1,3),0)<=9,0.6,1),0) -> 12 | J48: =ROUND(OFFSET('#现网数据参考'!$A$1,MATCH(OFFSET($A48,-MOD(ROW()-1,3),0),'#现网数据参考'!$A:$A,0)-1,MATCH(J$2&$E48,'#现网数据参考'!$3:$3,0)-1)*IF(OFFSET($A48,-MOD(ROW()-1,3),0)<=9,0.6,1),0) -> 12 | K48: =ROUND(OFFSET('#现网数据参考'!$A$1,MATCH(OFFSET($A48,-MOD(ROW()-1,3),0),'#现网数据参考'!$A:$A,0)-1,MATCH(K$2&$E48,'#现网数据参考'!$3:$3,0)-1)*IF(OFFSET($A48,-MOD(ROW()-1,3),0)<=9,0.6,1),0) -> 4 | L48: =ROUND(OFFSET('#现网数据参考'!$A$1,MATCH(OFFSET($A48,-MOD(ROW()-1,3),0),'#现网数据参考'!$A:$A,0)-1,MATCH(L$2&$E48,'#现网数据参考'!$3:$3,0)-1),0) -> 3
A49: 16 | B49: =IF($A49="","",ROUND(_xlfn.XLOOKUP($A49,'#现网数据参考'!$A:$A,'#现网数据参考'!G:G)*IF($A49<=9,0.5,1),0)) -> 1008770 | C49: =IF($A49="","",ROUND(_xlfn.XLOOKUP($A49,'#现网数据参考'!$A:$A,'#现网数据参考'!P:P),0)) -> 3 | D49: 1 | E49: 20 | F49: =ROUND(OFFSET('#现网数据参考'!$A$1,MATCH(OFFSET($A49,-MOD(ROW()-1,3),0),'#现网数据参考'!$A:$A,0)-1,MATCH(F$2&$E49,'#现网数据参考'!$3:$3,0)-1)*IF(OFFSET($A49,-MOD(ROW()-1,3),0)<=9,0.6,1),0) -> 32 | G49: =_xlfn.XLOOKUP(OFFSET($A49,-MOD(ROW()-1,3),0),'#出征索引'!A:A,'#出征索引'!B:B)+_xlfn.XLOOKUP(OFFSET($A49,-MOD(ROW()-1,3),0),'#出征索引'!A:A,'#出征索引'!C:C)*_xlfn.XLOOKUP(F49,'#出征索引'!E:E,'#出征索引'!F:F) -> 22700 | H49: =ROUND(OFFSET('#现网数据参考'!$A$1,MATCH(OFFSET($A49,-MOD(ROW()-1,3),0),'#现网数据参考'!$A:$A,0)-1,MATCH(H$2&$E49,'#现网数据参考'!$3:$3,0)-1)*IF(OFFSET($A49,-MOD(ROW()-1,3),0)<=9,0.6,1),0) -> 32 | I49: =ROUND(OFFSET('#现网数据参考'!$A$1,MATCH(OFFSET($A49,-MOD(ROW()-1,3),0),'#现网数据参考'!$A:$A,0)-1,MATCH(I$2&$E49,'#现网数据参考'!$3:$3,0)-1)*IF(OFFSET($A49,-MOD(ROW()-1,3),0)<=9,0.6,1),0) -> 11 | J49: =ROUND(OFFSET('#现网数据参考'!$A$1,MATCH(OFFSET($A49,-MOD(ROW()-1,3),0),'#现网数据参考'!$A:$A,0)-1,MATCH(J$2&$E49,'#现网数据参考'!$3:$3,0)-1)*IF(OFFSET($A49,-MOD(ROW()-1,3),0)<=9,0.6,1),0) -> 9 | K49: =ROUND(OFFSET('#现网数据参考'!$A$1,MATCH(OFFSET($A49,-MOD(ROW()-1,3),0),'#现网数据参考'!$A:$A,0)-1,MATCH(K$2&$E49,'#现网数据参考'!$3:$3,0)-1)*IF(OFFSET($A49,-MOD(ROW()-1,3),0)<=9,0.6,1),0) -> 2 | L49: =ROUND(OFFSET('#现网数据参考'!$A$1,MATCH(OFFSET($A49,-MOD(ROW()-1,3),0),'#现网数据参考'!$A:$A,0)-1,MATCH(L$2&$E49,'#现网数据参考'!$3:$3,0)-1),0) -> 3
B50: =IF($A50="","",ROUND(_xlfn.XLOOKUP($A50,'#现网数据参考'!$A:$A,'#现网数据参考'!G:G)*IF($A50<=9,0.5,1),0)) | C50: =IF($A50="","",ROUND(_xlfn.XLOOKUP($A50,'#现网数据参考'!$A:$A,'#现网数据参考'!P:P),0)) | D50: 2 | E50: 40 | F50: =ROUND(OFFSET('#现网数据参考'!$A$1,MATCH(OFFSET($A50,-MOD(ROW()-1,3),0),'#现网数据参考'!$A:$A,0)-1,MATCH(F$2&$E50,'#现网数据参考'!$3:$3,0)-1)*IF(OFFSET($A50,-MOD(ROW()-1,3),0)<=9,0.6,1),0) -> 38 | G50: =_xlfn.XLOOKUP(OFFSET($A50,-MOD(ROW()-1,3),0),'#出征索引'!A:A,'#出征索引'!B:B)+_xlfn.XLOOKUP(OFFSET($A50,-MOD(ROW()-1,3),0),'#出征索引'!A:A,'#出征索引'!C:C)*_xlfn.XLOOKUP(F50,'#出征索引'!E:E,'#出征索引'!F:F) -> 25100 | H50: =ROUND(OFFSET('#现网数据参考'!$A$1,MATCH(OFFSET($A50,-MOD(ROW()-1,3),0),'#现网数据参考'!$A:$A,0)-1,MATCH(H$2&$E50,'#现网数据参考'!$3:$3,0)-1)*IF(OFFSET($A50,-MOD(ROW()-1,3),0)<=9,0.6,1),0) -> 36 | I50: =ROUND(OFFSET('#现网数据参考'!$A$1,MATCH(OFFSET($A50,-MOD(ROW()-1,3),0),'#现网数据参考'!$A:$A,0)-1,MATCH(I$2&$E50,'#现网数据参考'!$3:$3,0)-1)*IF(OFFSET($A50,-MOD(ROW()-1,3),0)<=9,0.6,1),0) -> 12 | J50: =ROUND(OFFSET('#现网数据参考'!$A$1,MATCH(OFFSET($A50,-MOD(ROW()-1,3),0),'#现网数据参考'!$A:$A,0)-1,MATCH(J$2&$E50,'#现网数据参考'!$3:$3,0)-1)*IF(OFFSET($A50,-MOD(ROW()-1,3),0)<=9,0.6,1),0) -> 11 | K50: =ROUND(OFFSET('#现网数据参考'!$A$1,MATCH(OFFSET($A50,-MOD(ROW()-1,3),0),'#现网数据参考'!$A:$A,0)-1,MATCH(K$2&$E50,'#现网数据参考'!$3:$3,0)-1)*IF(OFFSET($A50,-MOD(ROW()-1,3),0)<=9,0.6,1),0) -> 5 | L50: =ROUND(OFFSET('#现网数据参考'!$A$1,MATCH(OFFSET($A50,-MOD(ROW()-1,3),0),'#现网数据参考'!$A:$A,0)-1,MATCH(L$2&$E50,'#现网数据参考'!$3:$3,0)-1),0) -> 3
B51: =IF($A51="","",ROUND(_xlfn.XLOOKUP($A51,'#现网数据参考'!$A:$A,'#现网数据参考'!G:G)*IF($A51<=9,0.5,1),0)) | C51: =IF($A51="","",ROUND(_xlfn.XLOOKUP($A51,'#现网数据参考'!$A:$A,'#现网数据参考'!P:P),0)) | D51: 3 | E51: 60 | F51: =ROUND(OFFSET('#现网数据参考'!$A$1,MATCH(OFFSET($A51,-MOD(ROW()-1,3),0),'#现网数据参考'!$A:$A,0)-1,MATCH(F$2&$E51,'#现网数据参考'!$3:$3,0)-1)*IF(OFFSET($A51,-MOD(ROW()-1,3),0)<=9,0.6,1),0) -> 44 | G51: =_xlfn.XLOOKUP(OFFSET($A51,-MOD(ROW()-1,3),0),'#出征索引'!A:A,'#出征索引'!B:B)+_xlfn.XLOOKUP(OFFSET($A51,-MOD(ROW()-1,3),0),'#出征索引'!A:A,'#出征索引'!C:C)*_xlfn.XLOOKUP(F51,'#出征索引'!E:E,'#出征索引'!F:F) -> 27500 | H51: =ROUND(OFFSET('#现网数据参考'!$A$1,MATCH(OFFSET($A51,-MOD(ROW()-1,3),0),'#现网数据参考'!$A:$A,0)-1,MATCH(H$2&$E51,'#现网数据参考'!$3:$3,0)-1)*IF(OFFSET($A51,-MOD(ROW()-1,3),0)<=9,0.6,1),0) -> 38 | I51: =ROUND(OFFSET('#现网数据参考'!$A$1,MATCH(OFFSET($A51,-MOD(ROW()-1,3),0),'#现网数据参考'!$A:$A,0)-1,MATCH(I$2&$E51,'#现网数据参考'!$3:$3,0)-1)*IF(OFFSET($A51,-MOD(ROW()-1,3),0)<=9,0.6,1),0) -> 13 | J51: =ROUND(OFFSET('#现网数据参考'!$A$1,MATCH(OFFSET($A51,-MOD(ROW()-1,3),0),'#现网数据参考'!$A:$A,0)-1,MATCH(J$2&$E51,'#现网数据参考'!$3:$3,0)-1)*IF(OFFSET($A51,-MOD(ROW()-1,3),0)<=9,0.6,1),0) -> 12 | K51: =ROUND(OFFSET('#现网数据参考'!$A$1,MATCH(OFFSET($A51,-MOD(ROW()-1,3),0),'#现网数据参考'!$A:$A,0)-1,MATCH(K$2&$E51,'#现网数据参考'!$3:$3,0)-1)*IF(OFFSET($A51,-MOD(ROW()-1,3),0)<=9,0.6,1),0) -> 9 | L51: =ROUND(OFFSET('#现网数据参考'!$A$1,MATCH(OFFSET($A51,-MOD(ROW()-1,3),0),'#现网数据参考'!$A:$A,0)-1,MATCH(L$2&$E51,'#现网数据参考'!$3:$3,0)-1),0) -> 4
A52: 17 | B52: =IF($A52="","",ROUND(_xlfn.XLOOKUP($A52,'#现网数据参考'!$A:$A,'#现网数据参考'!G:G)*IF($A52<=9,0.5,1),0)) -> 1323812 | C52: =IF($A52="","",ROUND(_xlfn.XLOOKUP($A52,'#现网数据参考'!$A:$A,'#现网数据参考'!P:P),0)) -> 3 | D52: 1 | E52: 20 | F52: =ROUND(OFFSET('#现网数据参考'!$A$1,MATCH(OFFSET($A52,-MOD(ROW()-1,3),0),'#现网数据参考'!$A:$A,0)-1,MATCH(F$2&$E52,'#现网数据参考'!$3:$3,0)-1)*IF(OFFSET($A52,-MOD(ROW()-1,3),0)<=9,0.6,1),0) -> 32 | G52: =_xlfn.XLOOKUP(OFFSET($A52,-MOD(ROW()-1,3),0),'#出征索引'!A:A,'#出征索引'!B:B)+_xlfn.XLOOKUP(OFFSET($A52,-MOD(ROW()-1,3),0),'#出征索引'!A:A,'#出征索引'!C:C)*_xlfn.XLOOKUP(F52,'#出征索引'!E:E,'#出征索引'!F:F) -> 30800 | H52: =ROUND(OFFSET('#现网数据参考'!$A$1,MATCH(OFFSET($A52,-MOD(ROW()-1,3),0),'#现网数据参考'!$A:$A,0)-1,MATCH(H$2&$E52,'#现网数据参考'!$3:$3,0)-1)*IF(OFFSET($A52,-MOD(ROW()-1,3),0)<=9,0.6,1),0) -> 36 | I52: =ROUND(OFFSET('#现网数据参考'!$A$1,MATCH(OFFSET($A52,-MOD(ROW()-1,3),0),'#现网数据参考'!$A:$A,0)-1,MATCH(I$2&$E52,'#现网数据参考'!$3:$3,0)-1)*IF(OFFSET($A52,-MOD(ROW()-1,3),0)<=9,0.6,1),0) -> 12 | J52: =ROUND(OFFSET('#现网数据参考'!$A$1,MATCH(OFFSET($A52,-MOD(ROW()-1,3),0),'#现网数据参考'!$A:$A,0)-1,MATCH(J$2&$E52,'#现网数据参考'!$3:$3,0)-1)*IF(OFFSET($A52,-MOD(ROW()-1,3),0)<=9,0.6,1),0) -> 9 | K52: =ROUND(OFFSET('#现网数据参考'!$A$1,MATCH(OFFSET($A52,-MOD(ROW()-1,3),0),'#现网数据参考'!$A:$A,0)-1,MATCH(K$2&$E52,'#现网数据参考'!$3:$3,0)-1)*IF(OFFSET($A52,-MOD(ROW()-1,3),0)<=9,0.6,1),0) -> 5 | L52: =ROUND(OFFSET('#现网数据参考'!$A$1,MATCH(OFFSET($A52,-MOD(ROW()-1,3),0),'#现网数据参考'!$A:$A,0)-1,MATCH(L$2&$E52,'#现网数据参考'!$3:$3,0)-1),0) -> 3
B53: =IF($A53="","",ROUND(_xlfn.XLOOKUP($A53,'#现网数据参考'!$A:$A,'#现网数据参考'!G:G)*IF($A53<=9,0.5,1),0)) | C53: =IF($A53="","",ROUND(_xlfn.XLOOKUP($A53,'#现网数据参考'!$A:$A,'#现网数据参考'!P:P),0)) | D53: 2 | E53: 40 | F53: =ROUND(OFFSET('#现网数据参考'!$A$1,MATCH(OFFSET($A53,-MOD(ROW()-1,3),0),'#现网数据参考'!$A:$A,0)-1,MATCH(F$2&$E53,'#现网数据参考'!$3:$3,0)-1)*IF(OFFSET($A53,-MOD(ROW()-1,3),0)<=9,0.6,1),0) -> 38 | G53: =_xlfn.XLOOKUP(OFFSET($A53,-MOD(ROW()-1,3),0),'#出征索引'!A:A,'#出征索引'!B:B)+_xlfn.XLOOKUP(OFFSET($A53,-MOD(ROW()-1,3),0),'#出征索引'!A:A,'#出征索引'!C:C)*_xlfn.XLOOKUP(F53,'#出征索引'!E:E,'#出征索引'!F:F) -> 34400 | H53: =ROUND(OFFSET('#现网数据参考'!$A$1,MATCH(OFFSET($A53,-MOD(ROW()-1,3),0),'#现网数据参考'!$A:$A,0)-1,MATCH(H$2&$E53,'#现网数据参考'!$3:$3,0)-1)*IF(OFFSET($A53,-MOD(ROW()-1,3),0)<=9,0.6,1),0) -> 39 | I53: =ROUND(OFFSET('#现网数据参考'!$A$1,MATCH(OFFSET($A53,-MOD(ROW()-1,3),0),'#现网数据参考'!$A:$A,0)-1,MATCH(I$2&$E53,'#现网数据参考'!$3:$3,0)-1)*IF(OFFSET($A53,-MOD(ROW()-1,3),0)<=9,0.6,1),0) -> 13 | J53: =ROUND(OFFSET('#现网数据参考'!$A$1,MATCH(OFFSET($A53,-MOD(ROW()-1,3),0),'#现网数据参考'!$A:$A,0)-1,MATCH(J$2&$E53,'#现网数据参考'!$3:$3,0)-1)*IF(OFFSET($A53,-MOD(ROW()-1,3),0)<=9,0.6,1),0) -> 10 | K53: =ROUND(OFFSET('#现网数据参考'!$A$1,MATCH(OFFSET($A53,-MOD(ROW()-1,3),0),'#现网数据参考'!$A:$A,0)-1,MATCH(K$2&$E53,'#现网数据参考'!$3:$3,0)-1)*IF(OFFSET($A53,-MOD(ROW()-1,3),0)<=9,0.6,1),0) -> 11 | L53: =ROUND(OFFSET('#现网数据参考'!$A$1,MATCH(OFFSET($A53,-MOD(ROW()-1,3),0),'#现网数据参考'!$A:$A,0)-1,MATCH(L$2&$E53,'#现网数据参考'!$3:$3,0)-1),0) -> 4
B54: =IF($A54="","",ROUND(_xlfn.XLOOKUP($A54,'#现网数据参考'!$A:$A,'#现网数据参考'!G:G)*IF($A54<=9,0.5,1),0)) | C54: =IF($A54="","",ROUND(_xlfn.XLOOKUP($A54,'#现网数据参考'!$A:$A,'#现网数据参考'!P:P),0)) | D54: 3 | E54: 60 | F54: =ROUND(OFFSET('#现网数据参考'!$A$1,MATCH(OFFSET($A54,-MOD(ROW()-1,3),0),'#现网数据参考'!$A:$A,0)-1,MATCH(F$2&$E54,'#现网数据参考'!$3:$3,0)-1)*IF(OFFSET($A54,-MOD(ROW()-1,3),0)<=9,0.6,1),0) -> 43 | G54: =_xlfn.XLOOKUP(OFFSET($A54,-MOD(ROW()-1,3),0),'#出征索引'!A:A,'#出征索引'!B:B)+_xlfn.XLOOKUP(OFFSET($A54,-MOD(ROW()-1,3),0),'#出征索引'!A:A,'#出征索引'!C:C)*_xlfn.XLOOKUP(F54,'#出征索引'!E:E,'#出征索引'!F:F) -> 37400 | H54: =ROUND(OFFSET('#现网数据参考'!$A$1,MATCH(OFFSET($A54,-MOD(ROW()-1,3),0),'#现网数据参考'!$A:$A,0)-1,MATCH(H$2&$E54,'#现网数据参考'!$3:$3,0)-1)*IF(OFFSET($A54,-MOD(ROW()-1,3),0)<=9,0.6,1),0) -> 41 | I54: =ROUND(OFFSET('#现网数据参考'!$A$1,MATCH(OFFSET($A54,-MOD(ROW()-1,3),0),'#现网数据参考'!$A:$A,0)-1,MATCH(I$2&$E54,'#现网数据参考'!$3:$3,0)-1)*IF(OFFSET($A54,-MOD(ROW()-1,3),0)<=9,0.6,1),0) -> 14 | J54: =ROUND(OFFSET('#现网数据参考'!$A$1,MATCH(OFFSET($A54,-MOD(ROW()-1,3),0),'#现网数据参考'!$A:$A,0)-1,MATCH(J$2&$E54,'#现网数据参考'!$3:$3,0)-1)*IF(OFFSET($A54,-MOD(ROW()-1,3),0)<=9,0.6,1),0) -> 11 | K54: =ROUND(OFFSET('#现网数据参考'!$A$1,MATCH(OFFSET($A54,-MOD(ROW()-1,3),0),'#现网数据参考'!$A:$A,0)-1,MATCH(K$2&$E54,'#现网数据参考'!$3:$3,0)-1)*IF(OFFSET($A54,-MOD(ROW()-1,3),0)<=9,0.6,1),0) -> 16 | L54: =ROUND(OFFSET('#现网数据参考'!$A$1,MATCH(OFFSET($A54,-MOD(ROW()-1,3),0),'#现网数据参考'!$A:$A,0)-1,MATCH(L$2&$E54,'#现网数据参考'!$3:$3,0)-1),0) -> 4
A55: 18 | B55: =IF($A55="","",ROUND(_xlfn.XLOOKUP($A55,'#现网数据参考'!$A:$A,'#现网数据参考'!G:G)*IF($A55<=9,0.5,1),0)) -> 1751472 | C55: =IF($A55="","",ROUND(_xlfn.XLOOKUP($A55,'#现网数据参考'!$A:$A,'#现网数据参考'!P:P),0)) -> 4 | D55: 1 | E55: 20 | F55: =ROUND(OFFSET('#现网数据参考'!$A$1,MATCH(OFFSET($A55,-MOD(ROW()-1,3),0),'#现网数据参考'!$A:$A,0)-1,MATCH(F$2&$E55,'#现网数据参考'!$3:$3,0)-1)*IF(OFFSET($A55,-MOD(ROW()-1,3),0)<=9,0.6,1),0) -> 35 | G55: =_xlfn.XLOOKUP(OFFSET($A55,-MOD(ROW()-1,3),0),'#出征索引'!A:A,'#出征索引'!B:B)+_xlfn.XLOOKUP(OFFSET($A55,-MOD(ROW()-1,3),0),'#出征索引'!A:A,'#出征索引'!C:C)*_xlfn.XLOOKUP(F55,'#出征索引'!E:E,'#出征索引'!F:F) -> 34100 | H55: =ROUND(OFFSET('#现网数据参考'!$A$1,MATCH(OFFSET($A55,-MOD(ROW()-1,3),0),'#现网数据参考'!$A:$A,0)-1,MATCH(H$2&$E55,'#现网数据参考'!$3:$3,0)-1)*IF(OFFSET($A55,-MOD(ROW()-1,3),0)<=9,0.6,1),0) -> 39 | I55: =ROUND(OFFSET('#现网数据参考'!$A$1,MATCH(OFFSET($A55,-MOD(ROW()-1,3),0),'#现网数据参考'!$A:$A,0)-1,MATCH(I$2&$E55,'#现网数据参考'!$3:$3,0)-1)*IF(OFFSET($A55,-MOD(ROW()-1,3),0)<=9,0.6,1),0) -> 13 | J55: =ROUND(OFFSET('#现网数据参考'!$A$1,MATCH(OFFSET($A55,-MOD(ROW()-1,3),0),'#现网数据参考'!$A:$A,0)-1,MATCH(J$2&$E55,'#现网数据参考'!$3:$3,0)-1)*IF(OFFSET($A55,-MOD(ROW()-1,3),0)<=9,0.6,1),0) -> 9 | K55: =ROUND(OFFSET('#现网数据参考'!$A$1,MATCH(OFFSET($A55,-MOD(ROW()-1,3),0),'#现网数据参考'!$A:$A,0)-1,MATCH(K$2&$E55,'#现网数据参考'!$3:$3,0)-1)*IF(OFFSET($A55,-MOD(ROW()-1,3),0)<=9,0.6,1),0) -> 10 | L55: =ROUND(OFFSET('#现网数据参考'!$A$1,MATCH(OFFSET($A55,-MOD(ROW()-1,3),0),'#现网数据参考'!$A:$A,0)-1,MATCH(L$2&$E55,'#现网数据参考'!$3:$3,0)-1),0) -> 4
B56: =IF($A56="","",ROUND(_xlfn.XLOOKUP($A56,'#现网数据参考'!$A:$A,'#现网数据参考'!G:G)*IF($A56<=9,0.5,1),0)) | C56: =IF($A56="","",ROUND(_xlfn.XLOOKUP($A56,'#现网数据参考'!$A:$A,'#现网数据参考'!P:P),0)) | D56: 2 | E56: 40 | F56: =ROUND(OFFSET('#现网数据参考'!$A$1,MATCH(OFFSET($A56,-MOD(ROW()-1,3),0),'#现网数据参考'!$A:$A,0)-1,MATCH(F$2&$E56,'#现网数据参考'!$3:$3,0)-1)*IF(OFFSET($A56,-MOD(ROW()-1,3),0)<=9,0.6,1),0) -> 41 | G56: =_xlfn.XLOOKUP(OFFSET($A56,-MOD(ROW()-1,3),0),'#出征索引'!A:A,'#出征索引'!B:B)+_xlfn.XLOOKUP(OFFSET($A56,-MOD(ROW()-1,3),0),'#出征索引'!A:A,'#出征索引'!C:C)*_xlfn.XLOOKUP(F56,'#出征索引'!E:E,'#出征索引'!F:F) -> 37700 | H56: =ROUND(OFFSET('#现网数据参考'!$A$1,MATCH(OFFSET($A56,-MOD(ROW()-1,3),0),'#现网数据参考'!$A:$A,0)-1,MATCH(H$2&$E56,'#现网数据参考'!$3:$3,0)-1)*IF(OFFSET($A56,-MOD(ROW()-1,3),0)<=9,0.6,1),0) -> 42 | I56: =ROUND(OFFSET('#现网数据参考'!$A$1,MATCH(OFFSET($A56,-MOD(ROW()-1,3),0),'#现网数据参考'!$A:$A,0)-1,MATCH(I$2&$E56,'#现网数据参考'!$3:$3,0)-1)*IF(OFFSET($A56,-MOD(ROW()-1,3),0)<=9,0.6,1),0) -> 14 | J56: =ROUND(OFFSET('#现网数据参考'!$A$1,MATCH(OFFSET($A56,-MOD(ROW()-1,3),0),'#现网数据参考'!$A:$A,0)-1,MATCH(J$2&$E56,'#现网数据参考'!$3:$3,0)-1)*IF(OFFSET($A56,-MOD(ROW()-1,3),0)<=9,0.6,1),0) -> 10 | K56: =ROUND(OFFSET('#现网数据参考'!$A$1,MATCH(OFFSET($A56,-MOD(ROW()-1,3),0),'#现网数据参考'!$A:$A,0)-1,MATCH(K$2&$E56,'#现网数据参考'!$3:$3,0)-1)*IF(OFFSET($A56,-MOD(ROW()-1,3),0)<=9,0.6,1),0) -> 18 | L56: =ROUND(OFFSET('#现网数据参考'!$A$1,MATCH(OFFSET($A56,-MOD(ROW()-1,3),0),'#现网数据参考'!$A:$A,0)-1,MATCH(L$2&$E56,'#现网数据参考'!$3:$3,0)-1),0) -> 4
B57: =IF($A57="","",ROUND(_xlfn.XLOOKUP($A57,'#现网数据参考'!$A:$A,'#现网数据参考'!G:G)*IF($A57<=9,0.5,1),0)) | C57: =IF($A57="","",ROUND(_xlfn.XLOOKUP($A57,'#现网数据参考'!$A:$A,'#现网数据参考'!P:P),0)) | D57: 3 | E57: 60 | F57: =ROUND(OFFSET('#现网数据参考'!$A$1,MATCH(OFFSET($A57,-MOD(ROW()-1,3),0),'#现网数据参考'!$A:$A,0)-1,MATCH(F$2&$E57,'#现网数据参考'!$3:$3,0)-1)*IF(OFFSET($A57,-MOD(ROW()-1,3),0)<=9,0.6,1),0) -> 47 | G57: =_xlfn.XLOOKUP(OFFSET($A57,-MOD(ROW()-1,3),0),'#出征索引'!A:A,'#出征索引'!B:B)+_xlfn.XLOOKUP(OFFSET($A57,-MOD(ROW()-1,3),0),'#出征索引'!A:A,'#出征索引'!C:C)*_xlfn.XLOOKUP(F57,'#出征索引'!E:E,'#出征索引'!F:F) -> 41300 | H57: =ROUND(OFFSET('#现网数据参考'!$A$1,MATCH(OFFSET($A57,-MOD(ROW()-1,3),0),'#现网数据参考'!$A:$A,0)-1,MATCH(H$2&$E57,'#现网数据参考'!$3:$3,0)-1)*IF(OFFSET($A57,-MOD(ROW()-1,3),0)<=9,0.6,1),0) -> 45 | I57: =ROUND(OFFSET('#现网数据参考'!$A$1,MATCH(OFFSET($A57,-MOD(ROW()-1,3),0),'#现网数据参考'!$A:$A,0)-1,MATCH(I$2&$E57,'#现网数据参考'!$3:$3,0)-1)*IF(OFFSET($A57,-MOD(ROW()-1,3),0)<=9,0.6,1),0) -> 16 | J57: =ROUND(OFFSET('#现网数据参考'!$A$1,MATCH(OFFSET($A57,-MOD(ROW()-1,3),0),'#现网数据参考'!$A:$A,0)-1,MATCH(J$2&$E57,'#现网数据参考'!$3:$3,0)-1)*IF(OFFSET($A57,-MOD(ROW()-1,3),0)<=9,0.6,1),0) -> 12 | K57: =ROUND(OFFSET('#现网数据参考'!$A$1,MATCH(OFFSET($A57,-MOD(ROW()-1,3),0),'#现网数据参考'!$A:$A,0)-1,MATCH(K$2&$E57,'#现网数据参考'!$3:$3,0)-1)*IF(OFFSET($A57,-MOD(ROW()-1,3),0)<=9,0.6,1),0) -> 26 | L57: =ROUND(OFFSET('#现网数据参考'!$A$1,MATCH(OFFSET($A57,-MOD(ROW()-1,3),0),'#现网数据参考'!$A:$A,0)-1,MATCH(L$2&$E57,'#现网数据参考'!$3:$3,0)-1),0) -> 4
A58: 19 | B58: =IF($A58="","",ROUND(_xlfn.XLOOKUP($A58,'#现网数据参考'!$A:$A,'#现网数据参考'!G:G)*IF($A58<=9,0.5,1),0)) -> 2209330 | C58: =IF($A58="","",ROUND(_xlfn.XLOOKUP($A58,'#现网数据参考'!$A:$A,'#现网数据参考'!P:P),0)) -> 4 | D58: 1 | E58: 20 | F58: =ROUND(OFFSET('#现网数据参考'!$A$1,MATCH(OFFSET($A58,-MOD(ROW()-1,3),0),'#现网数据参考'!$A:$A,0)-1,MATCH(F$2&$E58,'#现网数据参考'!$3:$3,0)-1)*IF(OFFSET($A58,-MOD(ROW()-1,3),0)<=9,0.6,1),0) -> 38 | G58: =_xlfn.XLOOKUP(OFFSET($A58,-MOD(ROW()-1,3),0),'#出征索引'!A:A,'#出征索引'!B:B)+_xlfn.XLOOKUP(OFFSET($A58,-MOD(ROW()-1,3),0),'#出征索引'!A:A,'#出征索引'!C:C)*_xlfn.XLOOKUP(F58,'#出征索引'!E:E,'#出征索引'!F:F) -> 37400 | H58: =ROUND(OFFSET('#现网数据参考'!$A$1,MATCH(OFFSET($A58,-MOD(ROW()-1,3),0),'#现网数据参考'!$A:$A,0)-1,MATCH(H$2&$E58,'#现网数据参考'!$3:$3,0)-1)*IF(OFFSET($A58,-MOD(ROW()-1,3),0)<=9,0.6,1),0) -> 42 | I58: =ROUND(OFFSET('#现网数据参考'!$A$1,MATCH(OFFSET($A58,-MOD(ROW()-1,3),0),'#现网数据参考'!$A:$A,0)-1,MATCH(I$2&$E58,'#现网数据参考'!$3:$3,0)-1)*IF(OFFSET($A58,-MOD(ROW()-1,3),0)<=9,0.6,1),0) -> 14 | J58: =ROUND(OFFSET('#现网数据参考'!$A$1,MATCH(OFFSET($A58,-MOD(ROW()-1,3),0),'#现网数据参考'!$A:$A,0)-1,MATCH(J$2&$E58,'#现网数据参考'!$3:$3,0)-1)*IF(OFFSET($A58,-MOD(ROW()-1,3),0)<=9,0.6,1),0) -> 9 | K58: =ROUND(OFFSET('#现网数据参考'!$A$1,MATCH(OFFSET($A58,-MOD(ROW()-1,3),0),'#现网数据参考'!$A:$A,0)-1,MATCH(K$2&$E58,'#现网数据参考'!$3:$3,0)-1)*IF(OFFSET($A58,-MOD(ROW()-1,3),0)<=9,0.6,1),0) -> 15 | L58: =ROUND(OFFSET('#现网数据参考'!$A$1,MATCH(OFFSET($A58,-MOD(ROW()-1,3),0),'#现网数据参考'!$A:$A,0)-1,MATCH(L$2&$E58,'#现网数据参考'!$3:$3,0)-1),0) -> 4
B59: =IF($A59="","",ROUND(_xlfn.XLOOKUP($A59,'#现网数据参考'!$A:$A,'#现网数据参考'!G:G)*IF($A59<=9,0.5,1),0)) | C59: =IF($A59="","",ROUND(_xlfn.XLOOKUP($A59,'#现网数据参考'!$A:$A,'#现网数据参考'!P:P),0)) | D59: 2 | E59: 40 | F59: =ROUND(OFFSET('#现网数据参考'!$A$1,MATCH(OFFSET($A59,-MOD(ROW()-1,3),0),'#现网数据参考'!$A:$A,0)-1,MATCH(F$2&$E59,'#现网数据参考'!$3:$3,0)-1)*IF(OFFSET($A59,-MOD(ROW()-1,3),0)<=9,0.6,1),0) -> 45 | G59: =_xlfn.XLOOKUP(OFFSET($A59,-MOD(ROW()-1,3),0),'#出征索引'!A:A,'#出征索引'!B:B)+_xlfn.XLOOKUP(OFFSET($A59,-MOD(ROW()-1,3),0),'#出征索引'!A:A,'#出征索引'!C:C)*_xlfn.XLOOKUP(F59,'#出征索引'!E:E,'#出征索引'!F:F) -> 41600 | H59: =ROUND(OFFSET('#现网数据参考'!$A$1,MATCH(OFFSET($A59,-MOD(ROW()-1,3),0),'#现网数据参考'!$A:$A,0)-1,MATCH(H$2&$E59,'#现网数据参考'!$3:$3,0)-1)*IF(OFFSET($A59,-MOD(ROW()-1,3),0)<=9,0.6,1),0) -> 45 | I59: =ROUND(OFFSET('#现网数据参考'!$A$1,MATCH(OFFSET($A59,-MOD(ROW()-1,3),0),'#现网数据参考'!$A:$A,0)-1,MATCH(I$2&$E59,'#现网数据参考'!$3:$3,0)-1)*IF(OFFSET($A59,-MOD(ROW()-1,3),0)<=9,0.6,1),0) -> 15 | J59: =ROUND(OFFSET('#现网数据参考'!$A$1,MATCH(OFFSET($A59,-MOD(ROW()-1,3),0),'#现网数据参考'!$A:$A,0)-1,MATCH(J$2&$E59,'#现网数据参考'!$3:$3,0)-1)*IF(OFFSET($A59,-MOD(ROW()-1,3),0)<=9,0.6,1),0) -> 11 | K59: =ROUND(OFFSET('#现网数据参考'!$A$1,MATCH(OFFSET($A59,-MOD(ROW()-1,3),0),'#现网数据参考'!$A:$A,0)-1,MATCH(K$2&$E59,'#现网数据参考'!$3:$3,0)-1)*IF(OFFSET($A59,-MOD(ROW()-1,3),0)<=9,0.6,1),0) -> 25 | L59: =ROUND(OFFSET('#现网数据参考'!$A$1,MATCH(OFFSET($A59,-MOD(ROW()-1,3),0),'#现网数据参考'!$A:$A,0)-1,MATCH(L$2&$E59,'#现网数据参考'!$3:$3,0)-1),0) -> 4
B60: =IF($A60="","",ROUND(_xlfn.XLOOKUP($A60,'#现网数据参考'!$A:$A,'#现网数据参考'!G:G)*IF($A60<=9,0.5,1),0)) | C60: =IF($A60="","",ROUND(_xlfn.XLOOKUP($A60,'#现网数据参考'!$A:$A,'#现网数据参考'!P:P),0)) | D60: 3 | E60: 60 | F60: =ROUND(OFFSET('#现网数据参考'!$A$1,MATCH(OFFSET($A60,-MOD(ROW()-1,3),0),'#现网数据参考'!$A:$A,0)-1,MATCH(F$2&$E60,'#现网数据参考'!$3:$3,0)-1)*IF(OFFSET($A60,-MOD(ROW()-1,3),0)<=9,0.6,1),0) -> 52 | G60: =_xlfn.XLOOKUP(OFFSET($A60,-MOD(ROW()-1,3),0),'#出征索引'!A:A,'#出征索引'!B:B)+_xlfn.XLOOKUP(OFFSET($A60,-MOD(ROW()-1,3),0),'#出征索引'!A:A,'#出征索引'!C:C)*_xlfn.XLOOKUP(F60,'#出征索引'!E:E,'#出征索引'!F:F) -> 45800 | H60: =ROUND(OFFSET('#现网数据参考'!$A$1,MATCH(OFFSET($A60,-MOD(ROW()-1,3),0),'#现网数据参考'!$A:$A,0)-1,MATCH(H$2&$E60,'#现网数据参考'!$3:$3,0)-1)*IF(OFFSET($A60,-MOD(ROW()-1,3),0)<=9,0.6,1),0) -> 48 | I60: =ROUND(OFFSET('#现网数据参考'!$A$1,MATCH(OFFSET($A60,-MOD(ROW()-1,3),0),'#现网数据参考'!$A:$A,0)-1,MATCH(I$2&$E60,'#现网数据参考'!$3:$3,0)-1)*IF(OFFSET($A60,-MOD(ROW()-1,3),0)<=9,0.6,1),0) -> 17 | J60: =ROUND(OFFSET('#现网数据参考'!$A$1,MATCH(OFFSET($A60,-MOD(ROW()-1,3),0),'#现网数据参考'!$A:$A,0)-1,MATCH(J$2&$E60,'#现网数据参考'!$3:$3,0)-1)*IF(OFFSET($A60,-MOD(ROW()-1,3),0)<=9,0.6,1),0) -> 13 | K60: =ROUND(OFFSET('#现网数据参考'!$A$1,MATCH(OFFSET($A60,-MOD(ROW()-1,3),0),'#现网数据参考'!$A:$A,0)-1,MATCH(K$2&$E60,'#现网数据参考'!$3:$3,0)-1)*IF(OFFSET($A60,-MOD(ROW()-1,3),0)<=9,0.6,1),0) -> 35 | L60: =ROUND(OFFSET('#现网数据参考'!$A$1,MATCH(OFFSET($A60,-MOD(ROW()-1,3),0),'#现网数据参考'!$A:$A,0)-1,MATCH(L$2&$E60,'#现网数据参考'!$3:$3,0)-1),0) -> 5
A61: 20 | B61: =IF($A61="","",ROUND(_xlfn.XLOOKUP($A61,'#现网数据参考'!$A:$A,'#现网数据参考'!G:G)*IF($A61<=9,0.5,1),0)) -> 2740516 | C61: =IF($A61="","",ROUND(_xlfn.XLOOKUP($A61,'#现网数据参考'!$A:$A,'#现网数据参考'!P:P),0)) -> 4 | D61: 1 | E61: 20 | F61: =ROUND(OFFSET('#现网数据参考'!$A$1,MATCH(OFFSET($A61,-MOD(ROW()-1,3),0),'#现网数据参考'!$A:$A,0)-1,MATCH(F$2&$E61,'#现网数据参考'!$3:$3,0)-1)*IF(OFFSET($A61,-MOD(ROW()-1,3),0)<=9,0.6,1),0) -> 42 | G61: =_xlfn.XLOOKUP(OFFSET($A61,-MOD(ROW()-1,3),0),'#出征索引'!A:A,'#出征索引'!B:B)+_xlfn.XLOOKUP(OFFSET($A61,-MOD(ROW()-1,3),0),'#出征索引'!A:A,'#出征索引'!C:C)*_xlfn.XLOOKUP(F61,'#出征索引'!E:E,'#出征索引'!F:F) -> 41800 | H61: =ROUND(OFFSET('#现网数据参考'!$A$1,MATCH(OFFSET($A61,-MOD(ROW()-1,3),0),'#现网数据参考'!$A:$A,0)-1,MATCH(H$2&$E61,'#现网数据参考'!$3:$3,0)-1)*IF(OFFSET($A61,-MOD(ROW()-1,3),0)<=9,0.6,1),0) -> 45 | I61: =ROUND(OFFSET('#现网数据参考'!$A$1,MATCH(OFFSET($A61,-MOD(ROW()-1,3),0),'#现网数据参考'!$A:$A,0)-1,MATCH(I$2&$E61,'#现网数据参考'!$3:$3,0)-1)*IF(OFFSET($A61,-MOD(ROW()-1,3),0)<=9,0.6,1),0) -> 14 | J61: =ROUND(OFFSET('#现网数据参考'!$A$1,MATCH(OFFSET($A61,-MOD(ROW()-1,3),0),'#现网数据参考'!$A:$A,0)-1,MATCH(J$2&$E61,'#现网数据参考'!$3:$3,0)-1)*IF(OFFSET($A61,-MOD(ROW()-1,3),0)<=9,0.6,1),0) -> 10 | K61: =ROUND(OFFSET('#现网数据参考'!$A$1,MATCH(OFFSET($A61,-MOD(ROW()-1,3),0),'#现网数据参考'!$A:$A,0)-1,MATCH(K$2&$E61,'#现网数据参考'!$3:$3,0)-1)*IF(OFFSET($A61,-MOD(ROW()-1,3),0)<=9,0.6,1),0) -> 21 | L61: =ROUND(OFFSET('#现网数据参考'!$A$1,MATCH(OFFSET($A61,-MOD(ROW()-1,3),0),'#现网数据参考'!$A:$A,0)-1,MATCH(L$2&$E61,'#现网数据参考'!$3:$3,0)-1),0) -> 4
B62: =IF($A62="","",ROUND(_xlfn.XLOOKUP($A62,'#现网数据参考'!$A:$A,'#现网数据参考'!G:G)*IF($A62<=9,0.5,1),0)) | C62: =IF($A62="","",ROUND(_xlfn.XLOOKUP($A62,'#现网数据参考'!$A:$A,'#现网数据参考'!P:P),0)) | D62: 2 | E62: 40 | F62: =ROUND(OFFSET('#现网数据参考'!$A$1,MATCH(OFFSET($A62,-MOD(ROW()-1,3),0),'#现网数据参考'!$A:$A,0)-1,MATCH(F$2&$E62,'#现网数据参考'!$3:$3,0)-1)*IF(OFFSET($A62,-MOD(ROW()-1,3),0)<=9,0.6,1),0) -> 51 | G62: =_xlfn.XLOOKUP(OFFSET($A62,-MOD(ROW()-1,3),0),'#出征索引'!A:A,'#出征索引'!B:B)+_xlfn.XLOOKUP(OFFSET($A62,-MOD(ROW()-1,3),0),'#出征索引'!A:A,'#出征索引'!C:C)*_xlfn.XLOOKUP(F62,'#出征索引'!E:E,'#出征索引'!F:F) -> 47200 | H62: =ROUND(OFFSET('#现网数据参考'!$A$1,MATCH(OFFSET($A62,-MOD(ROW()-1,3),0),'#现网数据参考'!$A:$A,0)-1,MATCH(H$2&$E62,'#现网数据参考'!$3:$3,0)-1)*IF(OFFSET($A62,-MOD(ROW()-1,3),0)<=9,0.6,1),0) -> 48 | I62: =ROUND(OFFSET('#现网数据参考'!$A$1,MATCH(OFFSET($A62,-MOD(ROW()-1,3),0),'#现网数据参考'!$A:$A,0)-1,MATCH(I$2&$E62,'#现网数据参考'!$3:$3,0)-1)*IF(OFFSET($A62,-MOD(ROW()-1,3),0)<=9,0.6,1),0) -> 16 | J62: =ROUND(OFFSET('#现网数据参考'!$A$1,MATCH(OFFSET($A62,-MOD(ROW()-1,3),0),'#现网数据参考'!$A:$A,0)-1,MATCH(J$2&$E62,'#现网数据参考'!$3:$3,0)-1)*IF(OFFSET($A62,-MOD(ROW()-1,3),0)<=9,0.6,1),0) -> 12 | K62: =ROUND(OFFSET('#现网数据参考'!$A$1,MATCH(OFFSET($A62,-MOD(ROW()-1,3),0),'#现网数据参考'!$A:$A,0)-1,MATCH(K$2&$E62,'#现网数据参考'!$3:$3,0)-1)*IF(OFFSET($A62,-MOD(ROW()-1,3),0)<=9,0.6,1),0) -> 34 | L62: =ROUND(OFFSET('#现网数据参考'!$A$1,MATCH(OFFSET($A62,-MOD(ROW()-1,3),0),'#现网数据参考'!$A:$A,0)-1,MATCH(L$2&$E62,'#现网数据参考'!$3:$3,0)-1),0) -> 4
B63: =IF($A63="","",ROUND(_xlfn.XLOOKUP($A63,'#现网数据参考'!$A:$A,'#现网数据参考'!G:G)*IF($A63<=9,0.5,1),0)) | C63: =IF($A63="","",ROUND(_xlfn.XLOOKUP($A63,'#现网数据参考'!$A:$A,'#现网数据参考'!P:P),0)) | D63: 3 | E63: 60 | F63: =ROUND(OFFSET('#现网数据参考'!$A$1,MATCH(OFFSET($A63,-MOD(ROW()-1,3),0),'#现网数据参考'!$A:$A,0)-1,MATCH(F$2&$E63,'#现网数据参考'!$3:$3,0)-1)*IF(OFFSET($A63,-MOD(ROW()-1,3),0)<=9,0.6,1),0) -> 58 | G63: =_xlfn.XLOOKUP(OFFSET($A63,-MOD(ROW()-1,3),0),'#出征索引'!A:A,'#出征索引'!B:B)+_xlfn.XLOOKUP(OFFSET($A63,-MOD(ROW()-1,3),0),'#出征索引'!A:A,'#出征索引'!C:C)*_xlfn.XLOOKUP(F63,'#出征索引'!E:E,'#出征索引'!F:F) -> 51400 | H63: =ROUND(OFFSET('#现网数据参考'!$A$1,MATCH(OFFSET($A63,-MOD(ROW()-1,3),0),'#现网数据参考'!$A:$A,0)-1,MATCH(H$2&$E63,'#现网数据参考'!$3:$3,0)-1)*IF(OFFSET($A63,-MOD(ROW()-1,3),0)<=9,0.6,1),0) -> 50 | I63: =ROUND(OFFSET('#现网数据参考'!$A$1,MATCH(OFFSET($A63,-MOD(ROW()-1,3),0),'#现网数据参考'!$A:$A,0)-1,MATCH(I$2&$E63,'#现网数据参考'!$3:$3,0)-1)*IF(OFFSET($A63,-MOD(ROW()-1,3),0)<=9,0.6,1),0) -> 18 | J63: =ROUND(OFFSET('#现网数据参考'!$A$1,MATCH(OFFSET($A63,-MOD(ROW()-1,3),0),'#现网数据参考'!$A:$A,0)-1,MATCH(J$2&$E63,'#现网数据参考'!$3:$3,0)-1)*IF(OFFSET($A63,-MOD(ROW()-1,3),0)<=9,0.6,1),0) -> 13 | K63: =ROUND(OFFSET('#现网数据参考'!$A$1,MATCH(OFFSET($A63,-MOD(ROW()-1,3),0),'#现网数据参考'!$A:$A,0)-1,MATCH(K$2&$E63,'#现网数据参考'!$3:$3,0)-1)*IF(OFFSET($A63,-MOD(ROW()-1,3),0)<=9,0.6,1),0) -> 45 | L63: =ROUND(OFFSET('#现网数据参考'!$A$1,MATCH(OFFSET($A63,-MOD(ROW()-1,3),0),'#现网数据参考'!$A:$A,0)-1,MATCH(L$2&$E63,'#现网数据参考'!$3:$3,0)-1),0) -> 5
A64: 21 | B64: =IF($A64="","",ROUND(_xlfn.XLOOKUP($A64,'#现网数据参考'!$A:$A,'#现网数据参考'!G:G)*IF($A64<=9,0.5,1),0)) -> 3462504 | C64: =IF($A64="","",ROUND(_xlfn.XLOOKUP($A64,'#现网数据参考'!$A:$A,'#现网数据参考'!P:P),0)) -> 4 | D64: 1 | E64: 20 | F64: =ROUND(OFFSET('#现网数据参考'!$A$1,MATCH(OFFSET($A64,-MOD(ROW()-1,3),0),'#现网数据参考'!$A:$A,0)-1,MATCH(F$2&$E64,'#现网数据参考'!$3:$3,0)-1)*IF(OFFSET($A64,-MOD(ROW()-1,3),0)<=9,0.6,1),0) -> 49 | G64: =_xlfn.XLOOKUP(OFFSET($A64,-MOD(ROW()-1,3),0),'#出征索引'!A:A,'#出征索引'!B:B)+_xlfn.XLOOKUP(OFFSET($A64,-MOD(ROW()-1,3),0),'#出征索引'!A:A,'#出征索引'!C:C)*_xlfn.XLOOKUP(F64,'#出征索引'!E:E,'#出征索引'!F:F) -> 48000 | H64: =ROUND(OFFSET('#现网数据参考'!$A$1,MATCH(OFFSET($A64,-MOD(ROW()-1,3),0),'#现网数据参考'!$A:$A,0)-1,MATCH(H$2&$E64,'#现网数据参考'!$3:$3,0)-1)*IF(OFFSET($A64,-MOD(ROW()-1,3),0)<=9,0.6,1),0) -> 47 | I64: =ROUND(OFFSET('#现网数据参考'!$A$1,MATCH(OFFSET($A64,-MOD(ROW()-1,3),0),'#现网数据参考'!$A:$A,0)-1,MATCH(I$2&$E64,'#现网数据参考'!$3:$3,0)-1)*IF(OFFSET($A64,-MOD(ROW()-1,3),0)<=9,0.6,1),0) -> 15 | J64: =ROUND(OFFSET('#现网数据参考'!$A$1,MATCH(OFFSET($A64,-MOD(ROW()-1,3),0),'#现网数据参考'!$A:$A,0)-1,MATCH(J$2&$E64,'#现网数据参考'!$3:$3,0)-1)*IF(OFFSET($A64,-MOD(ROW()-1,3),0)<=9,0.6,1),0) -> 11 | K64: =ROUND(OFFSET('#现网数据参考'!$A$1,MATCH(OFFSET($A64,-MOD(ROW()-1,3),0),'#现网数据参考'!$A:$A,0)-1,MATCH(K$2&$E64,'#现网数据参考'!$3:$3,0)-1)*IF(OFFSET($A64,-MOD(ROW()-1,3),0)<=9,0.6,1),0) -> 29 | L64: =ROUND(OFFSET('#现网数据参考'!$A$1,MATCH(OFFSET($A64,-MOD(ROW()-1,3),0),'#现网数据参考'!$A:$A,0)-1,MATCH(L$2&$E64,'#现网数据参考'!$3:$3,0)-1),0) -> 4
B65: =IF($A65="","",ROUND(_xlfn.XLOOKUP($A65,'#现网数据参考'!$A:$A,'#现网数据参考'!G:G)*IF($A65<=9,0.5,1),0)) | C65: =IF($A65="","",ROUND(_xlfn.XLOOKUP($A65,'#现网数据参考'!$A:$A,'#现网数据参考'!P:P),0)) | D65: 2 | E65: 40 | F65: =ROUND(OFFSET('#现网数据参考'!$A$1,MATCH(OFFSET($A65,-MOD(ROW()-1,3),0),'#现网数据参考'!$A:$A,0)-1,MATCH(F$2&$E65,'#现网数据参考'!$3:$3,0)-1)*IF(OFFSET($A65,-MOD(ROW()-1,3),0)<=9,0.6,1),0) -> 57 | G65: =_xlfn.XLOOKUP(OFFSET($A65,-MOD(ROW()-1,3),0),'#出征索引'!A:A,'#出征索引'!B:B)+_xlfn.XLOOKUP(OFFSET($A65,-MOD(ROW()-1,3),0),'#出征索引'!A:A,'#出征索引'!C:C)*_xlfn.XLOOKUP(F65,'#出征索引'!E:E,'#出征索引'!F:F) -> 52800 | H65: =ROUND(OFFSET('#现网数据参考'!$A$1,MATCH(OFFSET($A65,-MOD(ROW()-1,3),0),'#现网数据参考'!$A:$A,0)-1,MATCH(H$2&$E65,'#现网数据参考'!$3:$3,0)-1)*IF(OFFSET($A65,-MOD(ROW()-1,3),0)<=9,0.6,1),0) -> 50 | I65: =ROUND(OFFSET('#现网数据参考'!$A$1,MATCH(OFFSET($A65,-MOD(ROW()-1,3),0),'#现网数据参考'!$A:$A,0)-1,MATCH(I$2&$E65,'#现网数据参考'!$3:$3,0)-1)*IF(OFFSET($A65,-MOD(ROW()-1,3),0)<=9,0.6,1),0) -> 17 | J65: =ROUND(OFFSET('#现网数据参考'!$A$1,MATCH(OFFSET($A65,-MOD(ROW()-1,3),0),'#现网数据参考'!$A:$A,0)-1,MATCH(J$2&$E65,'#现网数据参考'!$3:$3,0)-1)*IF(OFFSET($A65,-MOD(ROW()-1,3),0)<=9,0.6,1),0) -> 13 | K65: =ROUND(OFFSET('#现网数据参考'!$A$1,MATCH(OFFSET($A65,-MOD(ROW()-1,3),0),'#现网数据参考'!$A:$A,0)-1,MATCH(K$2&$E65,'#现网数据参考'!$3:$3,0)-1)*IF(OFFSET($A65,-MOD(ROW()-1,3),0)<=9,0.6,1),0) -> 43 | L65: =ROUND(OFFSET('#现网数据参考'!$A$1,MATCH(OFFSET($A65,-MOD(ROW()-1,3),0),'#现网数据参考'!$A:$A,0)-1,MATCH(L$2&$E65,'#现网数据参考'!$3:$3,0)-1),0) -> 4
B66: =IF($A66="","",ROUND(_xlfn.XLOOKUP($A66,'#现网数据参考'!$A:$A,'#现网数据参考'!G:G)*IF($A66<=9,0.5,1),0)) | C66: =IF($A66="","",ROUND(_xlfn.XLOOKUP($A66,'#现网数据参考'!$A:$A,'#现网数据参考'!P:P),0)) | D66: 3 | E66: 60 | F66: =ROUND(OFFSET('#现网数据参考'!$A$1,MATCH(OFFSET($A66,-MOD(ROW()-1,3),0),'#现网数据参考'!$A:$A,0)-1,MATCH(F$2&$E66,'#现网数据参考'!$3:$3,0)-1)*IF(OFFSET($A66,-MOD(ROW()-1,3),0)<=9,0.6,1),0) -> 64 | G66: =_xlfn.XLOOKUP(OFFSET($A66,-MOD(ROW()-1,3),0),'#出征索引'!A:A,'#出征索引'!B:B)+_xlfn.XLOOKUP(OFFSET($A66,-MOD(ROW()-1,3),0),'#出征索引'!A:A,'#出征索引'!C:C)*_xlfn.XLOOKUP(F66,'#出征索引'!E:E,'#出征索引'!F:F) -> 57000 | H66: =ROUND(OFFSET('#现网数据参考'!$A$1,MATCH(OFFSET($A66,-MOD(ROW()-1,3),0),'#现网数据参考'!$A:$A,0)-1,MATCH(H$2&$E66,'#现网数据参考'!$3:$3,0)-1)*IF(OFFSET($A66,-MOD(ROW()-1,3),0)<=9,0.6,1),0) -> 52 | I66: =ROUND(OFFSET('#现网数据参考'!$A$1,MATCH(OFFSET($A66,-MOD(ROW()-1,3),0),'#现网数据参考'!$A:$A,0)-1,MATCH(I$2&$E66,'#现网数据参考'!$3:$3,0)-1)*IF(OFFSET($A66,-MOD(ROW()-1,3),0)<=9,0.6,1),0) -> 18 | J66: =ROUND(OFFSET('#现网数据参考'!$A$1,MATCH(OFFSET($A66,-MOD(ROW()-1,3),0),'#现网数据参考'!$A:$A,0)-1,MATCH(J$2&$E66,'#现网数据参考'!$3:$3,0)-1)*IF(OFFSET($A66,-MOD(ROW()-1,3),0)<=9,0.6,1),0) -> 15 | K66: =ROUND(OFFSET('#现网数据参考'!$A$1,MATCH(OFFSET($A66,-MOD(ROW()-1,3),0),'#现网数据参考'!$A:$A,0)-1,MATCH(K$2&$E66,'#现网数据参考'!$3:$3,0)-1)*IF(OFFSET($A66,-MOD(ROW()-1,3),0)<=9,0.6,1),0) -> 53 | L66: =ROUND(OFFSET('#现网数据参考'!$A$1,MATCH(OFFSET($A66,-MOD(ROW()-1,3),0),'#现网数据参考'!$A:$A,0)-1,MATCH(L$2&$E66,'#现网数据参考'!$3:$3,0)-1),0) -> 5
A67: 22 | B67: =IF($A67="","",ROUND(_xlfn.XLOOKUP($A67,'#现网数据参考'!$A:$A,'#现网数据参考'!G:G)*IF($A67<=9,0.5,1),0)) -> 4310231 | C67: =IF($A67="","",ROUND(_xlfn.XLOOKUP($A67,'#现网数据参考'!$A:$A,'#现网数据参考'!P:P),0)) -> 4 | D67: 1 | E67: 20 | F67: =ROUND(OFFSET('#现网数据参考'!$A$1,MATCH(OFFSET($A67,-MOD(ROW()-1,3),0),'#现网数据参考'!$A:$A,0)-1,MATCH(F$2&$E67,'#现网数据参考'!$3:$3,0)-1)*IF(OFFSET($A67,-MOD(ROW()-1,3),0)<=9,0.6,1),0) -> 56 | G67: =_xlfn.XLOOKUP(OFFSET($A67,-MOD(ROW()-1,3),0),'#出征索引'!A:A,'#出征索引'!B:B)+_xlfn.XLOOKUP(OFFSET($A67,-MOD(ROW()-1,3),0),'#出征索引'!A:A,'#出征索引'!C:C)*_xlfn.XLOOKUP(F67,'#出征索引'!E:E,'#出征索引'!F:F) -> 54200 | H67: =ROUND(OFFSET('#现网数据参考'!$A$1,MATCH(OFFSET($A67,-MOD(ROW()-1,3),0),'#现网数据参考'!$A:$A,0)-1,MATCH(H$2&$E67,'#现网数据参考'!$3:$3,0)-1)*IF(OFFSET($A67,-MOD(ROW()-1,3),0)<=9,0.6,1),0) -> 49 | I67: =ROUND(OFFSET('#现网数据参考'!$A$1,MATCH(OFFSET($A67,-MOD(ROW()-1,3),0),'#现网数据参考'!$A:$A,0)-1,MATCH(I$2&$E67,'#现网数据参考'!$3:$3,0)-1)*IF(OFFSET($A67,-MOD(ROW()-1,3),0)<=9,0.6,1),0) -> 16 | J67: =ROUND(OFFSET('#现网数据参考'!$A$1,MATCH(OFFSET($A67,-MOD(ROW()-1,3),0),'#现网数据参考'!$A:$A,0)-1,MATCH(J$2&$E67,'#现网数据参考'!$3:$3,0)-1)*IF(OFFSET($A67,-MOD(ROW()-1,3),0)<=9,0.6,1),0) -> 12 | K67: =ROUND(OFFSET('#现网数据参考'!$A$1,MATCH(OFFSET($A67,-MOD(ROW()-1,3),0),'#现网数据参考'!$A:$A,0)-1,MATCH(K$2&$E67,'#现网数据参考'!$3:$3,0)-1)*IF(OFFSET($A67,-MOD(ROW()-1,3),0)<=9,0.6,1),0) -> 37 | L67: =ROUND(OFFSET('#现网数据参考'!$A$1,MATCH(OFFSET($A67,-MOD(ROW()-1,3),0),'#现网数据参考'!$A:$A,0)-1,MATCH(L$2&$E67,'#现网数据参考'!$3:$3,0)-1),0) -> 4
B68: =IF($A68="","",ROUND(_xlfn.XLOOKUP($A68,'#现网数据参考'!$A:$A,'#现网数据参考'!G:G)*IF($A68<=9,0.5,1),0)) | C68: =IF($A68="","",ROUND(_xlfn.XLOOKUP($A68,'#现网数据参考'!$A:$A,'#现网数据参考'!P:P),0)) | D68: 2 | E68: 40 | F68: =ROUND(OFFSET('#现网数据参考'!$A$1,MATCH(OFFSET($A68,-MOD(ROW()-1,3),0),'#现网数据参考'!$A:$A,0)-1,MATCH(F$2&$E68,'#现网数据参考'!$3:$3,0)-1)*IF(OFFSET($A68,-MOD(ROW()-1,3),0)<=9,0.6,1),0) -> 64 | G68: =_xlfn.XLOOKUP(OFFSET($A68,-MOD(ROW()-1,3),0),'#出征索引'!A:A,'#出征索引'!B:B)+_xlfn.XLOOKUP(OFFSET($A68,-MOD(ROW()-1,3),0),'#出征索引'!A:A,'#出征索引'!C:C)*_xlfn.XLOOKUP(F68,'#出征索引'!E:E,'#出征索引'!F:F) -> 59000 | H68: =ROUND(OFFSET('#现网数据参考'!$A$1,MATCH(OFFSET($A68,-MOD(ROW()-1,3),0),'#现网数据参考'!$A:$A,0)-1,MATCH(H$2&$E68,'#现网数据参考'!$3:$3,0)-1)*IF(OFFSET($A68,-MOD(ROW()-1,3),0)<=9,0.6,1),0) -> 52 | I68: =ROUND(OFFSET('#现网数据参考'!$A$1,MATCH(OFFSET($A68,-MOD(ROW()-1,3),0),'#现网数据参考'!$A:$A,0)-1,MATCH(I$2&$E68,'#现网数据参考'!$3:$3,0)-1)*IF(OFFSET($A68,-MOD(ROW()-1,3),0)<=9,0.6,1),0) -> 18 | J68: =ROUND(OFFSET('#现网数据参考'!$A$1,MATCH(OFFSET($A68,-MOD(ROW()-1,3),0),'#现网数据参考'!$A:$A,0)-1,MATCH(J$2&$E68,'#现网数据参考'!$3:$3,0)-1)*IF(OFFSET($A68,-MOD(ROW()-1,3),0)<=9,0.6,1),0) -> 14 | K68: =ROUND(OFFSET('#现网数据参考'!$A$1,MATCH(OFFSET($A68,-MOD(ROW()-1,3),0),'#现网数据参考'!$A:$A,0)-1,MATCH(K$2&$E68,'#现网数据参考'!$3:$3,0)-1)*IF(OFFSET($A68,-MOD(ROW()-1,3),0)<=9,0.6,1),0) -> 49 | L68: =ROUND(OFFSET('#现网数据参考'!$A$1,MATCH(OFFSET($A68,-MOD(ROW()-1,3),0),'#现网数据参考'!$A:$A,0)-1,MATCH(L$2&$E68,'#现网数据参考'!$3:$3,0)-1),0) -> 4
B69: =IF($A69="","",ROUND(_xlfn.XLOOKUP($A69,'#现网数据参考'!$A:$A,'#现网数据参考'!G:G)*IF($A69<=9,0.5,1),0)) | C69: =IF($A69="","",ROUND(_xlfn.XLOOKUP($A69,'#现网数据参考'!$A:$A,'#现网数据参考'!P:P),0)) | D69: 3 | E69: 60 | F69: =ROUND(OFFSET('#现网数据参考'!$A$1,MATCH(OFFSET($A69,-MOD(ROW()-1,3),0),'#现网数据参考'!$A:$A,0)-1,MATCH(F$2&$E69,'#现网数据参考'!$3:$3,0)-1)*IF(OFFSET($A69,-MOD(ROW()-1,3),0)<=9,0.6,1),0) -> 71 | G69: =_xlfn.XLOOKUP(OFFSET($A69,-MOD(ROW()-1,3),0),'#出征索引'!A:A,'#出征索引'!B:B)+_xlfn.XLOOKUP(OFFSET($A69,-MOD(ROW()-1,3),0),'#出征索引'!A:A,'#出征索引'!C:C)*_xlfn.XLOOKUP(F69,'#出征索引'!E:E,'#出征索引'!F:F) -> 63200 | H69: =ROUND(OFFSET('#现网数据参考'!$A$1,MATCH(OFFSET($A69,-MOD(ROW()-1,3),0),'#现网数据参考'!$A:$A,0)-1,MATCH(H$2&$E69,'#现网数据参考'!$3:$3,0)-1)*IF(OFFSET($A69,-MOD(ROW()-1,3),0)<=9,0.6,1),0) -> 54 | I69: =ROUND(OFFSET('#现网数据参考'!$A$1,MATCH(OFFSET($A69,-MOD(ROW()-1,3),0),'#现网数据参考'!$A:$A,0)-1,MATCH(I$2&$E69,'#现网数据参考'!$3:$3,0)-1)*IF(OFFSET($A69,-MOD(ROW()-1,3),0)<=9,0.6,1),0) -> 19 | J69: =ROUND(OFFSET('#现网数据参考'!$A$1,MATCH(OFFSET($A69,-MOD(ROW()-1,3),0),'#现网数据参考'!$A:$A,0)-1,MATCH(J$2&$E69,'#现网数据参考'!$3:$3,0)-1)*IF(OFFSET($A69,-MOD(ROW()-1,3),0)<=9,0.6,1),0) -> 16 | K69: =ROUND(OFFSET('#现网数据参考'!$A$1,MATCH(OFFSET($A69,-MOD(ROW()-1,3),0),'#现网数据参考'!$A:$A,0)-1,MATCH(K$2&$E69,'#现网数据参考'!$3:$3,0)-1)*IF(OFFSET($A69,-MOD(ROW()-1,3),0)<=9,0.6,1),0) -> 58 | L69: =ROUND(OFFSET('#现网数据参考'!$A$1,MATCH(OFFSET($A69,-MOD(ROW()-1,3),0),'#现网数据参考'!$A:$A,0)-1,MATCH(L$2&$E69,'#现网数据参考'!$3:$3,0)-1),0) -> 5
A70: 23 | B70: =IF($A70="","",ROUND(_xlfn.XLOOKUP($A70,'#现网数据参考'!$A:$A,'#现网数据参考'!G:G)*IF($A70<=9,0.5,1),0)) -> 5213232 | C70: =IF($A70="","",ROUND(_xlfn.XLOOKUP($A70,'#现网数据参考'!$A:$A,'#现网数据参考'!P:P),0)) -> 4 | D70: 1 | E70: 20 | F70: =ROUND(OFFSET('#现网数据参考'!$A$1,MATCH(OFFSET($A70,-MOD(ROW()-1,3),0),'#现网数据参考'!$A:$A,0)-1,MATCH(F$2&$E70,'#现网数据参考'!$3:$3,0)-1)*IF(OFFSET($A70,-MOD(ROW()-1,3),0)<=9,0.6,1),0) -> 63 | G70: =_xlfn.XLOOKUP(OFFSET($A70,-MOD(ROW()-1,3),0),'#出征索引'!A:A,'#出征索引'!B:B)+_xlfn.XLOOKUP(OFFSET($A70,-MOD(ROW()-1,3),0),'#出征索引'!A:A,'#出征索引'!C:C)*_xlfn.XLOOKUP(F70,'#出征索引'!E:E,'#出征索引'!F:F) -> 60400 | H70: =ROUND(OFFSET('#现网数据参考'!$A$1,MATCH(OFFSET($A70,-MOD(ROW()-1,3),0),'#现网数据参考'!$A:$A,0)-1,MATCH(H$2&$E70,'#现网数据参考'!$3:$3,0)-1)*IF(OFFSET($A70,-MOD(ROW()-1,3),0)<=9,0.6,1),0) -> 51 | I70: =ROUND(OFFSET('#现网数据参考'!$A$1,MATCH(OFFSET($A70,-MOD(ROW()-1,3),0),'#现网数据参考'!$A:$A,0)-1,MATCH(I$2&$E70,'#现网数据参考'!$3:$3,0)-1)*IF(OFFSET($A70,-MOD(ROW()-1,3),0)<=9,0.6,1),0) -> 16 | J70: =ROUND(OFFSET('#现网数据参考'!$A$1,MATCH(OFFSET($A70,-MOD(ROW()-1,3),0),'#现网数据参考'!$A:$A,0)-1,MATCH(J$2&$E70,'#现网数据参考'!$3:$3,0)-1)*IF(OFFSET($A70,-MOD(ROW()-1,3),0)<=9,0.6,1),0) -> 14 | K70: =ROUND(OFFSET('#现网数据参考'!$A$1,MATCH(OFFSET($A70,-MOD(ROW()-1,3),0),'#现网数据参考'!$A:$A,0)-1,MATCH(K$2&$E70,'#现网数据参考'!$3:$3,0)-1)*IF(OFFSET($A70,-MOD(ROW()-1,3),0)<=9,0.6,1),0) -> 43 | L70: =ROUND(OFFSET('#现网数据参考'!$A$1,MATCH(OFFSET($A70,-MOD(ROW()-1,3),0),'#现网数据参考'!$A:$A,0)-1,MATCH(L$2&$E70,'#现网数据参考'!$3:$3,0)-1),0) -> 4
B71: =IF($A71="","",ROUND(_xlfn.XLOOKUP($A71,'#现网数据参考'!$A:$A,'#现网数据参考'!G:G)*IF($A71<=9,0.5,1),0)) | C71: =IF($A71="","",ROUND(_xlfn.XLOOKUP($A71,'#现网数据参考'!$A:$A,'#现网数据参考'!P:P),0)) | D71: 2 | E71: 40 | F71: =ROUND(OFFSET('#现网数据参考'!$A$1,MATCH(OFFSET($A71,-MOD(ROW()-1,3),0),'#现网数据参考'!$A:$A,0)-1,MATCH(F$2&$E71,'#现网数据参考'!$3:$3,0)-1)*IF(OFFSET($A71,-MOD(ROW()-1,3),0)<=9,0.6,1),0) -> 71 | G71: =_xlfn.XLOOKUP(OFFSET($A71,-MOD(ROW()-1,3),0),'#出征索引'!A:A,'#出征索引'!B:B)+_xlfn.XLOOKUP(OFFSET($A71,-MOD(ROW()-1,3),0),'#出征索引'!A:A,'#出征索引'!C:C)*_xlfn.XLOOKUP(F71,'#出征索引'!E:E,'#出征索引'!F:F) -> 65200 | H71: =ROUND(OFFSET('#现网数据参考'!$A$1,MATCH(OFFSET($A71,-MOD(ROW()-1,3),0),'#现网数据参考'!$A:$A,0)-1,MATCH(H$2&$E71,'#现网数据参考'!$3:$3,0)-1)*IF(OFFSET($A71,-MOD(ROW()-1,3),0)<=9,0.6,1),0) -> 53 | I71: =ROUND(OFFSET('#现网数据参考'!$A$1,MATCH(OFFSET($A71,-MOD(ROW()-1,3),0),'#现网数据参考'!$A:$A,0)-1,MATCH(I$2&$E71,'#现网数据参考'!$3:$3,0)-1)*IF(OFFSET($A71,-MOD(ROW()-1,3),0)<=9,0.6,1),0) -> 18 | J71: =ROUND(OFFSET('#现网数据参考'!$A$1,MATCH(OFFSET($A71,-MOD(ROW()-1,3),0),'#现网数据参考'!$A:$A,0)-1,MATCH(J$2&$E71,'#现网数据参考'!$3:$3,0)-1)*IF(OFFSET($A71,-MOD(ROW()-1,3),0)<=9,0.6,1),0) -> 16 | K71: =ROUND(OFFSET('#现网数据参考'!$A$1,MATCH(OFFSET($A71,-MOD(ROW()-1,3),0),'#现网数据参考'!$A:$A,0)-1,MATCH(K$2&$E71,'#现网数据参考'!$3:$3,0)-1)*IF(OFFSET($A71,-MOD(ROW()-1,3),0)<=9,0.6,1),0) -> 52 | L71: =ROUND(OFFSET('#现网数据参考'!$A$1,MATCH(OFFSET($A71,-MOD(ROW()-1,3),0),'#现网数据参考'!$A:$A,0)-1,MATCH(L$2&$E71,'#现网数据参考'!$3:$3,0)-1),0) -> 4
B72: =IF($A72="","",ROUND(_xlfn.XLOOKUP($A72,'#现网数据参考'!$A:$A,'#现网数据参考'!G:G)*IF($A72<=9,0.5,1),0)) | C72: =IF($A72="","",ROUND(_xlfn.XLOOKUP($A72,'#现网数据参考'!$A:$A,'#现网数据参考'!P:P),0)) | D72: 3 | E72: 60 | F72: =ROUND(OFFSET('#现网数据参考'!$A$1,MATCH(OFFSET($A72,-MOD(ROW()-1,3),0),'#现网数据参考'!$A:$A,0)-1,MATCH(F$2&$E72,'#现网数据参考'!$3:$3,0)-1)*IF(OFFSET($A72,-MOD(ROW()-1,3),0)<=9,0.6,1),0) -> 77 | G72: =_xlfn.XLOOKUP(OFFSET($A72,-MOD(ROW()-1,3),0),'#出征索引'!A:A,'#出征索引'!B:B)+_xlfn.XLOOKUP(OFFSET($A72,-MOD(ROW()-1,3),0),'#出征索引'!A:A,'#出征索引'!C:C)*_xlfn.XLOOKUP(F72,'#出征索引'!E:E,'#出征索引'!F:F) -> 68800 | H72: =ROUND(OFFSET('#现网数据参考'!$A$1,MATCH(OFFSET($A72,-MOD(ROW()-1,3),0),'#现网数据参考'!$A:$A,0)-1,MATCH(H$2&$E72,'#现网数据参考'!$3:$3,0)-1)*IF(OFFSET($A72,-MOD(ROW()-1,3),0)<=9,0.6,1),0) -> 56 | I72: =ROUND(OFFSET('#现网数据参考'!$A$1,MATCH(OFFSET($A72,-MOD(ROW()-1,3),0),'#现网数据参考'!$A:$A,0)-1,MATCH(I$2&$E72,'#现网数据参考'!$3:$3,0)-1)*IF(OFFSET($A72,-MOD(ROW()-1,3),0)<=9,0.6,1),0) -> 19 | J72: =ROUND(OFFSET('#现网数据参考'!$A$1,MATCH(OFFSET($A72,-MOD(ROW()-1,3),0),'#现网数据参考'!$A:$A,0)-1,MATCH(J$2&$E72,'#现网数据参考'!$3:$3,0)-1)*IF(OFFSET($A72,-MOD(ROW()-1,3),0)<=9,0.6,1),0) -> 17 | K72: =ROUND(OFFSET('#现网数据参考'!$A$1,MATCH(OFFSET($A72,-MOD(ROW()-1,3),0),'#现网数据参考'!$A:$A,0)-1,MATCH(K$2&$E72,'#现网数据参考'!$3:$3,0)-1)*IF(OFFSET($A72,-MOD(ROW()-1,3),0)<=9,0.6,1),0) -> 59 | L72: =ROUND(OFFSET('#现网数据参考'!$A$1,MATCH(OFFSET($A72,-MOD(ROW()-1,3),0),'#现网数据参考'!$A:$A,0)-1,MATCH(L$2&$E72,'#现网数据参考'!$3:$3,0)-1),0) -> 5
A73: 24 | B73: =IF($A73="","",ROUND(_xlfn.XLOOKUP($A73,'#现网数据参考'!$A:$A,'#现网数据参考'!G:G)*IF($A73<=9,0.5,1),0)) -> 6192566 | C73: =IF($A73="","",ROUND(_xlfn.XLOOKUP($A73,'#现网数据参考'!$A:$A,'#现网数据参考'!P:P),0)) -> 5 | D73: 1 | E73: 20 | F73: =ROUND(OFFSET('#现网数据参考'!$A$1,MATCH(OFFSET($A73,-MOD(ROW()-1,3),0),'#现网数据参考'!$A:$A,0)-1,MATCH(F$2&$E73,'#现网数据参考'!$3:$3,0)-1)*IF(OFFSET($A73,-MOD(ROW()-1,3),0)<=9,0.6,1),0) -> 67 | G73: =_xlfn.XLOOKUP(OFFSET($A73,-MOD(ROW()-1,3),0),'#出征索引'!A:A,'#出征索引'!B:B)+_xlfn.XLOOKUP(OFFSET($A73,-MOD(ROW()-1,3),0),'#出征索引'!A:A,'#出征索引'!C:C)*_xlfn.XLOOKUP(F73,'#出征索引'!E:E,'#出征索引'!F:F) -> 64800 | H73: =ROUND(OFFSET('#现网数据参考'!$A$1,MATCH(OFFSET($A73,-MOD(ROW()-1,3),0),'#现网数据参考'!$A:$A,0)-1,MATCH(H$2&$E73,'#现网数据参考'!$3:$3,0)-1)*IF(OFFSET($A73,-MOD(ROW()-1,3),0)<=9,0.6,1),0) -> 52 | I73: =ROUND(OFFSET('#现网数据参考'!$A$1,MATCH(OFFSET($A73,-MOD(ROW()-1,3),0),'#现网数据参考'!$A:$A,0)-1,MATCH(I$2&$E73,'#现网数据参考'!$3:$3,0)-1)*IF(OFFSET($A73,-MOD(ROW()-1,3),0)<=9,0.6,1),0) -> 16 | J73: =ROUND(OFFSET('#现网数据参考'!$A$1,MATCH(OFFSET($A73,-MOD(ROW()-1,3),0),'#现网数据参考'!$A:$A,0)-1,MATCH(J$2&$E73,'#现网数据参考'!$3:$3,0)-1)*IF(OFFSET($A73,-MOD(ROW()-1,3),0)<=9,0.6,1),0) -> 14 | K73: =ROUND(OFFSET('#现网数据参考'!$A$1,MATCH(OFFSET($A73,-MOD(ROW()-1,3),0),'#现网数据参考'!$A:$A,0)-1,MATCH(K$2&$E73,'#现网数据参考'!$3:$3,0)-1)*IF(OFFSET($A73,-MOD(ROW()-1,3),0)<=9,0.6,1),0) -> 44 | L73: =ROUND(OFFSET('#现网数据参考'!$A$1,MATCH(OFFSET($A73,-MOD(ROW()-1,3),0),'#现网数据参考'!$A:$A,0)-1,MATCH(L$2&$E73,'#现网数据参考'!$3:$3,0)-1),0) -> 4
B74: =IF($A74="","",ROUND(_xlfn.XLOOKUP($A74,'#现网数据参考'!$A:$A,'#现网数据参考'!G:G)*IF($A74<=9,0.5,1),0)) | C74: =IF($A74="","",ROUND(_xlfn.XLOOKUP($A74,'#现网数据参考'!$A:$A,'#现网数据参考'!P:P),0)) | D74: 2 | E74: 40 | F74: =ROUND(OFFSET('#现网数据参考'!$A$1,MATCH(OFFSET($A74,-MOD(ROW()-1,3),0),'#现网数据参考'!$A:$A,0)-1,MATCH(F$2&$E74,'#现网数据参考'!$3:$3,0)-1)*IF(OFFSET($A74,-MOD(ROW()-1,3),0)<=9,0.6,1),0) -> 75 | G74: =_xlfn.XLOOKUP(OFFSET($A74,-MOD(ROW()-1,3),0),'#出征索引'!A:A,'#出征索引'!B:B)+_xlfn.XLOOKUP(OFFSET($A74,-MOD(ROW()-1,3),0),'#出征索引'!A:A,'#出征索引'!C:C)*_xlfn.XLOOKUP(F74,'#出征索引'!E:E,'#出征索引'!F:F) -> 69600 | H74: =ROUND(OFFSET('#现网数据参考'!$A$1,MATCH(OFFSET($A74,-MOD(ROW()-1,3),0),'#现网数据参考'!$A:$A,0)-1,MATCH(H$2&$E74,'#现网数据参考'!$3:$3,0)-1)*IF(OFFSET($A74,-MOD(ROW()-1,3),0)<=9,0.6,1),0) -> 55 | I74: =ROUND(OFFSET('#现网数据参考'!$A$1,MATCH(OFFSET($A74,-MOD(ROW()-1,3),0),'#现网数据参考'!$A:$A,0)-1,MATCH(I$2&$E74,'#现网数据参考'!$3:$3,0)-1)*IF(OFFSET($A74,-MOD(ROW()-1,3),0)<=9,0.6,1),0) -> 18 | J74: =ROUND(OFFSET('#现网数据参考'!$A$1,MATCH(OFFSET($A74,-MOD(ROW()-1,3),0),'#现网数据参考'!$A:$A,0)-1,MATCH(J$2&$E74,'#现网数据参考'!$3:$3,0)-1)*IF(OFFSET($A74,-MOD(ROW()-1,3),0)<=9,0.6,1),0) -> 17 | K74: =ROUND(OFFSET('#现网数据参考'!$A$1,MATCH(OFFSET($A74,-MOD(ROW()-1,3),0),'#现网数据参考'!$A:$A,0)-1,MATCH(K$2&$E74,'#现网数据参考'!$3:$3,0)-1)*IF(OFFSET($A74,-MOD(ROW()-1,3),0)<=9,0.6,1),0) -> 52 | L74: =ROUND(OFFSET('#现网数据参考'!$A$1,MATCH(OFFSET($A74,-MOD(ROW()-1,3),0),'#现网数据参考'!$A:$A,0)-1,MATCH(L$2&$E74,'#现网数据参考'!$3:$3,0)-1),0) -> 4
B75: =IF($A75="","",ROUND(_xlfn.XLOOKUP($A75,'#现网数据参考'!$A:$A,'#现网数据参考'!G:G)*IF($A75<=9,0.5,1),0)) | C75: =IF($A75="","",ROUND(_xlfn.XLOOKUP($A75,'#现网数据参考'!$A:$A,'#现网数据参考'!P:P),0)) | D75: 3 | E75: 60 | F75: =ROUND(OFFSET('#现网数据参考'!$A$1,MATCH(OFFSET($A75,-MOD(ROW()-1,3),0),'#现网数据参考'!$A:$A,0)-1,MATCH(F$2&$E75,'#现网数据参考'!$3:$3,0)-1)*IF(OFFSET($A75,-MOD(ROW()-1,3),0)<=9,0.6,1),0) -> 81 | G75: =_xlfn.XLOOKUP(OFFSET($A75,-MOD(ROW()-1,3),0),'#出征索引'!A:A,'#出征索引'!B:B)+_xlfn.XLOOKUP(OFFSET($A75,-MOD(ROW()-1,3),0),'#出征索引'!A:A,'#出征索引'!C:C)*_xlfn.XLOOKUP(F75,'#出征索引'!E:E,'#出征索引'!F:F) -> 73200 | H75: =ROUND(OFFSET('#现网数据参考'!$A$1,MATCH(OFFSET($A75,-MOD(ROW()-1,3),0),'#现网数据参考'!$A:$A,0)-1,MATCH(H$2&$E75,'#现网数据参考'!$3:$3,0)-1)*IF(OFFSET($A75,-MOD(ROW()-1,3),0)<=9,0.6,1),0) -> 58 | I75: =ROUND(OFFSET('#现网数据参考'!$A$1,MATCH(OFFSET($A75,-MOD(ROW()-1,3),0),'#现网数据参考'!$A:$A,0)-1,MATCH(I$2&$E75,'#现网数据参考'!$3:$3,0)-1)*IF(OFFSET($A75,-MOD(ROW()-1,3),0)<=9,0.6,1),0) -> 19 | J75: =ROUND(OFFSET('#现网数据参考'!$A$1,MATCH(OFFSET($A75,-MOD(ROW()-1,3),0),'#现网数据参考'!$A:$A,0)-1,MATCH(J$2&$E75,'#现网数据参考'!$3:$3,0)-1)*IF(OFFSET($A75,-MOD(ROW()-1,3),0)<=9,0.6,1),0) -> 19 | K75: =ROUND(OFFSET('#现网数据参考'!$A$1,MATCH(OFFSET($A75,-MOD(ROW()-1,3),0),'#现网数据参考'!$A:$A,0)-1,MATCH(K$2&$E75,'#现网数据参考'!$3:$3,0)-1)*IF(OFFSET($A75,-MOD(ROW()-1,3),0)<=9,0.6,1),0) -> 59 | L75: =ROUND(OFFSET('#现网数据参考'!$A$1,MATCH(OFFSET($A75,-MOD(ROW()-1,3),0),'#现网数据参考'!$A:$A,0)-1,MATCH(L$2&$E75,'#现网数据参考'!$3:$3,0)-1),0) -> 5
A76: 25 | B76: =IF($A76="","",ROUND(_xlfn.XLOOKUP($A76,'#现网数据参考'!$A:$A,'#现网数据参考'!G:G)*IF($A76<=9,0.5,1),0)) -> 7462479 | C76: =IF($A76="","",ROUND(_xlfn.XLOOKUP($A76,'#现网数据参考'!$A:$A,'#现网数据参考'!P:P),0)) -> 5 | D76: 1 | E76: 20 | F76: =ROUND(OFFSET('#现网数据参考'!$A$1,MATCH(OFFSET($A76,-MOD(ROW()-1,3),0),'#现网数据参考'!$A:$A,0)-1,MATCH(F$2&$E76,'#现网数据参考'!$3:$3,0)-1)*IF(OFFSET($A76,-MOD(ROW()-1,3),0)<=9,0.6,1),0) -> 70 | G76: =_xlfn.XLOOKUP(OFFSET($A76,-MOD(ROW()-1,3),0),'#出征索引'!A:A,'#出征索引'!B:B)+_xlfn.XLOOKUP(OFFSET($A76,-MOD(ROW()-1,3),0),'#出征索引'!A:A,'#出征索引'!C:C)*_xlfn.XLOOKUP(F76,'#出征索引'!E:E,'#出征索引'!F:F) -> 68600 | H76: =ROUND(OFFSET('#现网数据参考'!$A$1,MATCH(OFFSET($A76,-MOD(ROW()-1,3),0),'#现网数据参考'!$A:$A,0)-1,MATCH(H$2&$E76,'#现网数据参考'!$3:$3,0)-1)*IF(OFFSET($A76,-MOD(ROW()-1,3),0)<=9,0.6,1),0) -> 55 | I76: =ROUND(OFFSET('#现网数据参考'!$A$1,MATCH(OFFSET($A76,-MOD(ROW()-1,3),0),'#现网数据参考'!$A:$A,0)-1,MATCH(I$2&$E76,'#现网数据参考'!$3:$3,0)-1)*IF(OFFSET($A76,-MOD(ROW()-1,3),0)<=9,0.6,1),0) -> 17 | J76: =ROUND(OFFSET('#现网数据参考'!$A$1,MATCH(OFFSET($A76,-MOD(ROW()-1,3),0),'#现网数据参考'!$A:$A,0)-1,MATCH(J$2&$E76,'#现网数据参考'!$3:$3,0)-1)*IF(OFFSET($A76,-MOD(ROW()-1,3),0)<=9,0.6,1),0) -> 16 | K76: =ROUND(OFFSET('#现网数据参考'!$A$1,MATCH(OFFSET($A76,-MOD(ROW()-1,3),0),'#现网数据参考'!$A:$A,0)-1,MATCH(K$2&$E76,'#现网数据参考'!$3:$3,0)-1)*IF(OFFSET($A76,-MOD(ROW()-1,3),0)<=9,0.6,1),0) -> 44 | L76: =ROUND(OFFSET('#现网数据参考'!$A$1,MATCH(OFFSET($A76,-MOD(ROW()-1,3),0),'#现网数据参考'!$A:$A,0)-1,MATCH(L$2&$E76,'#现网数据参考'!$3:$3,0)-1),0) -> 4
B77: =IF($A77="","",ROUND(_xlfn.XLOOKUP($A77,'#现网数据参考'!$A:$A,'#现网数据参考'!G:G)*IF($A77<=9,0.5,1),0)) | C77: =IF($A77="","",ROUND(_xlfn.XLOOKUP($A77,'#现网数据参考'!$A:$A,'#现网数据参考'!P:P),0)) | D77: 2 | E77: 40 | F77: =ROUND(OFFSET('#现网数据参考'!$A$1,MATCH(OFFSET($A77,-MOD(ROW()-1,3),0),'#现网数据参考'!$A:$A,0)-1,MATCH(F$2&$E77,'#现网数据参考'!$3:$3,0)-1)*IF(OFFSET($A77,-MOD(ROW()-1,3),0)<=9,0.6,1),0) -> 80 | G77: =_xlfn.XLOOKUP(OFFSET($A77,-MOD(ROW()-1,3),0),'#出征索引'!A:A,'#出征索引'!B:B)+_xlfn.XLOOKUP(OFFSET($A77,-MOD(ROW()-1,3),0),'#出征索引'!A:A,'#出征索引'!C:C)*_xlfn.XLOOKUP(F77,'#出征索引'!E:E,'#出征索引'!F:F) -> 74600 | H77: =ROUND(OFFSET('#现网数据参考'!$A$1,MATCH(OFFSET($A77,-MOD(ROW()-1,3),0),'#现网数据参考'!$A:$A,0)-1,MATCH(H$2&$E77,'#现网数据参考'!$3:$3,0)-1)*IF(OFFSET($A77,-MOD(ROW()-1,3),0)<=9,0.6,1),0) -> 58 | I77: =ROUND(OFFSET('#现网数据参考'!$A$1,MATCH(OFFSET($A77,-MOD(ROW()-1,3),0),'#现网数据参考'!$A:$A,0)-1,MATCH(I$2&$E77,'#现网数据参考'!$3:$3,0)-1)*IF(OFFSET($A77,-MOD(ROW()-1,3),0)<=9,0.6,1),0) -> 18 | J77: =ROUND(OFFSET('#现网数据参考'!$A$1,MATCH(OFFSET($A77,-MOD(ROW()-1,3),0),'#现网数据参考'!$A:$A,0)-1,MATCH(J$2&$E77,'#现网数据参考'!$3:$3,0)-1)*IF(OFFSET($A77,-MOD(ROW()-1,3),0)<=9,0.6,1),0) -> 18 | K77: =ROUND(OFFSET('#现网数据参考'!$A$1,MATCH(OFFSET($A77,-MOD(ROW()-1,3),0),'#现网数据参考'!$A:$A,0)-1,MATCH(K$2&$E77,'#现网数据参考'!$3:$3,0)-1)*IF(OFFSET($A77,-MOD(ROW()-1,3),0)<=9,0.6,1),0) -> 50 | L77: =ROUND(OFFSET('#现网数据参考'!$A$1,MATCH(OFFSET($A77,-MOD(ROW()-1,3),0),'#现网数据参考'!$A:$A,0)-1,MATCH(L$2&$E77,'#现网数据参考'!$3:$3,0)-1),0) -> 4
B78: =IF($A78="","",ROUND(_xlfn.XLOOKUP($A78,'#现网数据参考'!$A:$A,'#现网数据参考'!G:G)*IF($A78<=9,0.5,1),0)) | C78: =IF($A78="","",ROUND(_xlfn.XLOOKUP($A78,'#现网数据参考'!$A:$A,'#现网数据参考'!P:P),0)) | D78: 3 | E78: 60 | F78: =ROUND(OFFSET('#现网数据参考'!$A$1,MATCH(OFFSET($A78,-MOD(ROW()-1,3),0),'#现网数据参考'!$A:$A,0)-1,MATCH(F$2&$E78,'#现网数据参考'!$3:$3,0)-1)*IF(OFFSET($A78,-MOD(ROW()-1,3),0)<=9,0.6,1),0) -> 87 | G78: =_xlfn.XLOOKUP(OFFSET($A78,-MOD(ROW()-1,3),0),'#出征索引'!A:A,'#出征索引'!B:B)+_xlfn.XLOOKUP(OFFSET($A78,-MOD(ROW()-1,3),0),'#出征索引'!A:A,'#出征索引'!C:C)*_xlfn.XLOOKUP(F78,'#出征索引'!E:E,'#出征索引'!F:F) -> 78800 | H78: =ROUND(OFFSET('#现网数据参考'!$A$1,MATCH(OFFSET($A78,-MOD(ROW()-1,3),0),'#现网数据参考'!$A:$A,0)-1,MATCH(H$2&$E78,'#现网数据参考'!$3:$3,0)-1)*IF(OFFSET($A78,-MOD(ROW()-1,3),0)<=9,0.6,1),0) -> 60 | I78: =ROUND(OFFSET('#现网数据参考'!$A$1,MATCH(OFFSET($A78,-MOD(ROW()-1,3),0),'#现网数据参考'!$A:$A,0)-1,MATCH(I$2&$E78,'#现网数据参考'!$3:$3,0)-1)*IF(OFFSET($A78,-MOD(ROW()-1,3),0)<=9,0.6,1),0) -> 19 | J78: =ROUND(OFFSET('#现网数据参考'!$A$1,MATCH(OFFSET($A78,-MOD(ROW()-1,3),0),'#现网数据参考'!$A:$A,0)-1,MATCH(J$2&$E78,'#现网数据参考'!$3:$3,0)-1)*IF(OFFSET($A78,-MOD(ROW()-1,3),0)<=9,0.6,1),0) -> 20 | K78: =ROUND(OFFSET('#现网数据参考'!$A$1,MATCH(OFFSET($A78,-MOD(ROW()-1,3),0),'#现网数据参考'!$A:$A,0)-1,MATCH(K$2&$E78,'#现网数据参考'!$3:$3,0)-1)*IF(OFFSET($A78,-MOD(ROW()-1,3),0)<=9,0.6,1),0) -> 58 | L78: =ROUND(OFFSET('#现网数据参考'!$A$1,MATCH(OFFSET($A78,-MOD(ROW()-1,3),0),'#现网数据参考'!$A:$A,0)-1,MATCH(L$2&$E78,'#现网数据参考'!$3:$3,0)-1),0) -> 5
A79: 26 | B79: =IF($A79="","",ROUND(_xlfn.XLOOKUP($A79,'#现网数据参考'!$A:$A,'#现网数据参考'!G:G)*IF($A79<=9,0.5,1),0)) -> 9392868 | C79: =IF($A79="","",ROUND(_xlfn.XLOOKUP($A79,'#现网数据参考'!$A:$A,'#现网数据参考'!P:P),0)) -> 5 | D79: 1 | E79: 20 | F79: =ROUND(OFFSET('#现网数据参考'!$A$1,MATCH(OFFSET($A79,-MOD(ROW()-1,3),0),'#现网数据参考'!$A:$A,0)-1,MATCH(F$2&$E79,'#现网数据参考'!$3:$3,0)-1)*IF(OFFSET($A79,-MOD(ROW()-1,3),0)<=9,0.6,1),0) -> 73 | G79: =_xlfn.XLOOKUP(OFFSET($A79,-MOD(ROW()-1,3),0),'#出征索引'!A:A,'#出征索引'!B:B)+_xlfn.XLOOKUP(OFFSET($A79,-MOD(ROW()-1,3),0),'#出征索引'!A:A,'#出征索引'!C:C)*_xlfn.XLOOKUP(F79,'#出征索引'!E:E,'#出征索引'!F:F) -> 72900 | H79: =ROUND(OFFSET('#现网数据参考'!$A$1,MATCH(OFFSET($A79,-MOD(ROW()-1,3),0),'#现网数据参考'!$A:$A,0)-1,MATCH(H$2&$E79,'#现网数据参考'!$3:$3,0)-1)*IF(OFFSET($A79,-MOD(ROW()-1,3),0)<=9,0.6,1),0) -> 58 | I79: =ROUND(OFFSET('#现网数据参考'!$A$1,MATCH(OFFSET($A79,-MOD(ROW()-1,3),0),'#现网数据参考'!$A:$A,0)-1,MATCH(I$2&$E79,'#现网数据参考'!$3:$3,0)-1)*IF(OFFSET($A79,-MOD(ROW()-1,3),0)<=9,0.6,1),0) -> 18 | J79: =ROUND(OFFSET('#现网数据参考'!$A$1,MATCH(OFFSET($A79,-MOD(ROW()-1,3),0),'#现网数据参考'!$A:$A,0)-1,MATCH(J$2&$E79,'#现网数据参考'!$3:$3,0)-1)*IF(OFFSET($A79,-MOD(ROW()-1,3),0)<=9,0.6,1),0) -> 17 | K79: =ROUND(OFFSET('#现网数据参考'!$A$1,MATCH(OFFSET($A79,-MOD(ROW()-1,3),0),'#现网数据参考'!$A:$A,0)-1,MATCH(K$2&$E79,'#现网数据参考'!$3:$3,0)-1)*IF(OFFSET($A79,-MOD(ROW()-1,3),0)<=9,0.6,1),0) -> 43 | L79: =ROUND(OFFSET('#现网数据参考'!$A$1,MATCH(OFFSET($A79,-MOD(ROW()-1,3),0),'#现网数据参考'!$A:$A,0)-1,MATCH(L$2&$E79,'#现网数据参考'!$3:$3,0)-1),0) -> 5
B80: =IF($A80="","",ROUND(_xlfn.XLOOKUP($A80,'#现网数据参考'!$A:$A,'#现网数据参考'!G:G)*IF($A80<=9,0.5,1),0)) | C80: =IF($A80="","",ROUND(_xlfn.XLOOKUP($A80,'#现网数据参考'!$A:$A,'#现网数据参考'!P:P),0)) | D80: 2 | E80: 40 | F80: =ROUND(OFFSET('#现网数据参考'!$A$1,MATCH(OFFSET($A80,-MOD(ROW()-1,3),0),'#现网数据参考'!$A:$A,0)-1,MATCH(F$2&$E80,'#现网数据参考'!$3:$3,0)-1)*IF(OFFSET($A80,-MOD(ROW()-1,3),0)<=9,0.6,1),0) -> 84 | G80: =_xlfn.XLOOKUP(OFFSET($A80,-MOD(ROW()-1,3),0),'#出征索引'!A:A,'#出征索引'!B:B)+_xlfn.XLOOKUP(OFFSET($A80,-MOD(ROW()-1,3),0),'#出征索引'!A:A,'#出征索引'!C:C)*_xlfn.XLOOKUP(F80,'#出征索引'!E:E,'#出征索引'!F:F) -> 79500 | H80: =ROUND(OFFSET('#现网数据参考'!$A$1,MATCH(OFFSET($A80,-MOD(ROW()-1,3),0),'#现网数据参考'!$A:$A,0)-1,MATCH(H$2&$E80,'#现网数据参考'!$3:$3,0)-1)*IF(OFFSET($A80,-MOD(ROW()-1,3),0)<=9,0.6,1),0) -> 62 | I80: =ROUND(OFFSET('#现网数据参考'!$A$1,MATCH(OFFSET($A80,-MOD(ROW()-1,3),0),'#现网数据参考'!$A:$A,0)-1,MATCH(I$2&$E80,'#现网数据参考'!$3:$3,0)-1)*IF(OFFSET($A80,-MOD(ROW()-1,3),0)<=9,0.6,1),0) -> 19 | J80: =ROUND(OFFSET('#现网数据参考'!$A$1,MATCH(OFFSET($A80,-MOD(ROW()-1,3),0),'#现网数据参考'!$A:$A,0)-1,MATCH(J$2&$E80,'#现网数据参考'!$3:$3,0)-1)*IF(OFFSET($A80,-MOD(ROW()-1,3),0)<=9,0.6,1),0) -> 20 | K80: =ROUND(OFFSET('#现网数据参考'!$A$1,MATCH(OFFSET($A80,-MOD(ROW()-1,3),0),'#现网数据参考'!$A:$A,0)-1,MATCH(K$2&$E80,'#现网数据参考'!$3:$3,0)-1)*IF(OFFSET($A80,-MOD(ROW()-1,3),0)<=9,0.6,1),0) -> 48 | L80: =ROUND(OFFSET('#现网数据参考'!$A$1,MATCH(OFFSET($A80,-MOD(ROW()-1,3),0),'#现网数据参考'!$A:$A,0)-1,MATCH(L$2&$E80,'#现网数据参考'!$3:$3,0)-1),0) -> 5
B81: =IF($A81="","",ROUND(_xlfn.XLOOKUP($A81,'#现网数据参考'!$A:$A,'#现网数据参考'!G:G)*IF($A81<=9,0.5,1),0)) | C81: =IF($A81="","",ROUND(_xlfn.XLOOKUP($A81,'#现网数据参考'!$A:$A,'#现网数据参考'!P:P),0)) | D81: 3 | E81: 60 | F81: =ROUND(OFFSET('#现网数据参考'!$A$1,MATCH(OFFSET($A81,-MOD(ROW()-1,3),0),'#现网数据参考'!$A:$A,0)-1,MATCH(F$2&$E81,'#现网数据参考'!$3:$3,0)-1)*IF(OFFSET($A81,-MOD(ROW()-1,3),0)<=9,0.6,1),0) -> 92 | G81: =_xlfn.XLOOKUP(OFFSET($A81,-MOD(ROW()-1,3),0),'#出征索引'!A:A,'#出征索引'!B:B)+_xlfn.XLOOKUP(OFFSET($A81,-MOD(ROW()-1,3),0),'#出征索引'!A:A,'#出征索引'!C:C)*_xlfn.XLOOKUP(F81,'#出征索引'!E:E,'#出征索引'!F:F) -> 84300 | H81: =ROUND(OFFSET('#现网数据参考'!$A$1,MATCH(OFFSET($A81,-MOD(ROW()-1,3),0),'#现网数据参考'!$A:$A,0)-1,MATCH(H$2&$E81,'#现网数据参考'!$3:$3,0)-1)*IF(OFFSET($A81,-MOD(ROW()-1,3),0)<=9,0.6,1),0) -> 65 | I81: =ROUND(OFFSET('#现网数据参考'!$A$1,MATCH(OFFSET($A81,-MOD(ROW()-1,3),0),'#现网数据参考'!$A:$A,0)-1,MATCH(I$2&$E81,'#现网数据参考'!$3:$3,0)-1)*IF(OFFSET($A81,-MOD(ROW()-1,3),0)<=9,0.6,1),0) -> 20 | J81: =ROUND(OFFSET('#现网数据参考'!$A$1,MATCH(OFFSET($A81,-MOD(ROW()-1,3),0),'#现网数据参考'!$A:$A,0)-1,MATCH(J$2&$E81,'#现网数据参考'!$3:$3,0)-1)*IF(OFFSET($A81,-MOD(ROW()-1,3),0)<=9,0.6,1),0) -> 22 | K81: =ROUND(OFFSET('#现网数据参考'!$A$1,MATCH(OFFSET($A81,-MOD(ROW()-1,3),0),'#现网数据参考'!$A:$A,0)-1,MATCH(K$2&$E81,'#现网数据参考'!$3:$3,0)-1)*IF(OFFSET($A81,-MOD(ROW()-1,3),0)<=9,0.6,1),0) -> 56 | L81: =ROUND(OFFSET('#现网数据参考'!$A$1,MATCH(OFFSET($A81,-MOD(ROW()-1,3),0),'#现网数据参考'!$A:$A,0)-1,MATCH(L$2&$E81,'#现网数据参考'!$3:$3,0)-1),0) -> 5
A82: 27 | B82: =IF($A82="","",ROUND(_xlfn.XLOOKUP($A82,'#现网数据参考'!$A:$A,'#现网数据参考'!G:G)*IF($A82<=9,0.5,1),0)) -> 11900605 | C82: =IF($A82="","",ROUND(_xlfn.XLOOKUP($A82,'#现网数据参考'!$A:$A,'#现网数据参考'!P:P),0)) -> 5 | D82: 1 | E82: 20 | F82: =ROUND(OFFSET('#现网数据参考'!$A$1,MATCH(OFFSET($A82,-MOD(ROW()-1,3),0),'#现网数据参考'!$A:$A,0)-1,MATCH(F$2&$E82,'#现网数据参考'!$3:$3,0)-1)*IF(OFFSET($A82,-MOD(ROW()-1,3),0)<=9,0.6,1),0) -> 77 | G82: =_xlfn.XLOOKUP(OFFSET($A82,-MOD(ROW()-1,3),0),'#出征索引'!A:A,'#出征索引'!B:B)+_xlfn.XLOOKUP(OFFSET($A82,-MOD(ROW()-1,3),0),'#出征索引'!A:A,'#出征索引'!C:C)*_xlfn.XLOOKUP(F82,'#出征索引'!E:E,'#出征索引'!F:F) -> 77800 | H82: =ROUND(OFFSET('#现网数据参考'!$A$1,MATCH(OFFSET($A82,-MOD(ROW()-1,3),0),'#现网数据参考'!$A:$A,0)-1,MATCH(H$2&$E82,'#现网数据参考'!$3:$3,0)-1)*IF(OFFSET($A82,-MOD(ROW()-1,3),0)<=9,0.6,1),0) -> 62 | I82: =ROUND(OFFSET('#现网数据参考'!$A$1,MATCH(OFFSET($A82,-MOD(ROW()-1,3),0),'#现网数据参考'!$A:$A,0)-1,MATCH(I$2&$E82,'#现网数据参考'!$3:$3,0)-1)*IF(OFFSET($A82,-MOD(ROW()-1,3),0)<=9,0.6,1),0) -> 18 | J82: =ROUND(OFFSET('#现网数据参考'!$A$1,MATCH(OFFSET($A82,-MOD(ROW()-1,3),0),'#现网数据参考'!$A:$A,0)-1,MATCH(J$2&$E82,'#现网数据参考'!$3:$3,0)-1)*IF(OFFSET($A82,-MOD(ROW()-1,3),0)<=9,0.6,1),0) -> 17 | K82: =ROUND(OFFSET('#现网数据参考'!$A$1,MATCH(OFFSET($A82,-MOD(ROW()-1,3),0),'#现网数据参考'!$A:$A,0)-1,MATCH(K$2&$E82,'#现网数据参考'!$3:$3,0)-1)*IF(OFFSET($A82,-MOD(ROW()-1,3),0)<=9,0.6,1),0) -> 44 | L82: =ROUND(OFFSET('#现网数据参考'!$A$1,MATCH(OFFSET($A82,-MOD(ROW()-1,3),0),'#现网数据参考'!$A:$A,0)-1,MATCH(L$2&$E82,'#现网数据参考'!$3:$3,0)-1),0) -> 5
B83: =IF($A83="","",ROUND(_xlfn.XLOOKUP($A83,'#现网数据参考'!$A:$A,'#现网数据参考'!G:G)*IF($A83<=9,0.5,1),0)) | C83: =IF($A83="","",ROUND(_xlfn.XLOOKUP($A83,'#现网数据参考'!$A:$A,'#现网数据参考'!P:P),0)) | D83: 2 | E83: 40 | F83: =ROUND(OFFSET('#现网数据参考'!$A$1,MATCH(OFFSET($A83,-MOD(ROW()-1,3),0),'#现网数据参考'!$A:$A,0)-1,MATCH(F$2&$E83,'#现网数据参考'!$3:$3,0)-1)*IF(OFFSET($A83,-MOD(ROW()-1,3),0)<=9,0.6,1),0) -> 89 | G83: =_xlfn.XLOOKUP(OFFSET($A83,-MOD(ROW()-1,3),0),'#出征索引'!A:A,'#出征索引'!B:B)+_xlfn.XLOOKUP(OFFSET($A83,-MOD(ROW()-1,3),0),'#出征索引'!A:A,'#出征索引'!C:C)*_xlfn.XLOOKUP(F83,'#出征索引'!E:E,'#出征索引'!F:F) -> 85000 | H83: =ROUND(OFFSET('#现网数据参考'!$A$1,MATCH(OFFSET($A83,-MOD(ROW()-1,3),0),'#现网数据参考'!$A:$A,0)-1,MATCH(H$2&$E83,'#现网数据参考'!$3:$3,0)-1)*IF(OFFSET($A83,-MOD(ROW()-1,3),0)<=9,0.6,1),0) -> 67 | I83: =ROUND(OFFSET('#现网数据参考'!$A$1,MATCH(OFFSET($A83,-MOD(ROW()-1,3),0),'#现网数据参考'!$A:$A,0)-1,MATCH(I$2&$E83,'#现网数据参考'!$3:$3,0)-1)*IF(OFFSET($A83,-MOD(ROW()-1,3),0)<=9,0.6,1),0) -> 19 | J83: =ROUND(OFFSET('#现网数据参考'!$A$1,MATCH(OFFSET($A83,-MOD(ROW()-1,3),0),'#现网数据参考'!$A:$A,0)-1,MATCH(J$2&$E83,'#现网数据参考'!$3:$3,0)-1)*IF(OFFSET($A83,-MOD(ROW()-1,3),0)<=9,0.6,1),0) -> 21 | K83: =ROUND(OFFSET('#现网数据参考'!$A$1,MATCH(OFFSET($A83,-MOD(ROW()-1,3),0),'#现网数据参考'!$A:$A,0)-1,MATCH(K$2&$E83,'#现网数据参考'!$3:$3,0)-1)*IF(OFFSET($A83,-MOD(ROW()-1,3),0)<=9,0.6,1),0) -> 49 | L83: =ROUND(OFFSET('#现网数据参考'!$A$1,MATCH(OFFSET($A83,-MOD(ROW()-1,3),0),'#现网数据参考'!$A:$A,0)-1,MATCH(L$2&$E83,'#现网数据参考'!$3:$3,0)-1),0) -> 5
B84: =IF($A84="","",ROUND(_xlfn.XLOOKUP($A84,'#现网数据参考'!$A:$A,'#现网数据参考'!G:G)*IF($A84<=9,0.5,1),0)) | C84: =IF($A84="","",ROUND(_xlfn.XLOOKUP($A84,'#现网数据参考'!$A:$A,'#现网数据参考'!P:P),0)) | D84: 3 | E84: 60 | F84: =ROUND(OFFSET('#现网数据参考'!$A$1,MATCH(OFFSET($A84,-MOD(ROW()-1,3),0),'#现网数据参考'!$A:$A,0)-1,MATCH(F$2&$E84,'#现网数据参考'!$3:$3,0)-1)*IF(OFFSET($A84,-MOD(ROW()-1,3),0)<=9,0.6,1),0) -> 98 | G84: =_xlfn.XLOOKUP(OFFSET($A84,-MOD(ROW()-1,3),0),'#出征索引'!A:A,'#出征索引'!B:B)+_xlfn.XLOOKUP(OFFSET($A84,-MOD(ROW()-1,3),0),'#出征索引'!A:A,'#出征索引'!C:C)*_xlfn.XLOOKUP(F84,'#出征索引'!E:E,'#出征索引'!F:F) -> 90400 | H84: =ROUND(OFFSET('#现网数据参考'!$A$1,MATCH(OFFSET($A84,-MOD(ROW()-1,3),0),'#现网数据参考'!$A:$A,0)-1,MATCH(H$2&$E84,'#现网数据参考'!$3:$3,0)-1)*IF(OFFSET($A84,-MOD(ROW()-1,3),0)<=9,0.6,1),0) -> 70 | I84: =ROUND(OFFSET('#现网数据参考'!$A$1,MATCH(OFFSET($A84,-MOD(ROW()-1,3),0),'#现网数据参考'!$A:$A,0)-1,MATCH(I$2&$E84,'#现网数据参考'!$3:$3,0)-1)*IF(OFFSET($A84,-MOD(ROW()-1,3),0)<=9,0.6,1),0) -> 21 | J84: =ROUND(OFFSET('#现网数据参考'!$A$1,MATCH(OFFSET($A84,-MOD(ROW()-1,3),0),'#现网数据参考'!$A:$A,0)-1,MATCH(J$2&$E84,'#现网数据参考'!$3:$3,0)-1)*IF(OFFSET($A84,-MOD(ROW()-1,3),0)<=9,0.6,1),0) -> 24 | K84: =ROUND(OFFSET('#现网数据参考'!$A$1,MATCH(OFFSET($A84,-MOD(ROW()-1,3),0),'#现网数据参考'!$A:$A,0)-1,MATCH(K$2&$E84,'#现网数据参考'!$3:$3,0)-1)*IF(OFFSET($A84,-MOD(ROW()-1,3),0)<=9,0.6,1),0) -> 56 | L84: =ROUND(OFFSET('#现网数据参考'!$A$1,MATCH(OFFSET($A84,-MOD(ROW()-1,3),0),'#现网数据参考'!$A:$A,0)-1,MATCH(L$2&$E84,'#现网数据参考'!$3:$3,0)-1),0) -> 5
A85: 28 | B85: =IF($A85="","",ROUND(_xlfn.XLOOKUP($A85,'#现网数据参考'!$A:$A,'#现网数据参考'!G:G)*IF($A85<=9,0.5,1),0)) -> 14854307 | C85: =IF($A85="","",ROUND(_xlfn.XLOOKUP($A85,'#现网数据参考'!$A:$A,'#现网数据参考'!P:P),0)) -> 6 | D85: 1 | E85: 20 | F85: =ROUND(OFFSET('#现网数据参考'!$A$1,MATCH(OFFSET($A85,-MOD(ROW()-1,3),0),'#现网数据参考'!$A:$A,0)-1,MATCH(F$2&$E85,'#现网数据参考'!$3:$3,0)-1)*IF(OFFSET($A85,-MOD(ROW()-1,3),0)<=9,0.6,1),0) -> 76 | G85: =_xlfn.XLOOKUP(OFFSET($A85,-MOD(ROW()-1,3),0),'#出征索引'!A:A,'#出征索引'!B:B)+_xlfn.XLOOKUP(OFFSET($A85,-MOD(ROW()-1,3),0),'#出征索引'!A:A,'#出征索引'!C:C)*_xlfn.XLOOKUP(F85,'#出征索引'!E:E,'#出征索引'!F:F) -> 79700 | H85: =ROUND(OFFSET('#现网数据参考'!$A$1,MATCH(OFFSET($A85,-MOD(ROW()-1,3),0),'#现网数据参考'!$A:$A,0)-1,MATCH(H$2&$E85,'#现网数据参考'!$3:$3,0)-1)*IF(OFFSET($A85,-MOD(ROW()-1,3),0)<=9,0.6,1),0) -> 66 | I85: =ROUND(OFFSET('#现网数据参考'!$A$1,MATCH(OFFSET($A85,-MOD(ROW()-1,3),0),'#现网数据参考'!$A:$A,0)-1,MATCH(I$2&$E85,'#现网数据参考'!$3:$3,0)-1)*IF(OFFSET($A85,-MOD(ROW()-1,3),0)<=9,0.6,1),0) -> 19 | J85: =ROUND(OFFSET('#现网数据参考'!$A$1,MATCH(OFFSET($A85,-MOD(ROW()-1,3),0),'#现网数据参考'!$A:$A,0)-1,MATCH(J$2&$E85,'#现网数据参考'!$3:$3,0)-1)*IF(OFFSET($A85,-MOD(ROW()-1,3),0)<=9,0.6,1),0) -> 18 | K85: =ROUND(OFFSET('#现网数据参考'!$A$1,MATCH(OFFSET($A85,-MOD(ROW()-1,3),0),'#现网数据参考'!$A:$A,0)-1,MATCH(K$2&$E85,'#现网数据参考'!$3:$3,0)-1)*IF(OFFSET($A85,-MOD(ROW()-1,3),0)<=9,0.6,1),0) -> 45 | L85: =ROUND(OFFSET('#现网数据参考'!$A$1,MATCH(OFFSET($A85,-MOD(ROW()-1,3),0),'#现网数据参考'!$A:$A,0)-1,MATCH(L$2&$E85,'#现网数据参考'!$3:$3,0)-1),0) -> 5
B86: =IF($A86="","",ROUND(_xlfn.XLOOKUP($A86,'#现网数据参考'!$A:$A,'#现网数据参考'!G:G)*IF($A86<=9,0.5,1),0)) | C86: =IF($A86="","",ROUND(_xlfn.XLOOKUP($A86,'#现网数据参考'!$A:$A,'#现网数据参考'!P:P),0)) | D86: 2 | E86: 40 | F86: =ROUND(OFFSET('#现网数据参考'!$A$1,MATCH(OFFSET($A86,-MOD(ROW()-1,3),0),'#现网数据参考'!$A:$A,0)-1,MATCH(F$2&$E86,'#现网数据参考'!$3:$3,0)-1)*IF(OFFSET($A86,-MOD(ROW()-1,3),0)<=9,0.6,1),0) -> 93 | G86: =_xlfn.XLOOKUP(OFFSET($A86,-MOD(ROW()-1,3),0),'#出征索引'!A:A,'#出征索引'!B:B)+_xlfn.XLOOKUP(OFFSET($A86,-MOD(ROW()-1,3),0),'#出征索引'!A:A,'#出征索引'!C:C)*_xlfn.XLOOKUP(F86,'#出征索引'!E:E,'#出征索引'!F:F) -> 89900 | H86: =ROUND(OFFSET('#现网数据参考'!$A$1,MATCH(OFFSET($A86,-MOD(ROW()-1,3),0),'#现网数据参考'!$A:$A,0)-1,MATCH(H$2&$E86,'#现网数据参考'!$3:$3,0)-1)*IF(OFFSET($A86,-MOD(ROW()-1,3),0)<=9,0.6,1),0) -> 70 | I86: =ROUND(OFFSET('#现网数据参考'!$A$1,MATCH(OFFSET($A86,-MOD(ROW()-1,3),0),'#现网数据参考'!$A:$A,0)-1,MATCH(I$2&$E86,'#现网数据参考'!$3:$3,0)-1)*IF(OFFSET($A86,-MOD(ROW()-1,3),0)<=9,0.6,1),0) -> 20 | J86: =ROUND(OFFSET('#现网数据参考'!$A$1,MATCH(OFFSET($A86,-MOD(ROW()-1,3),0),'#现网数据参考'!$A:$A,0)-1,MATCH(J$2&$E86,'#现网数据参考'!$3:$3,0)-1)*IF(OFFSET($A86,-MOD(ROW()-1,3),0)<=9,0.6,1),0) -> 23 | K86: =ROUND(OFFSET('#现网数据参考'!$A$1,MATCH(OFFSET($A86,-MOD(ROW()-1,3),0),'#现网数据参考'!$A:$A,0)-1,MATCH(K$2&$E86,'#现网数据参考'!$3:$3,0)-1)*IF(OFFSET($A86,-MOD(ROW()-1,3),0)<=9,0.6,1),0) -> 49 | L86: =ROUND(OFFSET('#现网数据参考'!$A$1,MATCH(OFFSET($A86,-MOD(ROW()-1,3),0),'#现网数据参考'!$A:$A,0)-1,MATCH(L$2&$E86,'#现网数据参考'!$3:$3,0)-1),0) -> 5
B87: =IF($A87="","",ROUND(_xlfn.XLOOKUP($A87,'#现网数据参考'!$A:$A,'#现网数据参考'!G:G)*IF($A87<=9,0.5,1),0)) | C87: =IF($A87="","",ROUND(_xlfn.XLOOKUP($A87,'#现网数据参考'!$A:$A,'#现网数据参考'!P:P),0)) | D87: 3 | E87: 60 | F87: =ROUND(OFFSET('#现网数据参考'!$A$1,MATCH(OFFSET($A87,-MOD(ROW()-1,3),0),'#现网数据参考'!$A:$A,0)-1,MATCH(F$2&$E87,'#现网数据参考'!$3:$3,0)-1)*IF(OFFSET($A87,-MOD(ROW()-1,3),0)<=9,0.6,1),0) -> 102 | G87: =_xlfn.XLOOKUP(OFFSET($A87,-MOD(ROW()-1,3),0),'#出征索引'!A:A,'#出征索引'!B:B)+_xlfn.XLOOKUP(OFFSET($A87,-MOD(ROW()-1,3),0),'#出征索引'!A:A,'#出征索引'!C:C)*_xlfn.XLOOKUP(F87,'#出征索引'!E:E,'#出征索引'!F:F) -> 95300 | H87: =ROUND(OFFSET('#现网数据参考'!$A$1,MATCH(OFFSET($A87,-MOD(ROW()-1,3),0),'#现网数据参考'!$A:$A,0)-1,MATCH(H$2&$E87,'#现网数据参考'!$3:$3,0)-1)*IF(OFFSET($A87,-MOD(ROW()-1,3),0)<=9,0.6,1),0) -> 74 | I87: =ROUND(OFFSET('#现网数据参考'!$A$1,MATCH(OFFSET($A87,-MOD(ROW()-1,3),0),'#现网数据参考'!$A:$A,0)-1,MATCH(I$2&$E87,'#现网数据参考'!$3:$3,0)-1)*IF(OFFSET($A87,-MOD(ROW()-1,3),0)<=9,0.6,1),0) -> 21 | J87: =ROUND(OFFSET('#现网数据参考'!$A$1,MATCH(OFFSET($A87,-MOD(ROW()-1,3),0),'#现网数据参考'!$A:$A,0)-1,MATCH(J$2&$E87,'#现网数据参考'!$3:$3,0)-1)*IF(OFFSET($A87,-MOD(ROW()-1,3),0)<=9,0.6,1),0) -> 26 | K87: =ROUND(OFFSET('#现网数据参考'!$A$1,MATCH(OFFSET($A87,-MOD(ROW()-1,3),0),'#现网数据参考'!$A:$A,0)-1,MATCH(K$2&$E87,'#现网数据参考'!$3:$3,0)-1)*IF(OFFSET($A87,-MOD(ROW()-1,3),0)<=9,0.6,1),0) -> 57 | L87: =ROUND(OFFSET('#现网数据参考'!$A$1,MATCH(OFFSET($A87,-MOD(ROW()-1,3),0),'#现网数据参考'!$A:$A,0)-1,MATCH(L$2&$E87,'#现网数据参考'!$3:$3,0)-1),0) -> 5
A88: 29 | B88: =IF($A88="","",ROUND(_xlfn.XLOOKUP($A88,'#现网数据参考'!$A:$A,'#现网数据参考'!G:G)*IF($A88<=9,0.5,1),0)) -> 16999117 | C88: =IF($A88="","",ROUND(_xlfn.XLOOKUP($A88,'#现网数据参考'!$A:$A,'#现网数据参考'!P:P),0)) -> 6 | D88: 1 | E88: 20 | F88: =ROUND(OFFSET('#现网数据参考'!$A$1,MATCH(OFFSET($A88,-MOD(ROW()-1,3),0),'#现网数据参考'!$A:$A,0)-1,MATCH(F$2&$E88,'#现网数据参考'!$3:$3,0)-1)*IF(OFFSET($A88,-MOD(ROW()-1,3),0)<=9,0.6,1),0) -> 70 | G88: =_xlfn.XLOOKUP(OFFSET($A88,-MOD(ROW()-1,3),0),'#出征索引'!A:A,'#出征索引'!B:B)+_xlfn.XLOOKUP(OFFSET($A88,-MOD(ROW()-1,3),0),'#出征索引'!A:A,'#出征索引'!C:C)*_xlfn.XLOOKUP(F88,'#出征索引'!E:E,'#出征索引'!F:F) -> 79100 | H88: =ROUND(OFFSET('#现网数据参考'!$A$1,MATCH(OFFSET($A88,-MOD(ROW()-1,3),0),'#现网数据参考'!$A:$A,0)-1,MATCH(H$2&$E88,'#现网数据参考'!$3:$3,0)-1)*IF(OFFSET($A88,-MOD(ROW()-1,3),0)<=9,0.6,1),0) -> 70 | I88: =ROUND(OFFSET('#现网数据参考'!$A$1,MATCH(OFFSET($A88,-MOD(ROW()-1,3),0),'#现网数据参考'!$A:$A,0)-1,MATCH(I$2&$E88,'#现网数据参考'!$3:$3,0)-1)*IF(OFFSET($A88,-MOD(ROW()-1,3),0)<=9,0.6,1),0) -> 19 | J88: =ROUND(OFFSET('#现网数据参考'!$A$1,MATCH(OFFSET($A88,-MOD(ROW()-1,3),0),'#现网数据参考'!$A:$A,0)-1,MATCH(J$2&$E88,'#现网数据参考'!$3:$3,0)-1)*IF(OFFSET($A88,-MOD(ROW()-1,3),0)<=9,0.6,1),0) -> 16 | K88: =ROUND(OFFSET('#现网数据参考'!$A$1,MATCH(OFFSET($A88,-MOD(ROW()-1,3),0),'#现网数据参考'!$A:$A,0)-1,MATCH(K$2&$E88,'#现网数据参考'!$3:$3,0)-1)*IF(OFFSET($A88,-MOD(ROW()-1,3),0)<=9,0.6,1),0) -> 44 | L88: =ROUND(OFFSET('#现网数据参考'!$A$1,MATCH(OFFSET($A88,-MOD(ROW()-1,3),0),'#现网数据参考'!$A:$A,0)-1,MATCH(L$2&$E88,'#现网数据参考'!$3:$3,0)-1),0) -> 5
B89: =IF($A89="","",ROUND(_xlfn.XLOOKUP($A89,'#现网数据参考'!$A:$A,'#现网数据参考'!G:G)*IF($A89<=9,0.5,1),0)) | C89: =IF($A89="","",ROUND(_xlfn.XLOOKUP($A89,'#现网数据参考'!$A:$A,'#现网数据参考'!P:P),0)) | D89: 2 | E89: 40 | F89: =ROUND(OFFSET('#现网数据参考'!$A$1,MATCH(OFFSET($A89,-MOD(ROW()-1,3),0),'#现网数据参考'!$A:$A,0)-1,MATCH(F$2&$E89,'#现网数据参考'!$3:$3,0)-1)*IF(OFFSET($A89,-MOD(ROW()-1,3),0)<=9,0.6,1),0) -> 89 | G89: =_xlfn.XLOOKUP(OFFSET($A89,-MOD(ROW()-1,3),0),'#出征索引'!A:A,'#出征索引'!B:B)+_xlfn.XLOOKUP(OFFSET($A89,-MOD(ROW()-1,3),0),'#出征索引'!A:A,'#出征索引'!C:C)*_xlfn.XLOOKUP(F89,'#出征索引'!E:E,'#出征索引'!F:F) -> 90500 | H89: =ROUND(OFFSET('#现网数据参考'!$A$1,MATCH(OFFSET($A89,-MOD(ROW()-1,3),0),'#现网数据参考'!$A:$A,0)-1,MATCH(H$2&$E89,'#现网数据参考'!$3:$3,0)-1)*IF(OFFSET($A89,-MOD(ROW()-1,3),0)<=9,0.6,1),0) -> 74 | I89: =ROUND(OFFSET('#现网数据参考'!$A$1,MATCH(OFFSET($A89,-MOD(ROW()-1,3),0),'#现网数据参考'!$A:$A,0)-1,MATCH(I$2&$E89,'#现网数据参考'!$3:$3,0)-1)*IF(OFFSET($A89,-MOD(ROW()-1,3),0)<=9,0.6,1),0) -> 21 | J89: =ROUND(OFFSET('#现网数据参考'!$A$1,MATCH(OFFSET($A89,-MOD(ROW()-1,3),0),'#现网数据参考'!$A:$A,0)-1,MATCH(J$2&$E89,'#现网数据参考'!$3:$3,0)-1)*IF(OFFSET($A89,-MOD(ROW()-1,3),0)<=9,0.6,1),0) -> 21 | K89: =ROUND(OFFSET('#现网数据参考'!$A$1,MATCH(OFFSET($A89,-MOD(ROW()-1,3),0),'#现网数据参考'!$A:$A,0)-1,MATCH(K$2&$E89,'#现网数据参考'!$3:$3,0)-1)*IF(OFFSET($A89,-MOD(ROW()-1,3),0)<=9,0.6,1),0) -> 51 | L89: =ROUND(OFFSET('#现网数据参考'!$A$1,MATCH(OFFSET($A89,-MOD(ROW()-1,3),0),'#现网数据参考'!$A:$A,0)-1,MATCH(L$2&$E89,'#现网数据参考'!$3:$3,0)-1),0) -> 5
B90: =IF($A90="","",ROUND(_xlfn.XLOOKUP($A90,'#现网数据参考'!$A:$A,'#现网数据参考'!G:G)*IF($A90<=9,0.5,1),0)) | C90: =IF($A90="","",ROUND(_xlfn.XLOOKUP($A90,'#现网数据参考'!$A:$A,'#现网数据参考'!P:P),0)) | D90: 3 | E90: 60 | F90: =ROUND(OFFSET('#现网数据参考'!$A$1,MATCH(OFFSET($A90,-MOD(ROW()-1,3),0),'#现网数据参考'!$A:$A,0)-1,MATCH(F$2&$E90,'#现网数据参考'!$3:$3,0)-1)*IF(OFFSET($A90,-MOD(ROW()-1,3),0)<=9,0.6,1),0) -> 101 | G90: =_xlfn.XLOOKUP(OFFSET($A90,-MOD(ROW()-1,3),0),'#出征索引'!A:A,'#出征索引'!B:B)+_xlfn.XLOOKUP(OFFSET($A90,-MOD(ROW()-1,3),0),'#出征索引'!A:A,'#出征索引'!C:C)*_xlfn.XLOOKUP(F90,'#出征索引'!E:E,'#出征索引'!F:F) -> 97700 | H90: =ROUND(OFFSET('#现网数据参考'!$A$1,MATCH(OFFSET($A90,-MOD(ROW()-1,3),0),'#现网数据参考'!$A:$A,0)-1,MATCH(H$2&$E90,'#现网数据参考'!$3:$3,0)-1)*IF(OFFSET($A90,-MOD(ROW()-1,3),0)<=9,0.6,1),0) -> 77 | I90: =ROUND(OFFSET('#现网数据参考'!$A$1,MATCH(OFFSET($A90,-MOD(ROW()-1,3),0),'#现网数据参考'!$A:$A,0)-1,MATCH(I$2&$E90,'#现网数据参考'!$3:$3,0)-1)*IF(OFFSET($A90,-MOD(ROW()-1,3),0)<=9,0.6,1),0) -> 22 | J90: =ROUND(OFFSET('#现网数据参考'!$A$1,MATCH(OFFSET($A90,-MOD(ROW()-1,3),0),'#现网数据参考'!$A:$A,0)-1,MATCH(J$2&$E90,'#现网数据参考'!$3:$3,0)-1)*IF(OFFSET($A90,-MOD(ROW()-1,3),0)<=9,0.6,1),0) -> 24 | K90: =ROUND(OFFSET('#现网数据参考'!$A$1,MATCH(OFFSET($A90,-MOD(ROW()-1,3),0),'#现网数据参考'!$A:$A,0)-1,MATCH(K$2&$E90,'#现网数据参考'!$3:$3,0)-1)*IF(OFFSET($A90,-MOD(ROW()-1,3),0)<=9,0.6,1),0) -> 59 | L90: =ROUND(OFFSET('#现网数据参考'!$A$1,MATCH(OFFSET($A90,-MOD(ROW()-1,3),0),'#现网数据参考'!$A:$A,0)-1,MATCH(L$2&$E90,'#现网数据参考'!$3:$3,0)-1),0) -> 5
A91: 30 | B91: =IF($A91="","",ROUND(_xlfn.XLOOKUP($A91,'#现网数据参考'!$A:$A,'#现网数据参考'!G:G)*IF($A91<=9,0.5,1),0)) -> 24943851 | C91: =IF($A91="","",ROUND(_xlfn.XLOOKUP($A91,'#现网数据参考'!$A:$A,'#现网数据参考'!P:P),0)) -> 7 | D91: 1 | E91: 20 | F91: =ROUND(OFFSET('#现网数据参考'!$A$1,MATCH(OFFSET($A91,-MOD(ROW()-1,3),0),'#现网数据参考'!$A:$A,0)-1,MATCH(F$2&$E91,'#现网数据参考'!$3:$3,0)-1)*IF(OFFSET($A91,-MOD(ROW()-1,3),0)<=9,0.6,1),0) -> 79 | G91: =_xlfn.XLOOKUP(OFFSET($A91,-MOD(ROW()-1,3),0),'#出征索引'!A:A,'#出征索引'!B:B)+_xlfn.XLOOKUP(OFFSET($A91,-MOD(ROW()-1,3),0),'#出征索引'!A:A,'#出征索引'!C:C)*_xlfn.XLOOKUP(F91,'#出征索引'!E:E,'#出征索引'!F:F) -> 88000 | H91: =ROUND(OFFSET('#现网数据参考'!$A$1,MATCH(OFFSET($A91,-MOD(ROW()-1,3),0),'#现网数据参考'!$A:$A,0)-1,MATCH(H$2&$E91,'#现网数据参考'!$3:$3,0)-1)*IF(OFFSET($A91,-MOD(ROW()-1,3),0)<=9,0.6,1),0) -> 77 | I91: =ROUND(OFFSET('#现网数据参考'!$A$1,MATCH(OFFSET($A91,-MOD(ROW()-1,3),0),'#现网数据参考'!$A:$A,0)-1,MATCH(I$2&$E91,'#现网数据参考'!$3:$3,0)-1)*IF(OFFSET($A91,-MOD(ROW()-1,3),0)<=9,0.6,1),0) -> 20 | J91: =ROUND(OFFSET('#现网数据参考'!$A$1,MATCH(OFFSET($A91,-MOD(ROW()-1,3),0),'#现网数据参考'!$A:$A,0)-1,MATCH(J$2&$E91,'#现网数据参考'!$3:$3,0)-1)*IF(OFFSET($A91,-MOD(ROW()-1,3),0)<=9,0.6,1),0) -> 18 | K91: =ROUND(OFFSET('#现网数据参考'!$A$1,MATCH(OFFSET($A91,-MOD(ROW()-1,3),0),'#现网数据参考'!$A:$A,0)-1,MATCH(K$2&$E91,'#现网数据参考'!$3:$3,0)-1)*IF(OFFSET($A91,-MOD(ROW()-1,3),0)<=9,0.6,1),0) -> 47 | L91: =ROUND(OFFSET('#现网数据参考'!$A$1,MATCH(OFFSET($A91,-MOD(ROW()-1,3),0),'#现网数据参考'!$A:$A,0)-1,MATCH(L$2&$E91,'#现网数据参考'!$3:$3,0)-1),0) -> 5
B92: =IF($A92="","",ROUND(_xlfn.XLOOKUP($A92,'#现网数据参考'!$A:$A,'#现网数据参考'!G:G)*IF($A92<=9,0.5,1),0)) | C92: =IF($A92="","",ROUND(_xlfn.XLOOKUP($A92,'#现网数据参考'!$A:$A,'#现网数据参考'!P:P),0)) | D92: 2 | E92: 40 | F92: =ROUND(OFFSET('#现网数据参考'!$A$1,MATCH(OFFSET($A92,-MOD(ROW()-1,3),0),'#现网数据参考'!$A:$A,0)-1,MATCH(F$2&$E92,'#现网数据参考'!$3:$3,0)-1)*IF(OFFSET($A92,-MOD(ROW()-1,3),0)<=9,0.6,1),0) -> 101 | G92: =_xlfn.XLOOKUP(OFFSET($A92,-MOD(ROW()-1,3),0),'#出征索引'!A:A,'#出征索引'!B:B)+_xlfn.XLOOKUP(OFFSET($A92,-MOD(ROW()-1,3),0),'#出征索引'!A:A,'#出征索引'!C:C)*_xlfn.XLOOKUP(F92,'#出征索引'!E:E,'#出征索引'!F:F) -> 101200 | H92: =ROUND(OFFSET('#现网数据参考'!$A$1,MATCH(OFFSET($A92,-MOD(ROW()-1,3),0),'#现网数据参考'!$A:$A,0)-1,MATCH(H$2&$E92,'#现网数据参考'!$3:$3,0)-1)*IF(OFFSET($A92,-MOD(ROW()-1,3),0)<=9,0.6,1),0) -> 82 | I92: =ROUND(OFFSET('#现网数据参考'!$A$1,MATCH(OFFSET($A92,-MOD(ROW()-1,3),0),'#现网数据参考'!$A:$A,0)-1,MATCH(I$2&$E92,'#现网数据参考'!$3:$3,0)-1)*IF(OFFSET($A92,-MOD(ROW()-1,3),0)<=9,0.6,1),0) -> 22 | J92: =ROUND(OFFSET('#现网数据参考'!$A$1,MATCH(OFFSET($A92,-MOD(ROW()-1,3),0),'#现网数据参考'!$A:$A,0)-1,MATCH(J$2&$E92,'#现网数据参考'!$3:$3,0)-1)*IF(OFFSET($A92,-MOD(ROW()-1,3),0)<=9,0.6,1),0) -> 26 | K92: =ROUND(OFFSET('#现网数据参考'!$A$1,MATCH(OFFSET($A92,-MOD(ROW()-1,3),0),'#现网数据参考'!$A:$A,0)-1,MATCH(K$2&$E92,'#现网数据参考'!$3:$3,0)-1)*IF(OFFSET($A92,-MOD(ROW()-1,3),0)<=9,0.6,1),0) -> 52 | L92: =ROUND(OFFSET('#现网数据参考'!$A$1,MATCH(OFFSET($A92,-MOD(ROW()-1,3),0),'#现网数据参考'!$A:$A,0)-1,MATCH(L$2&$E92,'#现网数据参考'!$3:$3,0)-1),0) -> 5
B93: =IF($A93="","",ROUND(_xlfn.XLOOKUP($A93,'#现网数据参考'!$A:$A,'#现网数据参考'!G:G)*IF($A93<=9,0.5,1),0)) | C93: =IF($A93="","",ROUND(_xlfn.XLOOKUP($A93,'#现网数据参考'!$A:$A,'#现网数据参考'!P:P),0)) | D93: 3 | E93: 60 | F93: =ROUND(OFFSET('#现网数据参考'!$A$1,MATCH(OFFSET($A93,-MOD(ROW()-1,3),0),'#现网数据参考'!$A:$A,0)-1,MATCH(F$2&$E93,'#现网数据参考'!$3:$3,0)-1)*IF(OFFSET($A93,-MOD(ROW()-1,3),0)<=9,0.6,1),0) -> 111 | G93: =_xlfn.XLOOKUP(OFFSET($A93,-MOD(ROW()-1,3),0),'#出征索引'!A:A,'#出征索引'!B:B)+_xlfn.XLOOKUP(OFFSET($A93,-MOD(ROW()-1,3),0),'#出征索引'!A:A,'#出征索引'!C:C)*_xlfn.XLOOKUP(F93,'#出征索引'!E:E,'#出征索引'!F:F) -> 107200 | H93: =ROUND(OFFSET('#现网数据参考'!$A$1,MATCH(OFFSET($A93,-MOD(ROW()-1,3),0),'#现网数据参考'!$A:$A,0)-1,MATCH(H$2&$E93,'#现网数据参考'!$3:$3,0)-1)*IF(OFFSET($A93,-MOD(ROW()-1,3),0)<=9,0.6,1),0) -> 87 | I93: =ROUND(OFFSET('#现网数据参考'!$A$1,MATCH(OFFSET($A93,-MOD(ROW()-1,3),0),'#现网数据参考'!$A:$A,0)-1,MATCH(I$2&$E93,'#现网数据参考'!$3:$3,0)-1)*IF(OFFSET($A93,-MOD(ROW()-1,3),0)<=9,0.6,1),0) -> 24 | J93: =ROUND(OFFSET('#现网数据参考'!$A$1,MATCH(OFFSET($A93,-MOD(ROW()-1,3),0),'#现网数据参考'!$A:$A,0)-1,MATCH(J$2&$E93,'#现网数据参考'!$3:$3,0)-1)*IF(OFFSET($A93,-MOD(ROW()-1,3),0)<=9,0.6,1),0) -> 30 | K93: =ROUND(OFFSET('#现网数据参考'!$A$1,MATCH(OFFSET($A93,-MOD(ROW()-1,3),0),'#现网数据参考'!$A:$A,0)-1,MATCH(K$2&$E93,'#现网数据参考'!$3:$3,0)-1)*IF(OFFSET($A93,-MOD(ROW()-1,3),0)<=9,0.6,1),0) -> 59 | L93: =ROUND(OFFSET('#现网数据参考'!$A$1,MATCH(OFFSET($A93,-MOD(ROW()-1,3),0),'#现网数据参考'!$A:$A,0)-1,MATCH(L$2&$E93,'#现网数据参考'!$3:$3,0)-1),0) -> 5

Sheet #现网数据参考
B1: 战斗力 | C1: 战斗力 | D1: 战斗力 | E1: 战斗力 | F1: 战斗力 | G1: 战斗力 | H1: 战斗力 | I1: 战斗力 | J1: 战斗力 | K1: 解锁的士兵等级 | L1: 解锁的士兵等级 | M1: 解锁的士兵等级 | N1: 解锁的士兵等级 | O1: 解锁的士兵等级 | P1: 解锁的士兵等级 | Q1: 解锁的士兵等级 | R1: 解锁的士兵等级 | S1: 解锁的士兵等级 | T1: 已研究科技数量 | U1: 已研究科技数量 | V1: 已研究科技数量 | W1: 已研究科技数量 | X1: 已研究科技数量 | Y1: 已研究科技数量 | Z1: 已研究科技数量 | AA1: 已研究科技数量 | AB1: 已研究科技数量 | AC1: 已解锁部队数量 | AD1: 已解锁部队数量 | AE1: 已解锁部队数量 | AF1: 已解锁部队数量 | AG1: 已解锁部队数量 | AH1: 已解锁部队数量 | AI1: 已解锁部队数量 | AJ1: 已解锁部队数量 | AK1: 已解锁部队数量 | AL1: 已穿戴装备数量 | AM1: 已穿戴装备数量 | AN1: 已穿戴装备数量 | AO1: 已穿戴装备数量 | AP1: 已穿戴装备数量 | AQ1: 已穿戴装备数量 | AR1: 已穿戴装备数量 | AS1: 已穿戴装备数量 | AT1: 已穿戴装备数量 | AU1: 已解锁建筑平均等级 | AV1: 已解锁建筑平均等级 | AW1: 已解锁建筑平均等级 | AX1: 已解锁建筑平均等级 | AY1: 已解锁建筑平均等级 | AZ1: 已解锁建筑平均等级 | BA1: 已解锁建筑平均等级 | BB1: 已解锁建筑平均等级 | BC1: 已解锁建筑平均等级 | BD1: 上阵英雄平均等级 | BE1: 上阵英雄平均等级 | BF1: 上阵英雄平均等级 | BG1: 上阵英雄平均等级 | BH1: 上阵英雄平均等级 | BI1: 上阵英雄平均等级 | BJ1: 上阵英雄平均等级 | BK1: 上阵英雄平均等级 | BL1: 上阵英雄平均等级 | BM1: 上阵英雄平均技能等级 | BN1: 上阵英雄平均技能等级 | BO1: 上阵英雄平均技能等级 | BP1: 上阵英雄平均技能等级 | BQ1: 上阵英雄平均技能等级 | BR1: 上阵英雄平均技能等级 | BS1: 上阵英雄平均技能等级 | BT1: 上阵英雄平均技能等级 | BU1: 上阵英雄平均技能等级
B2: 10 | C2: 20 | D2: 30 | E2: 40 | F2: 50 | G2: 60 | H2: 70 | I2: 80 | J2: 90 | K2: 10 | L2: 20 | M2: 30 | N2: 40 | O2: 50 | P2: 60 | Q2: 70 | R2: 80 | S2: 90 | T2: 10 | U2: 20 | V2: 30 | W2: 40 | X2: 50 | Y2: 60 | Z2: 70 | AA2: 80 | AB2: 90 | AC2: 10 | AD2: 20 | AE2: 30 | AF2: 40 | AG2: 50 | AH2: 60 | AI2: 70 | AJ2: 80 | AK2: 90 | AL2: 10 | AM2: 20 | AN2: 30 | AO2: 40 | AP2: 50 | AQ2: 60 | AR2: 70 | AS2: 80 | AT2: 90 | AU2: 10 | AV2: 20 | AW2: 30 | AX2: 40 | AY2: 50 | AZ2: 60 | BA2: 70 | BB2: 80 | BC2: 90 | BD2: 10 | BE2: 20 | BF2: 30 | BG2: 40 | BH2: 50 | BI2: 60 | BJ2: 70 | BK2: 80 | BL2: 90 | BM2: 10 | BN2: 20 | BO2: 30 | BP2: 40 | BQ2: 50 | BR2: 60 | BS2: 70 | BT2: 80 | BU2: 90
B3: =B1&B2 -> 战斗力10 | C3: =C1&C2 -> 战斗力20 | D3: =D1&D2 -> 战斗力30 | E3: =E1&E2 -> 战斗力40 | F3: =F1&F2 -> 战斗力50 | G3: =G1&G2 -> 战斗力60 | H3: =H1&H2 -> 战斗力70 | I3: =I1&I2 -> 战斗力80 | ... BU3: =BU1&BU2 -> 上阵英雄平均技能等级90
A4: CastleLevel | B4: power_10_percentile | C4: power_20_percentile | D4: power_30_percentile | E4: power_40_percentile | F4: power_50_percentile | G4: power_60_percentile | H4: power_70_percentile | I4: power_80_percentile | J4: power_90_percentile | K4: SoldierLevel_10_percentile | L4: SoldierLevel_20_percentile | M4: SoldierLevel_30_percentile | N4: SoldierLevel_40_percentile | O4: SoldierLevel_50_percentile | P4: SoldierLevel_60_percentile | Q4: SoldierLevel_70_percentile | R4: SoldierLevel_80_percentile | S4: SoldierLevel_90_percentile | T4: tech_count_10_percentile | U4: tech_count_20_percentile | V4: tech_count_30_percentile | W4: tech_count_40_percentile | X4: tech_count_50_percentile | Y4: tech_count_60_percentile | Z4: tech_count_70_percentile | AA4: tech_count_80_percentile | AB4: tech_count_90_percentile | AC4: marchQueueCnt_10_percentile | AD4: marchQueueCnt_20_percentile | AE4: marchQueueCnt_30_percentile | AF4: marchQueueCnt_40_percentile | AG4: marchQueueCnt_50_percentile | AH4: marchQueueCnt_60_percentile | AI4: marchQueueCnt_70_percentile | AJ4: marchQueueCnt_80_percentile | AK4: marchQueueCnt_90_percentile | AL4: EquipNum_10_percentile | AM4: EquipNum_20_percentile | AN4: EquipNum_30_percentile | AO4: EquipNum_40_percentile | AP4: EquipNum_50_percentile | AQ4: EquipNum_60_percentile | AR4: EquipNum_70_percentile | AS4: EquipNum_80_percentile | AT4: EquipNum_90_percentile | AU4: building_avg_level_10_percentile | AV4: building_avg_level_20_percentile | AW4: building_avg_level_30_percentile | AX4: building_avg_level_40_percentile | AY4: building_avg_level_50_percentile | AZ4: building_avg_level_60_percentile | BA4: building_avg_level_70_percentile | BB4: building_avg_level_80_percentile | BC4: building_avg_level_90_percentile | BD4: HeroAvgLevel_10_percentile | BE4: HeroAvgLevel_20_percentile | BF4: HeroAvgLevel_30_percentile | BG4: HeroAvgLevel_40_percentile | BH4: HeroAvgLevel_50_percentile | BI4: HeroAvgLevel_60_percentile | BJ4: HeroAvgLevel_70_percentile | BK4: HeroAvgLevel_80_percentile | BL4: HeroAvgLevel_90_percentile | BM4: HeroAvgSkillLevel_10_percentile | BN4: HeroAvgSkillLevel_20_percentile | BO4: HeroAvgSkillLevel_30_percentile | BP4: HeroAvgSkillLevel_40_percentile | BQ4: HeroAvgSkillLevel_50_percentile | BR4: HeroAvgSkillLevel_60_percentile | BS4: HeroAvgSkillLevel_70_percentile | BT4: HeroAvgSkillLevel_80_percentile | BU4: HeroAvgSkillLevel_90_percentile
A5: 1 | B5: 11209 | C5: 11395 | D5: 11581 | E5: 11766 | F5: 11952 | G5: 12137 | H5: 12323 | I5: 12509 | J5: 27625 | K5: 1 | L5: 1 | M5: 1 | N5: 1 | O5: 1 | P5: 1 | Q5: 1.18 | R5: 1.45 | S5: 1.73 | T5: 2 | U5: 2 | V5: 2.08 | W5: 2.35 | X5: 2.63 | Y5: 2.9 | Z5: 4.4 | AA5: 5.8 | AB5: 6.9 | AC5: 3 | AD5: 3 | AE5: 3 | AF5: 3 | AG5: 3 | AH5: 3 | AI5: 3 | AJ5: 3 | AK5: 3 | AU5: 1 | AV5: 1 | AW5: 1 | AX5: 1 | AY5: 1 | AZ5: 1 | BA5: 1 | BB5: 1 | BC5: 1 | BD5: 1 | BE5: 1 | BF5: 1 | BG5: 1 | BH5: 1 | BI5: 1 | BJ5: 1 | BK5: 1 | BL5: 1 | BM5: 0.73 | BN5: 0.9 | BO5: 1.57 | BP5: 2.5 | BQ5: 3.33 | BR5: 4.03 | BS5: 5.28 | BT5: 5.97 | BU5: 6.32
A6: 2 | B6: 27646 | C6: 27665 | D6: 27666 | E6: 27666 | F6: 27685 | G6: 27686 | H6: 37417 | I6: 38666 | J6: 38685 | K6: 1 | L6: 1 | M6: 1 | N6: 1 | O6: 1 | P6: 1 | Q6: 1 | R6: 1 | S6: 1.5 | T6: 2 | U6: 2 | V6: 2.17 | W6: 2.33 | X6: 2.5 | Y6: 2.67 | Z6: 2.83 | AA6: 3 | AB6: 5 | AC6: 3 | AD6: 3 | AE6: 3 | AF6: 3 | AG6: 3 | AH6: 3 | AI6: 3 | AJ6: 3 | AK6: 3 | AU6: 1.11 | AV6: 1.11 | AW6: 1.11 | AX6: 1.12 | AY6: 1.12 | AZ6: 1.12 | BA6: 1.12 | BB6: 1.12 | BC6: 1.22 | BD6: 1 | BE6: 1 | BF6: 1 | BG6: 1 | BH6: 1 | BI6: 1 | BJ6: 1 | BK6: 1 | BL6: 1 | BM6: 0.67 | BN6: 0.67 | BO6: 0.67 | BP6: 0.98 | BQ6: 2.22 | BR6: 3.47 | BS6: 4.71 | BT6: 5.67 | BU6: 6.43
A7: 3 | B7: 27706 | C7: 27823 | D7: 38687 | E7: 38706 | F7: 38709 | G7: 38727 | H7: 38742 | I7: 38773 | J7: 38839 | K7: 1 | L7: 1 | M7: 1 | N7: 1 | O7: 1 | P7: 1 | Q7: 1 | R7: 1 | S7: 1 | T7: 2 | U7: 2 | V7: 2 | W7: 2 | X7: 2 | Y7: 2 | Z7: 2 | AA7: 2 | AB7: 2 | AC7: 3 | AD7: 3 | AE7: 3 | AF7: 3 | AG7: 3 | AH7: 3 | AI7: 3 | AJ7: 3 | AK7: 3 | AU7: 1.21 | AV7: 1.21 | AW7: 1.22 | AX7: 1.23 | AY7: 1.3 | AZ7: 1.43 | BA7: 1.59 | BB7: 1.67 | BC7: 2 | BD7: 1 | BE7: 1 | BF7: 1 | BG7: 1 | BH7: 1 | BI7: 1 | BJ7: 1.85 | BK7: 2.32 | BL7: 3.49 | BM7: 0.67 | BN7: 0.67 | BO7: 0.73 | BP7: 0.87 | BQ7: 1 | BR7: 1.47 | BS7: 1.93 | BT7: 2.53 | BU7: 3.27
A8: 4 | B8: 38871 | C8: 50827 | D8: 50876 | E8: 50957 | F8: 51718 | G8: 52735 | H8: 53309 | I8: 54570 | J8: 61872 | K8: 1 | L8: 1 | M8: 1 | N8: 1 | O8: 1 | P8: 1 | Q8: 1 | R8: 1.16 | S8: 1.58 | T8: 2 | U8: 2 | V8: 2 | W8: 2 | X8: 2.17 | Y8: 2.87 | Z8: 4.18 | AA8: 4.7 | AB8: 5.9 | AC8: 3 | AD8: 3 | AE8: 3 | AF8: 3 | AG8: 3 | AH8: 3 | AI8: 3 | AJ8: 3 | AK8: 3 | AU8: 1.54 | AV8: 1.61 | AW8: 1.76 | AX8: 1.85 | AY8: 2.07 | AZ8: 2.2 | BA8: 2.34 | BB8: 2.55 | BC8: 2.93 | BD8: 1.83 | BE8: 2.41 | BF8: 2.71 | BG8: 2.9 | BH8: 3.46 | BI8: 4 | BJ8: 4.47 | BK8: 4.98 | BL8: 6.45 | BM8: 0.51 | BN8: 0.56 | BO8: 0.6 | BP8: 0.65 | BQ8: 0.91 | BR8: 1.67 | BS8: 2.33 | BT8: 2.33 | BU8: 3.76
A9: 5 | B9: 55973 | C9: 57586 | D9: 60250 | E9: 62063 | F9: 63172 | G9: 66659 | H9: 71095 | I9: 75917 | J9: 84878 | K9: 1 | L9: 1 | M9: 1 | N9: 1 | O9: 1 | P9: 1 | Q9: 1 | R9: 1 | S9: 1 | T9: 1.04 | U9: 1.2 | V9: 1.37 | W9: 1.53 | X9: 1.7 | Y9: 1.86 | Z9: 2.08 | AA9: 2.66 | AB9: 3.75 | AC9: 3 | AD9: 3 | AE9: 3 | AF9: 3 | AG9: 3 | AH9: 3 | AI9: 3 | AJ9: 3 | AK9: 3 | AU9: 2.57 | AV9: 2.66 | AW9: 2.85 | AX9: 2.93 | AY9: 3.06 | AZ9: 3.25 | BA9: 3.46 | BB9: 3.74 | BC9: 4.1 | BD9: 4.44 | BE9: 5.86 | BF9: 7.44 | BG9: 9.74 | BH9: 9.86 | BI9: 9.98 | BJ9: 10.94 | BK9: 13.18 | BL9: 17.37 | BM9: 0.64 | BN9: 1.49 | BO9: 2.33 | BP9: 2.95 | BQ9: 3.31 | BR9: 3.67 | BS9: 3.98 | BT9: 5.24 | BU9: 5.31
A10: 6 | B10: 63199 | C10: 67410 | D10: 70342 | E10: 72550 | F10: 77847 | G10: 82998 | H10: 89795 | I10: 98355 | J10: 111067 | K10: 1 | L10: 1 | M10: 1 | N10: 1.04 | O10: 1.2 | P10: 1.36 | Q10: 1.52 | R10: 1.68 | S10: 1.84 | T10: 1.4 | U10: 1.86 | V10: 2.23 | W10: 2.57 | X10: 2.91 | Y10: 3.53 | Z10: 4.36 | AA10: 5.56 | AB10: 7.98 | AC10: 3 | AD10: 3 | AE10: 3 | AF10: 3 | AG10: 3 | AH10: 3 | AI10: 3 | AJ10: 3 | AK10: 3 | AU10: 3.05 | AV10: 3.24 | AW10: 3.35 | AX10: 3.49 | AY10: 3.69 | AZ10: 3.94 | BA10: 4.22 | BB10: 4.53 | BC10: 4.86 | BD10: 7.86 | BE10: 9.89 | BF10: 9.95 | BG10: 10.43 | BH10: 11.29 | BI10: 12.98 | BJ10: 15 | BK10: 17.95 | BL10: 19.45 | BM10: 3 | BN10: 3 | BO10: 3.33 | BP10: 3.67 | BQ10: 4 | BR10: 4.67 | BS10: 5.27 | BT10: 5.32 | BU10: 6.34
A11: 7 | B11: 72978 | C11: 75477 | D11: 78992 | E11: 86722 | F11: 93562 | G11: 101712 | H11: 111222 | I11: 121804 | J11: 136534 | K11: 1.01 | L11: 1.12 | M11: 1.23 | N11: 1.34 | O11: 1.45 | P11: 1.56 | Q11: 1.67 | R11: 1.78 | S11: 1.89 | T11: 2.18 | U11: 2.53 | V11: 2.88 | W11: 3.55 | X11: 4.65 | Y11: 5.98 | Z11: 8.08 | AA11: 9.33 | AB11: 12.07 | AC11: 3 | AD11: 3 | AE11: 3 | AF11: 3 | AG11: 3 | AH11: 3 | AI11: 3 | AJ11: 3 | AK11: 3 | AU11: 3.69 | AV11: 3.91 | AW11: 4.12 | AX11: 4.32 | AY11: 4.58 | AZ11: 4.86 | BA11: 5.13 | BB11: 5.42 | BC11: 5.77 | BD11: 9.81 | BE11: 9.91 | BF11: 10.4 | BG11: 11.47 | BH11: 13.49 | BI11: 15.46 | BJ11: 17.89 | BK11: 18.94 | BL11: 19.83 | BM11: 3 | BN11: 3.13 | BO11: 3.67 | BP11: 3.83 | BQ11: 4.61 | BR11: 5.29 | BS11: 5.33 | BT11: 6.16 | BU11: 7
A12: 8 | B12: 79844 | C12: 86083 | D12: 93147 | E12: 101805 | F12: 110400 | G12: 120417 | H12: 131776 | I12: 145238 | J12: 164639 | K12: 1.07 | L12: 1.17 | M12: 1.28 | N12: 1.38 | O12: 1.48 | P12: 1.59 | Q12: 1.69 | R12: 1.79 | S12: 1.9 | T12: 2.3 | U12: 2.66 | V12: 3.05 | W12: 3.98 | X12: 5.52 | Y12: 7.56 | Z12: 9.19 | AA12: 10.91 | AB12: 13.55 | AC12: 3 | AD12: 3 | AE12: 3 | AF12: 3 | AG12: 3 | AH12: 3 | AI12: 3 | AJ12: 3 | AK12: 3 | AU12: 4 | AV12: 4.22 | AW12: 4.44 | AX12: 4.66 | AY12: 4.95 | AZ12: 5.25 | BA12: 5.56 | BB12: 5.91 | BC12: 6.37 | BD12: 9.93 | BE12: 10.91 | BF12: 12.48 | BG12: 14.86 | BH12: 15.9 | BI12: 17.97 | BJ12: 18.96 | BK12: 19.94 | BL12: 21.49 | BM12: 3 | BN12: 3.33 | BO12: 3.81 | BP12: 4.32 | BQ12: 4.87 | BR12: 5.29 | BS12: 6 | BT12: 7 | BU12: 8.48
A13: 9 | B13: 99542 | C13: 111276 | D13: 121606 | E13: 132195 | F13: 143205 | G13: 154981 | H13: 168427 | I13: 185227 | J13: 210166 | K13: 1.09 | L13: 1.2 | M13: 1.3 | N13: 1.4 | O13: 1.5 | P13: 1.6 | Q13: 1.7 | R13: 1.8 | S13: 1.9 | T13: 2.5 | U13: 3.01 | V13: 4.17 | W13: 5.87 | X13: 8.13 | Y13: 9.5 | Z13: 11.33 | AA13: 13.53 | AB13: 15.05 | AC13: 3 | AD13: 3 | AE13: 3 | AF13: 3 | AG13: 3 | AH13: 3 | AI13: 3 | AJ13: 3 | AK13: 3 | AU13: 4.42 | AV13: 4.75 | AW13: 5.04 | AX13: 5.32 | AY13: 5.61 | AZ13: 5.92 | BA13: 6.24 | BB13: 6.64 | BC13: 7.27 | BD13: 11.73 | BE13: 13.56 | BF13: 14.98 | BG13: 16.96 | BH13: 18.49 | BI13: 19.89 | BJ13: 20.48 | BK13: 22.3 | BL13: 24.88 | BM13: 3 | BN13: 3.77 | BO13: 4.32 | BP13: 4.87 | BQ13: 5.33 | BR13: 6.16 | BS13: 7 | BT13: 8.1 | BU13: 9.33
A14: 10 | B14: 136100 | C14: 151733 | D14: 164854 | E14: 176482 | F14: 188159 | G14: 200923 | H14: 216255 | I14: 236295 | J14: 268948 | K14: 1.1 | L14: 1.21 | M14: 1.31 | N14: 1.42 | O14: 1.52 | P14: 1.63 | Q14: 1.73 | R14: 1.84 | S14: 1.94 | T14: 2.79 | U14: 4.07 | V14: 6.01 | W14: 8.58 | X14: 9.95 | Y14: 11.83 | Z14: 13.79 | AA14: 15.69 | AB14: 18.47 | AC14: 3 | AD14: 3 | AE14: 3 | AF14: 3 | AG14: 3 | AH14: 3 | AI14: 3 | AJ14: 3 | AK14: 3 | AU14: 5.31 | AV14: 5.71 | AW14: 6.01 | AX14: 6.32 | AY14: 6.61 | AZ14: 6.9 | BA14: 7.2 | BB14: 7.61 | BC14: 8.23 | BD14: 13.88 | BE14: 16.64 | BF14: 18.89 | BG14: 19.97 | BH14: 21.33 | BI14: 22.89 | BJ14: 24.33 | BK14: 26.32 | BL14: 29.83 | BM14: 3.67 | BN14: 4.42 | BO14: 5.1 | BP14: 5.88 | BQ14: 6.87 | BR14: 7.55 | BS14: 8.6 | BT14: 9.67 | BU14: 11.22
A15: 11 | B15: 182864 | C15: 203054 | D15: 218849 | E15: 233658 | F15: 249463 | G15: 266852 | H15: 288019 | I15: 315971 | J15: 358720 | K15: 1.13 | L15: 1.26 | M15: 1.39 | N15: 1.53 | O15: 1.66 | P15: 1.79 | Q15: 1.92 | R15: 2.17 | S15: 2.58 | T15: 5.16 | U15: 8.93 | V15: 10.66 | W15: 13.2 | X15: 14.93 | Y15: 17.05 | Z15: 19.01 | AA15: 21.18 | AB15: 23.88 | AC15: 3 | AD15: 3 | AE15: 3 | AF15: 3 | AG15: 3 | AH15: 3 | AI15: 3 | AJ15: 3 | AK15: 3 | AU15: 6.46 | AV15: 6.88 | AW15: 7.24 | AX15: 7.58 | AY15: 7.92 | AZ15: 8.27 | BA15: 8.67 | BB15: 9.14 | BC15: 9.65 | BD15: 18.77 | BE15: 21.3 | BF15: 23.3 | BG15: 24.91 | BH15: 26.58 | BI15: 28.31 | BJ15: 30.31 | BK15: 33.25 | BL15: 37.65 | BM15: 4.56 | BN15: 5.76 | BO15: 7 | BP15: 8.11 | BQ15: 9.11 | BR15: 10.2 | BS15: 11.21 | BT15: 12.33 | BU15: 13.89
A16: 12 | B16: 245271 | C16: 275843 | D16: 299740 | E16: 321734 | F16: 344402 | G16: 368589 | H16: 398334 | I16: 435137 | J16: 487370 | K16: 1.22 | L16: 1.44 | M16: 1.66 | N16: 1.88 | O16: 2.08 | P16: 2.26 | Q16: 2.45 | R16: 2.63 | S16: 2.82 | T16: 9.98 | U16: 13.55 | V16: 16.29 | W16: 18.76 | X16: 20.92 | Y16: 22.77 | Z16: 25.41 | AA16: 27.98 | AB16: 30.41 | AC16: 3 | AD16: 3 | AE16: 3 | AF16: 3 | AG16: 3 | AH16: 3 | AI16: 3 | AJ16: 3 | AK16: 3 | AU16: 7.46 | AV16: 7.97 | AW16: 8.36 | AX16: 8.71 | AY16: 9.07 | AZ16: 9.46 | BA16: 9.84 | BB16: 10.25 | BC16: 10.74 | BD16: 19.18 | BE16: 21.67 | BF16: 23.64 | BG16: 25.26 | BH16: 26.94 | BI16: 28.7 | BJ16: 30.65 | BK16: 33.31 | BL16: 37.22 | BM16: 5.32 | BN16: 7 | BO16: 8.15 | BP16: 9 | BQ16: 9.66 | BR16: 10.33 | BS16: 11.11 | BT16: 12 | BU16: 13.33
... A18: 14 | B18: 424897 | C18: 473983 | D18: 515931 | E18: 550995 | F18: 585371 | G18: 623816 | H18: 669605 | I18: 725562 | J18: 808607 | K18: 2.05 | L18: 2.16 | M18: 2.26 | N18: 2.37 | O18: 2.47 | P18: 2.58 | Q18: 2.68 | R18: 2.79 | S18: 2.89 | T18: 22.08 | U18: 25.44 | V18: 27.82 | W18: 29.66 | X18: 30.94 | Y18: 32.02 | Z18: 33.83 | AA18: 35.31 | AB18: 37.17 | AC18: 3 | AD18: 3 | AE18: 3 | AF18: 3 | AG18: 3.14 | AH18: 3.32 | AI18: 3.49 | AJ18: 3.66 | AK18: 3.83 | AU18: 9.01 | AV18: 9.65 | AW18: 10.17 | AX18: 10.65 | AY18: 11.1 | AZ18: 11.54 | BA18: 12.01 | BB18: 12.48 | BC18: 12.93 | BD18: 23.9 | BE18: 26.93 | BF18: 29.33 | BG18: 31.37 | BH18: 33.43 | BI18: 35.6 | BJ18: 37.83 | BK18: 40.62 | BL18: 44.87 | BM18: 7 | BN18: 8.67 | BO18: 9.55 | BP18: 10.22 | BQ18: 10.83 | BR18: 11.45 | BS18: 12.11 | BT18: 12.92 | BU18: 14.11
A19: 15 | B19: 528778 | C19: 593985 | D19: 645249 | E19: 692746 | F19: 737911 | G19: 788143 | H19: 847657 | I19: 920645 | J19: 1037955 | K19: 2.09 | L19: 2.2 | M19: 2.32 | N19: 2.43 | O19: 2.54 | P19: 2.65 | Q19: 2.76 | R19: 2.88 | S19: 2.99 | T19: 25.71 | U19: 28.98 | V19: 30.99 | W19: 32.5 | X19: 33.96 | Y19: 35.21 | Z19: 36.11 | AA19: 37.87 | AB19: 39.66 | AC19: 3 | AD19: 3 | AE19: 3.11 | AF19: 3.24 | AG19: 3.37 | AH19: 3.49 | AI19: 3.62 | AJ19: 3.75 | AK19: 3.87 | AL19: 0.49 | AM19: 1 | AN19: 1.59 | AO19: 2.26 | AP19: 3.13 | AQ19: 4.14 | AR19: 5.6 | AS19: 7.66 | AT19: 10.91 | AU19: 9.35 | AV19: 10.09 | AW19: 10.64 | AX19: 11.13 | AY19: 11.6 | AZ19: 12.1 | BA19: 12.64 | BB19: 13.19 | BC19: 13.77 | BD19: 25.88 | BE19: 29.61 | BF19: 32.31 | BG19: 34.66 | BH19: 36.96 | BI19: 39.31 | BJ19: 41.84 | BK19: 45.1 | BL19: 49.98 | BM19: 7.46 | BN19: 8.92 | BO19: 9.79 | BP19: 10.47 | BQ19: 11.08 | BR19: 11.71 | BS19: 12.38 | BT19: 13.21 | BU19: 14.44
A20: 16 | B20: 680201 | C20: 759721 | D20: 824894 | E20: 881981 | F20: 943030 | G20: 1008770 | H20: 1082600 | I20: 1176767 | J20: 1314684 | K20: 2.15 | L20: 2.31 | M20: 2.47 | N20: 2.63 | O20: 2.79 | P20: 2.95 | Q20: 3.19 | R20: 3.46 | S20: 3.73 | T20: 29.14 | U20: 32.29 | V20: 34.28 | W20: 35.57 | X20: 36.74 | Y20: 38.21 | Z20: 39.45 | AA20: 40.62 | AB20: 42.4 | AC20: 3.04 | AD20: 3.15 | AE20: 3.26 | AF20: 3.37 | AG20: 3.48 | AH20: 3.6 | AI20: 3.71 | AJ20: 3.82 | AK20: 3.93 | AL20: 1.19 | AM20: 2.48 | AN20: 3.85 | AO20: 5.45 | AP20: 7.19 | AQ20: 9.06 | AR20: 11.34 | AS20: 14.06 | AT20: 18.49 | AU20: 10.02 | AV20: 10.84 | AW20: 11.43 | AX20: 11.97 | AY20: 12.53 | AZ20: 13.08 | BA20: 13.67 | BB20: 14.25 | BC20: 14.84 | BD20: 28.07 | BE20: 32.36 | BF20: 35.47 | BG20: 38.33 | BH20: 40.91 | BI20: 43.71 | BJ20: 46.86 | BK20: 50.5 | BL20: 55.84 | BM20: 7.76 | BN20: 9.25 | BO20: 10.14 | BP20: 10.83 | BQ20: 11.5 | BR20: 12.18 | BS20: 12.96 | BT20: 13.85 | BU20: 15.04
A21: 17 | B21: 887195 | C21: 998940 | D21: 1084718 | E21: 1162384 | F21: 1237836 | G21: 1323812 | H21: 1419018 | I21: 1542764 | J21: 1725905 | K21: 2.34 | L21: 2.69 | M21: 3.01 | N21: 3.15 | O21: 3.3 | P21: 3.44 | Q21: 3.58 | R21: 3.72 | S21: 3.86 | T21: 32.62 | U21: 35.5 | V21: 37.25 | W21: 38.89 | X21: 39.94 | Y21: 41.22 | Z21: 42.59 | AA21: 44.23 | AB21: 46.16 | AC21: 3.1 | AD21: 3.24 | AE21: 3.38 | AF21: 3.52 | AG21: 3.66 | AH21: 3.8 | AI21: 3.94 | AJ21: 4.21 | AK21: 4.61 | AL21: 2.63 | AM21: 5.33 | AN21: 8.01 | AO21: 10.6 | AP21: 13.31 | AQ21: 16.16 | AR21: 19.55 | AS21: 23.77 | AT21: 30.19 | AU21: 10.78 | AV21: 11.69 | AW21: 12.36 | AX21: 12.97 | AY21: 13.57 | AZ21: 14.18 | BA21: 14.82 | BB21: 15.36 | BC21: 15.91 | BD21: 27.57 | BE21: 31.75 | BF21: 34.88 | BG21: 37.71 | BH21: 40.45 | BI21: 43.24 | BJ21: 46.24 | BK21: 49.94 | BL21: 54.94 | BM21: 7.5 | BN21: 8.72 | BO21: 9.52 | BP21: 10.17 | BQ21: 10.82 | BR21: 11.46 | BS21: 12.17 | BT21: 12.99 | BU21: 14.19
A22: 18 | B22: 1169134 | C22: 1313673 | D22: 1433574 | E22: 1541761 | F22: 1642949 | G22: 1751472 | H22: 1874883 | I22: 2030549 | J22: 2259865 | K22: 2.93 | L22: 3.1 | M22: 3.22 | N22: 3.33 | O22: 3.44 | P22: 3.55 | Q22: 3.66 | R22: 3.78 | S22: 3.89 | T22: 36.16 | U22: 39.16 | V22: 40.92 | W22: 42.41 | X22: 44.03 | Y22: 45.02 | Z22: 46.41 | AA22: 48.03 | AB22: 50.26 | AC22: 3.24 | AD22: 3.5 | AE22: 3.77 | AF22: 4.02 | AG22: 4.18 | AH22: 4.35 | AI22: 4.51 | AJ22: 4.67 | AK22: 4.84 | AL22: 5.06 | AM22: 9.75 | AN22: 13.71 | AO22: 17.57 | AP22: 21.52 | AQ22: 25.72 | AR22: 30.06 | AS22: 35.5 | AT22: 43.85 | AU22: 11.73 | AV22: 12.67 | AW22: 13.45 | AX22: 14.13 | AY22: 14.85 | AZ22: 15.55 | BA22: 16.1 | BB22: 16.56 | BC22: 17.02 | BD22: 29.73 | BE22: 34.5 | BF22: 37.98 | BG22: 41.08 | BH22: 44.13 | BI22: 47.09 | BJ22: 50.25 | BK22: 54.15 | BL22: 58.99 | BM22: 7.63 | BN22: 8.89 | BO22: 9.73 | BP22: 10.45 | BQ22: 11.14 | BR22: 11.83 | BS22: 12.58 | BT22: 13.47 | BU22: 14.62
A23: 19 | B23: 1465188 | C23: 1641780 | D23: 1789013 | E23: 1929077 | F23: 2064069 | G23: 2209330 | H23: 2371610 | I23: 2557648 | J23: 2799205 | K23: 3.06 | L23: 3.16 | M23: 3.27 | N23: 3.37 | O23: 3.48 | P23: 3.58 | Q23: 3.69 | R23: 3.79 | S23: 3.9 | T23: 39.22 | U23: 41.93 | V23: 44.07 | W23: 45.32 | X23: 46.62 | Y23: 48.01 | Z23: 49.17 | AA23: 50.54 | AB23: 52.3 | AC23: 3.56 | AD23: 4.03 | AE23: 4.15 | AF23: 4.27 | AG23: 4.39 | AH23: 4.52 | AI23: 4.64 | AJ23: 4.76 | AK23: 4.88 | AL23: 8.41 | AM23: 14.83 | AN23: 20.24 | AO23: 25.15 | AP23: 30.32 | AQ23: 35.31 | AR23: 40.55 | AS23: 47.15 | AT23: 55.8 | AU23: 12.47 | AV23: 13.58 | AW23: 14.47 | AX23: 15.26 | AY23: 16.01 | AZ23: 16.73 | BA23: 17.32 | BB23: 17.75 | BC23: 18.12 | BD23: 32.2 | BE23: 37.66 | BF23: 41.74 | BG23: 45.32 | BH23: 48.75 | BI23: 52.08 | BJ23: 55.52 | BK23: 59.43 | BL23: 64.71 | BM23: 8.09 | BN23: 9.38 | BO23: 10.32 | BP23: 11.07 | BQ23: 11.84 | BR23: 12.59 | BS23: 13.44 | BT23: 14.35 | BU23: 15.52
A24: 20 | B24: 1822835 | C24: 2059434 | D24: 2239781 | E24: 2403898 | F24: 2566829 | G24: 2740516 | H24: 2935140 | I24: 3170977 | J24: 3486032 | K24: 3.08 | L24: 3.19 | M24: 3.29 | N24: 3.4 | O24: 3.5 | P24: 3.61 | Q24: 3.71 | R24: 3.82 | S24: 3.92 | T24: 41.88 | U24: 44.66 | V24: 46.34 | W24: 47.92 | X24: 48.99 | Y24: 50.3 | Z24: 51.25 | AA24: 52.73 | AB24: 54.58 | AC24: 4.03 | AD24: 4.14 | AE24: 4.25 | AF24: 4.36 | AG24: 4.46 | AH24: 4.57 | AI24: 4.68 | AJ24: 4.79 | AK24: 4.89 | AL24: 12.26 | AM24: 20.5 | AN24: 27.44 | AO24: 33.59 | AP24: 39.1 | AQ24: 44.56 | AR24: 49.91 | AS24: 56 | AT24: 64.09 | AU24: 13.01 | AV24: 14.26 | AW24: 15.16 | AX24: 16.02 | AY24: 16.8 | AZ24: 17.5 | BA24: 18.09 | BB24: 18.57 | BC24: 19.02 | BD24: 35.94 | BE24: 42.03 | BF24: 46.65 | BG24: 50.56 | BH24: 54.25 | BI24: 57.63 | BJ24: 61.03 | BK24: 64.73 | BL24: 69.79 | BM24: 8.58 | BN24: 9.97 | BO24: 10.94 | BP24: 11.81 | BQ24: 12.62 | BR24: 13.44 | BS24: 14.29 | BT24: 15.21 | BU24: 16.43
A25: 21 | B25: 2378865 | C25: 2645865 | D25: 2870049 | E25: 3076090 | F25: 3264098 | G25: 3462504 | H25: 3680141 | I25: 3936783 | J25: 4284088 | K25: 3.12 | L25: 3.24 | M25: 3.36 | N25: 3.49 | O25: 3.61 | P25: 3.73 | Q25: 3.86 | R25: 3.98 | S25: 4.45 | T25: 44.31 | U25: 46.91 | V25: 48.65 | W25: 50.02 | X25: 51.03 | Y25: 52.21 | Z25: 53.48 | AA25: 54.73 | AB25: 56.38 | AC25: 4.09 | AD25: 4.19 | AE25: 4.29 | AF25: 4.39 | AG25: 4.49 | AH25: 4.59 | AI25: 4.7 | AJ25: 4.8 | AK25: 4.9 | AL25: 18.75 | AM25: 29.32 | AN25: 37.06 | AO25: 43.14 | AP25: 47.99 | AQ25: 52.96 | AR25: 57.54 | AS25: 62.25 | AT25: 72.26 | AU25: 13.69 | AV25: 14.94 | AW25: 15.86 | AX25: 16.69 | AY25: 17.47 | AZ25: 18.19 | BA25: 18.86 | BB25: 19.38 | BC25: 19.87 | BD25: 41.9 | BE25: 48.66 | BF25: 53.46 | BG25: 57.41 | BH25: 60.72 | BI25: 64.05 | BJ25: 67.47 | BK25: 71.12 | BL25: 75.92 | BM25: 9.55 | BN25: 10.98 | BO25: 12.09 | BP25: 12.98 | BQ25: 13.79 | BR25: 14.62 | BS25: 15.48 | BT25: 16.39 | BU25: 17.7
A26: 22 | B26: 3064020 | C26: 3388516 | D26: 3629188 | E26: 3857904 | F26: 4081192 | G26: 4310231 | H26: 4550632 | I26: 4840208 | J26: 5263752 | K26: 3.19 | L26: 3.39 | M26: 3.58 | N26: 3.78 | O26: 3.97 | P26: 4.18 | Q26: 4.38 | R26: 4.59 | S26: 4.79 | T26: 46.4 | U26: 48.97 | V26: 50.61 | W26: 51.9 | X26: 53 | Y26: 54.19 | Z26: 55.31 | AA26: 56.59 | AB26: 58.1 | AC26: 4.1 | AD26: 4.2 | AE26: 4.3 | AF26: 4.4 | AG26: 4.5 | AH26: 4.6 | AI26: 4.7 | AJ26: 4.8 | AK26: 4.9 | AL26: 26.29 | AM26: 37.43 | AN26: 44.55 | AO26: 49.08 | AP26: 53.76 | AQ26: 57.73 | AR26: 60.64 | AS26: 66.68 | AT26: 79.38 | AU26: 14.56 | AV26: 15.83 | AW26: 16.74 | AX26: 17.5 | AY26: 18.24 | AZ26: 18.92 | BA26: 19.61 | BB26: 20.21 | BC26: 20.74 | BD26: 48.97 | BE26: 56 | BF26: 60.52 | BG26: 64.32 | BH26: 67.72 | BI26: 70.75 | BJ26: 73.93 | BK26: 77.66 | BL26: 82.19 | BM26: 10.71 | BN26: 12.26 | BO26: 13.4 | BP26: 14.31 | BQ26: 15.18 | BR26: 16 | BS26: 16.92 | BT26: 17.89 | BU26: 19.3
A27: 23 | B27: 3887084 | C27: 4248405 | D27: 4510923 | E27: 4733562 | F27: 4976609 | G27: 5213232 | H27: 5473112 | I27: 5802514 | J27: 6257678 | K27: 3.45 | L27: 3.9 | M27: 4.1 | N27: 4.23 | O27: 4.36 | P27: 4.49 | Q27: 4.61 | R27: 4.74 | S27: 4.87 | T27: 48.13 | U27: 50.55 | V27: 52.12 | W27: 53.39 | X27: 54.54 | Y27: 55.72 | Z27: 56.9 | AA27: 58.15 | AB27: 59.72 | AC27: 4.1 | AD27: 4.2 | AE27: 4.3 | AF27: 4.4 | AG27: 4.5 | AH27: 4.6 | AI27: 4.7 | AJ27: 4.8 | AK27: 4.9 | AL27: 33.01 | AM27: 42.71 | AN27: 47.62 | AO27: 52 | AP27: 56.35 | AQ27: 59.24 | AR27: 62.11 | AS27: 68.12 | AT27: 82.25 | AU27: 15.14 | AV27: 16.33 | AW27: 17.13 | AX27: 17.86 | AY27: 18.54 | AZ27: 19.16 | BA27: 19.77 | BB27: 20.4 | BC27: 21.07 | BD27: 55.81 | BE27: 62.65 | BF27: 67.17 | BG27: 70.72 | BH27: 73.86 | BI27: 76.75 | BJ27: 79.76 | BK27: 83.17 | BL27: 87.36 | BM27: 11.97 | BN27: 13.52 | BO27: 14.64 | BP27: 15.65 | BQ27: 16.57 | BR27: 17.46 | BS27: 18.4 | BT27: 19.5 | BU27: 20.83
A28: 24 | B28: 4784324 | C28: 5176150 | D28: 5456322 | E28: 5688849 | F28: 5946073 | G28: 6192566 | H28: 6481276 | I28: 6815865 | J28: 7307250 | K28: 4.03 | L28: 4.14 | M28: 4.25 | N28: 4.35 | O28: 4.46 | P28: 4.57 | Q28: 4.68 | R28: 4.78 | S28: 4.89 | T28: 49.93 | U28: 52.32 | V28: 53.75 | W28: 55.07 | X28: 56.27 | Y28: 57.53 | Z28: 58.77 | AA28: 60.08 | AB28: 61.73 | AC28: 4.1 | AD28: 4.2 | AE28: 4.3 | AF28: 4.4 | AG28: 4.5 | AH28: 4.6 | AI28: 4.7 | AJ28: 4.8 | AK28: 4.9 | AL28: 35.35 | AM28: 43.94 | AN28: 47.73 | AO28: 51.5 | AP28: 55.59 | AQ28: 58.85 | AR28: 60.95 | AS28: 66.74 | AT28: 81.28 | AU28: 15.19 | AV28: 16.26 | AW28: 17.02 | AX28: 17.7 | AY28: 18.27 | AZ28: 18.86 | BA28: 19.39 | BB28: 20 | BC28: 20.72 | BD28: 59.63 | BE28: 66.64 | BF28: 71.33 | BG28: 74.86 | BH28: 77.99 | BI28: 81.14 | BJ28: 84.19 | BK28: 87.5 | BL28: 92.23 | BM28: 12.77 | BN28: 14.45 | BO28: 15.7 | BP28: 16.74 | BQ28: 17.67 | BR28: 18.64 | BS28: 19.63 | BT28: 20.75 | BU28: 22.17
A29: 25 | B29: 5827673 | C29: 6279077 | D29: 6605369 | E29: 6900888 | F29: 7179856 | G29: 7462479 | H29: 7780375 | I29: 8224512 | J29: 8859339 | K29: 4.08 | L29: 4.19 | M29: 4.3 | N29: 4.41 | O29: 4.51 | P29: 4.62 | Q29: 4.73 | R29: 4.83 | S29: 4.94 | T29: 52.26 | U29: 54.54 | V29: 56.04 | W29: 57.63 | X29: 59.08 | Y29: 60.36 | Z29: 61.64 | AA29: 63.39 | AB29: 65.67 | AC29: 4.1 | AD29: 4.2 | AE29: 4.3 | AF29: 4.4 | AG29: 4.5 | AH29: 4.6 | AI29: 4.7 | AJ29: 4.8 | AK29: 4.9 | AL29: 35.09 | AM29: 44.25 | AN29: 47.4 | AO29: 50.05 | AP29: 54.06 | AQ29: 57.92 | AR29: 59.85 | AS29: 65.27 | AT29: 81 | AU29: 15.69 | AV29: 16.78 | AW29: 17.45 | AX29: 18.02 | AY29: 18.56 | AZ29: 19.11 | BA29: 19.69 | BB29: 20.28 | BC29: 21.07 | BD29: 61.31 | BE29: 70.04 | BF29: 75.11 | BG29: 79.61 | BH29: 83.14 | BI29: 86.58 | BJ29: 89.92 | BK29: 93.32 | BL29: 97.66 | BM29: 13.67 | BN29: 15.59 | BO29: 16.83 | BP29: 18.03 | BQ29: 19.1 | BR29: 20.08 | BS29: 21.36 | BT29: 22.55 | BU29: 24.14
A30: 26 | B30: 7179023 | C30: 7747110 | D30: 8233215 | E30: 8663353 | F30: 9019452 | G30: 9392868 | H30: 9801013 | I30: 10389819 | J30: 11246852 | K30: 4.14 | L30: 4.29 | M30: 4.44 | N30: 4.59 | O30: 4.74 | P30: 4.89 | Q30: 5.07 | R30: 5.38 | S30: 5.69 | T30: 55.48 | U30: 58.12 | V30: 60.07 | W30: 61.76 | X30: 63.64 | Y30: 65.28 | Z30: 66.78 | AA30: 68.35 | AB30: 71.29 | AC30: 5 | AD30: 5 | AE30: 5 | AF30: 5 | AG30: 5 | AH30: 5 | AI30: 5 | AJ30: 5 | AK30: 5 | AL30: 34.24 | AM30: 42.67 | AN30: 47.02 | AO30: 48.24 | AP30: 51.54 | AQ30: 55.78 | AR30: 59.22 | AS30: 62.87 | AT30: 73.79 | AU30: 16.59 | AV30: 17.6 | AW30: 18.28 | AX30: 18.89 | AY30: 19.4 | AZ30: 19.96 | BA30: 20.55 | BB30: 21.17 | BC30: 21.96 | BD30: 61.95 | BE30: 72.89 | BF30: 79.22 | BG30: 84.29 | BH30: 88.47 | BI30: 92.15 | BJ30: 95.53 | BK30: 99.62 | BL30: 104.46 | BM30: 14.42 | BN30: 16.73 | BO30: 18.56 | BP30: 19.92 | BQ30: 21.04 | BR30: 22.3 | BS30: 23.46 | BT30: 24.63 | BU30: 26.38
... A34: 30 | B34: 17725829 | C34: 19264608 | D34: 20652227 | E34: 21808534 | F34: 23358387 | G34: 24943851 | H34: 27784501 | I34: 31151501 | J34: 37962359 | K34: 5.58 | L34: 6.04 | M34: 6.16 | N34: 6.28 | O34: 6.4 | P34: 6.52 | Q34: 6.64 | R34: 6.76 | S34: 6.88 | T34: 73.56 | U34: 77.25 | V34: 79.65 | W34: 81.63 | X34: 84.1 | Y34: 86.68 | Z34: 90.01 | AA34: 92.79 | AB34: 98.38 | AC34: 5 | AD34: 5 | AE34: 5 | AF34: 5 | AG34: 5 | AH34: 5 | AI34: 5 | AJ34: 5 | AK34: 5 | AL34: 41.87 | AM34: 47.23 | AN34: 48 | AO34: 51.57 | AP34: 55.31 | AQ34: 59.17 | AR34: 60.27 | AS34: 67.14 | AT34: 75.6 | AU34: 18.94 | AV34: 20.38 | AW34: 21.3 | AX34: 22.17 | AY34: 22.91 | AZ34: 23.55 | BA34: 24.16 | BB34: 24.97 | BC34: 26.87 | BD34: 68.27 | BE34: 79.31 | BF34: 89.64 | BG34: 101 | BH34: 106.75 | BI34: 111.32 | BJ34: 116.04 | BK34: 119.76 | BL34: 119.88 | BM34: 14.91 | BN34: 18.03 | BO34: 22.59 | BP34: 25.51 | BQ34: 28 | BR34: 29.59 | BS34: 31.05 | BT34: 32.85 | BU34: 35.19

Sheet #出征索引
A1: 主城等级 | B1: 出征 | C1: 英雄数量 | E1: 英雄等级 | F1: 出征上限（累计值）
A2: 1 | B2: 100 | C2: 1 | E2: 1 | F2: 400
A3: 2 | B3: 200 | C3: 1 | E3: 2 | F3: 600
A4: 3 | B4: 300 | C4: 1 | E4: 3 | F4: 800
A5: 4 | B5: 400 | C5: 1 | E5: 4 | F5: 1000
A6: 5 | B6: 700 | C6: 1 | E6: 5 | F6: 1200
A7: 6 | B7: 1000 | C7: 1 | E7: 6 | F7: 1400
A8: 7 | B8: 1500 | C8: 1 | E8: 7 | F8: 1600
A9: 8 | B9: 2000 | C9: 1 | E9: 8 | F9: 1800
A10: 9 | B10: 2500 | C10: 1 | E10: 9 | F10: 2000
A11: 10 | B11: 3000 | C11: 1 | E11: 10 | F11: 2200
A12: 11 | B12: 4000 | C12: 1 | E12: 11 | F12: 2400
A13: 12 | B13: 5000 | C13: 2 | E13: 12 | F13: 2600
... A31: 30 | B31: 40000 | C31: 3 | E31: 30 | F31: 6200
E32: 31 | F32: 6400
E33: 32 | F33: 6600
E34: 33 | F34: 6800
E35: 34 | F35: 7000
E36: 35 | F36: 7200
E37: 36 | F37: 7400
E38: 37 | F38: 7600
E39: 38 | F39: 7800
E40: 39 | F40: 8000
E41: 40 | F41: 8200
E42: 41 | F42: 8400
E43: 42 | F43: 8600
... E121: 120 | F121: 24200

Sheet 触发逻辑表
A1: convert(ResLord.proto, table_RecomPowerDevelopDescConf, RecomPowerDevelopDescConf.pbin)
A2: 对应枚举 | B2: 是否拥有队列 | C2: 说明文本（标题） | D2: 说明文本（内容） | E2: 图集 | F2: 图片 | G2: 跳转id | H2: 所属类型 | I2: 说明文本（解锁提示）
A3: module | B3: hasQueue | C3: titleText | D3: descText | E3: iconAtlas | F3: iconSprite | G3: jumpToId | H3: belongType | I3: unlockTips
A4: 城市建设 | B4: 1 | C4: PowerRecom_Type_City | E4: icon_g_power | F4: icon_g_bnner_07 | H4: 发展类 | I4: PowerRecom_Unlock_Tips_1
A5: 科技研究 | B5: 1 | C5: PowerRecom_Type_Tech | E5: icon_g_power | F5: icon_g_bnner_02 | H5: 发展类 | I5: PowerRecom_Unlock_Tips_1
A6: 英雄培养 | C6: PowerRecom_Type_Hero | E6: icon_g_power | F6: icon_g_bnner_03 | H6: 战争类 | I6: PowerRecom_Unlock_Tips_1
A7: 士兵训练 | B7: 1 | C7: PowerRecom_Type_Solider | E7: icon_g_power | F7: icon_g_bnner_06 | H7: 战争类 | I7: PowerRecom_Unlock_Tips_1
A8: 技能提升 | C8: PowerRecom_Type_Skill | E8: icon_g_power | F8: icon_g_bnner_01 | H8: 战争类 | I8: PowerRecom_Unlock_Tips_1
A9: 部队解锁 | C9: PowerRecom_Type_Troops | E9: icon_g_power | F9: icon_g_bnner_05 | H9: 战争类 | I9: PowerRecom_Unlock_Tips_2
A10: 装备打造 | B10: 1 | C10: PowerRecom_Type_Equ | E10: icon_g_power | F10: icon_g_bnner_04 | H10: 战争类 | I10: PowerRecom_Unlock_Tips_1

Sheet 战力系数表
A1: convert(ResLord.proto, table_RecomPowerDevelopRatioConf, RecomPowerDevelopRatioConf.pbin)
A2: 城堡等级 | B2: 高档比例 | C2: 中档比例 | D2: 低档比例
A3: level | B3: powerLevelHigh | C3: powerLevelMid | D3: powerLevelLow
A4: 1 | B4: 0.3
A5: 2 | B5: 0.3
A6: 3 | B6: 0.3
A7: 4 | B7: 0.3
A8: 5 | B8: 0.3
A9: 6 | B9: 0.3
A10: 7 | B10: 0.3
A11: 8 | B11: 0.3
A12: 9 | B12: 0.3
A13: 10 | B13: 0.3
A14: 11 | B14: 0.3
A15: 12 | B15: 0.3
... A33: 30 | B33: 0.3
