Workbook

Sheet 成就配置
A1: convert(ResSurvival.proto,table_SurvivalAccomplishmentConf,SurvivalAccomplishmentConf.pbin)
A2: 成就id | B2: 名称TID | C2: 名称文本 | D2: 描述TID | E2: 描述文本 | F2: 页签 | G2: 备注 | H2: 稀有度 | I2: 图集 | J2: 图标 | K2: 成就条件 | L2: 奖励id | M2: 成就点 | N2: 解锁内容底框样式 | O2: 解锁内容icon图集 | P2: 解锁内容icon | Q2: 解锁内容文本 | R2: 解锁备注 | S2: 图鉴跳转 | T2: 跳转塔罗牌Id | U2: 客户端是否Open控制 | V2: 客户端是否Open控制
A3: id | B3: name | D3: desc | F3: tab | H3: priority | I3: atlas | J3: icon | K3: conditionGroup.condition.condOneOf | L3: rewardId | M3: point | N3: unlock.type | O3: unlock.atlas | P3: unlock.icon | Q3: unlock.desc | S3: unlock.skillId | T3: unlockTarotId | U3: clientShowCondition.conditionRelation | V3: clientShowCondition.conditions[1].condOneOf
A4: 100101 | B4: TID_Survivor_Achievement_Name_100101 | C4: =INDEX([1]文本!$B:$B,MATCH(B4,[1]文本!$A:$A,0)) -> 穿越屏障 | D4: TID_Survivor_Achievement_Des_100101 | E4: =INDEX([1]文本!$B:$B,MATCH(D4,[1]文本!$A:$A,0)) -> 击败<color=#ffc766>图尔坎</color>和<color=#ffc766>投石车部队</color> | F4: 99 | H4: 3 | I4: icon_achievement | J4: icon_ordinary_056 | K4: winSurvivalGame{levelId:1001, count:1} | M4: 5
A5: 100102 | B5: TID_Survivor_Achievement_Name_100102 | C5: =INDEX([1]文本!$B:$B,MATCH(B5,[1]文本!$A:$A,0)) -> 直取敌营 | D5: TID_Survivor_Achievement_Des_100102 | E5: =INDEX([1]文本!$B:$B,MATCH(D5,[1]文本!$A:$A,0)) -> 击败<color=#ffc766>蒙杜克</color> | F5: 99 | H5: 3 | I5: icon_achievement | J5: icon_ordinary_085 | K5: winSurvivalGame{levelId:1002, count:1} | M5: 5
A6: 101001 | B6: TID_Survivor_Achievement_Name_110001 | C6: =INDEX([1]文本!$B:$B,MATCH(B6,[1]文本!$A:$A,0)) -> 蛮族克星 I | D6: TID_Survivor_Achievement_Des_110001 | E6: =INDEX([1]文本!$B:$B,MATCH(D6,[1]文本!$A:$A,0)) -> 累计击败<color=#ffc766>[%d1]</color>名敌人 | F6: 1 | H6: 3 | I6: icon_achievement | J6: icon_ordinary_122 | K6: killSurvivalMonster{count:20000} | M6: 10 | N6: 4 | O6: ui_g_icon | P6: pic_g_achievement_02 | Q6: TID_Survivor_Achievement_Unlock_3 | R6: 解锁<color=#ffc766>重新随机</color>功能，挑战时升级后有额外的重新随机机会
A7: 101002 | B7: TID_Survivor_Achievement_Name_110002 | C7: =INDEX([1]文本!$B:$B,MATCH(B7,[1]文本!$A:$A,0)) -> 蛮族克星 II | D7: TID_Survivor_Achievement_Des_110002 | E7: =INDEX([1]文本!$B:$B,MATCH(D7,[1]文本!$A:$A,0)) -> 累计击败<color=#ffc766>[%d1]</color>名敌人 | F7: 1 | H7: 4 | I7: icon_achievement | J7: icon_ordinary_122 | K7: killSurvivalMonster{count:75000} | M7: 30 | N7: 32 | O7: icon_g_survivalskill | P7: icon_survivalskill_hong_005a | Q7: TID_Survivor_Achievement_Unlock_6 | R7: 解锁战法：<color=#ffc766>火壶抛掷</color>，可以在战地幸存者挑战时使用 | S7: 100506
A8: 101003 | B8: TID_Survivor_Achievement_Name_110003 | C8: =INDEX([1]文本!$B:$B,MATCH(B8,[1]文本!$A:$A,0)) -> 蛮族克星 III | D8: TID_Survivor_Achievement_Des_110003 | E8: =INDEX([1]文本!$B:$B,MATCH(D8,[1]文本!$A:$A,0)) -> 累计击败<color=#ffc766>[%d1]</color>名敌人 | F8: 1 | H8: 5 | I8: icon_achievement | J8: icon_ordinary_122 | K8: killSurvivalMonster{count:100000} | M8: 50
A9: 101004 | B9: TID_Survivor_Achievement_Name_110010 | C9: 蛮族克星 IIII | D9: TID_Survivor_Achievement_Des_110010 | E9: 累计击败<color=#ffc766>[%d1]</color>名敌人 | F9: 1 | H9: 5 | I9: icon_achievement | J9: icon_ordinary_122 | K9: killSurvivalMonster{count:150000} | M9: 70
A10: 101005 | B10: TID_Survivor_Achievement_Name_110011 | C10: 蛮族克星 IIIII | D10: TID_Survivor_Achievement_Des_110011 | E10: 累计击败<color=#ffc766>[%d1]</color>名敌人 | F10: 1 | H10: 5 | I10: icon_achievement | J10: icon_ordinary_122 | K10: killSurvivalMonster{count:200000} | M10: 100
A11: 110004 | B11: TID_Survivor_Achievement_Name_110004 | C11: =INDEX([1]文本!$B:$B,MATCH(B11,[1]文本!$A:$A,0)) -> 野蛮边陲 | D11: TID_Survivor_Achievement_Des_110004 | E11: =INDEX([1]文本!$B:$B,MATCH(D11,[1]文本!$A:$A,0)) -> 通过<color=#ffc766>第[%d1]章野蛮边陲</color>的全部普通关卡 | F11: 1 | H11: 4 | I11: icon_achievement | J11: icon_ordinary_117 | K11: winSurvivalGame{levelId:1002, count:1} | M11: 10 | N11: 32 | O11: icon_g_survivalskill | P11: icon_survivalskill_hong_001a | Q11: TID_Survivor_Achievement_Unlock_5 | R11: 解锁战法：<color=#ffc766>冰霜投石</color>，可以在战地幸存者挑战时使用 | S11: 100406
A12: 110005 | B12: TID_Survivor_Achievement_Name_110005 | C12: =INDEX([1]文本!$B:$B,MATCH(B12,[1]文本!$A:$A,0)) -> 死亡荒漠 | D12: TID_Survivor_Achievement_Des_110005 | E12: =INDEX([1]文本!$B:$B,MATCH(D12,[1]文本!$A:$A,0)) -> 通过<color=#ffc766>第[%d1]章死亡荒漠</color>的全部普通关卡 | F12: 1 | H12: 4 | I12: icon_achievement | J12: icon_ordinary_117 | K12: winSurvivalGame{levelId:2004, count:1} | M12: 30 | N12: 32 | O12: icon_g_survivalskill | P12: icon_survivalskill_hong_009a | Q12: TID_Survivor_Achievement_Unlock_4 | R12: 解锁战法：<color=#ffc766>讨罪经文</color>，可以在战地幸存者挑战时使用 | S12: 100806
A13: 110006 | B13: TID_Survivor_Achievement_Name_110006 | C13: =INDEX([1]文本!$B:$B,MATCH(B13,[1]文本!$A:$A,0)) -> 斗兽场 | D13: TID_Survivor_Achievement_Des_110006 | E13: =INDEX([1]文本!$B:$B,MATCH(D13,[1]文本!$A:$A,0)) -> 通过<color=#ffc766>第[%d1]章斗兽场</color>的全部普通关卡 | F13: 1 | H13: 4 | I13: icon_achievement | J13: icon_ordinary_117 | K13: winSurvivalGame{levelId:3004, count:1} | M13: 50 | N13: 32 | O13: icon_g_survivalskill | P13: icon_survivalskill_hong_014a | Q13: TID_Survivor_Achievement_Unlock_7 | R13: 解锁战法：<color=#ffc766>野蛮冲撞</color>，可以在战地幸存者挑战时使用 | S13: 101506
A14: 110007 | B14: TID_Survivor_Achievement_Name_110007 | C14: =INDEX([1]文本!$B:$B,MATCH(B14,[1]文本!$A:$A,0)) -> 金字塔 | D14: TID_Survivor_Achievement_Des_110007 | E14: =INDEX([1]文本!$B:$B,MATCH(D14,[1]文本!$A:$A,0)) -> 通过<color=#ffc766>第[%d1]章金字塔</color>的全部普通关卡 | F14: 1 | H14: 4 | I14: icon_achievement | J14: icon_ordinary_117 | K14: winSurvivalGame{levelId:4004, count:1} | M14: 70
A15: 110008 | B15: TID_Survivor_Achievement_Name_110008 | C15: =INDEX([1]文本!$B:$B,MATCH(B15,[1]文本!$A:$A,0)) -> 狮身人面像 | D15: TID_Survivor_Achievement_Des_110008 | E15: =INDEX([1]文本!$B:$B,MATCH(D15,[1]文本!$A:$A,0)) -> 通过<color=#ffc766>第[%d1]章狮身人面像</color>的全部普通关卡 | F15: 1 | H15: 4 | I15: icon_achievement | J15: icon_ordinary_117 | K15: winSurvivalGame{levelId:5004, count:1} | M15: 100
A16: 110009 | B16: TID_Survivor_Achievement_Name_110009 | C16: 密林小径 | D16: TID_Survivor_Achievement_Des_110009 | E16: 通过第[%d1]章密林小径的全部普通关卡 | F16: 99 | H16: 4 | I16: icon_achievement | J16: icon_ordinary_117 | K16: winSurvivalGame{levelId:7003, count:1}
A17: 203601 | B17: TID_Survivor_Achievement_Name_203601 | C17: =INDEX([1]文本!$B:$B,MATCH(B17,[1]文本!$A:$A,0)) -> 约瑟芬历练 I | D17: TID_Survivor_Achievement_Des_203601 | E17: =INDEX([1]文本!$B:$B,MATCH(D17,[1]文本!$A:$A,0)) -> 使用<color=#ffc766>约瑟芬</color>获得<color=#ffc766>1</color>局战地幸存者的胜利 | F17: 2 | H17: 3 | I17: icon_achievement | J17: icon_ordinary_093 | K17: winSurvivalGame{mainHeroId:36, count:1} | M17: 30
A18: 203602 | B18: TID_Survivor_Achievement_Name_203602 | C18: =INDEX([1]文本!$B:$B,MATCH(B18,[1]文本!$A:$A,0)) -> 约瑟芬历练 II | D18: TID_Survivor_Achievement_Des_203602 | E18: =INDEX([1]文本!$B:$B,MATCH(D18,[1]文本!$A:$A,0)) -> 使用<color=#ffc766>约瑟芬</color>累计击败<color=#ffc766>[%d1]</color>名敌人 | F18: 2 | H18: 4 | I18: icon_achievement | J18: icon_ordinary_093 | K18: killSurvivalMonster{mainHeroId:36, count:10000} | M18: 50
A19: 203603 | B19: TID_Survivor_Achievement_Name_203603 | C19: =INDEX([1]文本!$B:$B,MATCH(B19,[1]文本!$A:$A,0)) -> 约瑟芬历练 III | D19: TID_Survivor_Achievement_Des_203603 | E19: =INDEX([1]文本!$B:$B,MATCH(D19,[1]文本!$A:$A,0)) -> 使用<color=#ffc766>约瑟芬</color>累计击败<color=#ffc766>[%d1]</color>名敌人 | F19: 2 | H19: 5 | I19: icon_achievement | J19: icon_ordinary_094 | K19: killSurvivalMonster{mainHeroId:36, count:20000} | M19: 100 | N19: 2 | O19: icon_g_survivalheroskill | P19: icon_survivalheroskill_009 | Q19: TID_Survivor_Achievement_Unlock_11 | R19: 解锁花木兰的主动技：<color=#ffc766>飞燕步法</color>
A20: 200101 | B20: TID_Survivor_Achievement_Name_200101 | C20: =INDEX([1]文本!$B:$B,MATCH(B20,[1]文本!$A:$A,0)) -> 贞德历练 I | D20: TID_Survivor_Achievement_Des_200101 | E20: =INDEX([1]文本!$B:$B,MATCH(D20,[1]文本!$A:$A,0)) -> 使用<color=#ffc766>贞德</color>获得<color=#ffc766>1</color>局战地幸存者的胜利 | F20: 2 | H20: 3 | I20: icon_achievement | J20: icon_ordinary_139 | K20: winSurvivalGame{mainHeroId:1, count:1} | M20: 30
A21: 200102 | B21: TID_Survivor_Achievement_Name_200102 | C21: =INDEX([1]文本!$B:$B,MATCH(B21,[1]文本!$A:$A,0)) -> 贞德历练 II | D21: TID_Survivor_Achievement_Des_200102 | E21: =INDEX([1]文本!$B:$B,MATCH(D21,[1]文本!$A:$A,0)) -> 使用<color=#ffc766>贞德</color>累计击败<color=#ffc766>[%d1]</color>名敌人 | F21: 2 | H21: 4 | I21: icon_achievement | J21: icon_ordinary_139 | K21: killSurvivalMonster{mainHeroId:1, count:10000} | M21: 50
A22: 200103 | B22: TID_Survivor_Achievement_Name_200103 | C22: =INDEX([1]文本!$B:$B,MATCH(B22,[1]文本!$A:$A,0)) -> 贞德历练 III | D22: TID_Survivor_Achievement_Des_200103 | E22: =INDEX([1]文本!$B:$B,MATCH(D22,[1]文本!$A:$A,0)) -> 使用<color=#ffc766>贞德</color>累计击败<color=#ffc766>[%d1]</color>名敌人 | F22: 2 | H22: 5 | I22: icon_achievement | J22: icon_ordinary_140 | K22: killSurvivalMonster{mainHeroId:1, count:20000} | M22: 100
A23: 201901 | B23: TID_Survivor_Achievement_Name_201901 | C23: =INDEX([1]文本!$B:$B,MATCH(B23,[1]文本!$A:$A,0)) -> 大流士一世历练 I | D23: TID_Survivor_Achievement_Des_201901 | E23: =INDEX([1]文本!$B:$B,MATCH(D23,[1]文本!$A:$A,0)) -> 使用<color=#ffc766>大流士一世</color>获得<color=#ffc766>1</color>局战地幸存者的胜利 | F23: 2 | H23: 3 | I23: icon_achievement | J23: icon_ordinary_142 | K23: winSurvivalGame{mainHeroId:19, count:1} | M23: 30
A24: 201902 | B24: TID_Survivor_Achievement_Name_201902 | C24: =INDEX([1]文本!$B:$B,MATCH(B24,[1]文本!$A:$A,0)) -> 大流士一世历练 II | D24: TID_Survivor_Achievement_Des_201902 | E24: =INDEX([1]文本!$B:$B,MATCH(D24,[1]文本!$A:$A,0)) -> 使用<color=#ffc766>大流士一世</color>累计击败<color=#ffc766>[%d1]</color>名敌人 | F24: 2 | H24: 4 | I24: icon_achievement | J24: icon_ordinary_142 | K24: killSurvivalMonster{mainHeroId:19, count:12000} | M24: 50
A25: 201903 | B25: TID_Survivor_Achievement_Name_201903 | C25: =INDEX([1]文本!$B:$B,MATCH(B25,[1]文本!$A:$A,0)) -> 大流士一世历练 III | D25: TID_Survivor_Achievement_Des_201903 | E25: =INDEX([1]文本!$B:$B,MATCH(D25,[1]文本!$A:$A,0)) -> 使用<color=#ffc766>大流士一世</color>累计击败<color=#ffc766>[%d1]</color>名敌人 | F25: 2 | H25: 5 | I25: icon_achievement | J25: icon_ordinary_143 | K25: killSurvivalMonster{mainHeroId:19, count:25000} | M25: 100
A26: 200901 | B26: TID_Survivor_Achievement_Name_110012 | C26: 花木兰历练 I | D26: TID_Survivor_Achievement_Des_110012 | E26: 使用<color=#ffc766>花木兰</color>获得<color=#ffc766>1</color>局战地幸存者的胜利 | F26: 2 | H26: 3 | I26: icon_achievement | J26: icon_ordinary_116 | K26: winSurvivalGame{mainHeroId:9, count:1} | M26: 30
A27: 200902 | B27: TID_Survivor_Achievement_Name_110013 | C27: 花木兰历练 II | D27: TID_Survivor_Achievement_Des_110013 | E27: 使用<color=#ffc766>花木兰</color>累计击败<color=#ffc766>[%d1]</color>名敌人 | F27: 2 | H27: 4 | I27: icon_achievement | J27: icon_ordinary_116 | K27: killSurvivalMonster{mainHeroId:9, count:10000} | M27: 50
A28: 200903 | B28: TID_Survivor_Achievement_Name_110014 | C28: 花木兰历练 III | D28: TID_Survivor_Achievement_Des_110014 | E28: 使用<color=#ffc766>花木兰</color>累计击败<color=#ffc766>[%d1]</color>名敌人 | F28: 2 | H28: 5 | I28: icon_achievement | J28: icon_ordinary_119 | K28: killSurvivalMonster{mainHeroId:9, count:20000} | M28: 100
A29: 201301 | B29: TID_Survivor_Achievement_Name_110015 | C29: 列奥尼达历练 I | D29: TID_Survivor_Achievement_Des_110015 | E29: 使用<color=#ffc766>列奥尼达</color>获得<color=#ffc766>1</color>局战地幸存者的胜利 | F29: 2 | H29: 3 | I29: icon_achievement | J29: icon_ordinary_120 | K29: winSurvivalGame{mainHeroId:13, count:1} | M29: 30
A30: 201302 | B30: TID_Survivor_Achievement_Name_110016 | C30: 列奥尼达历练 II | D30: TID_Survivor_Achievement_Des_110016 | E30: 使用<color=#ffc766>列奥尼达</color>累计击败<color=#ffc766>[%d1]</color>名敌人 | F30: 2 | H30: 4 | I30: icon_achievement | J30: icon_ordinary_120 | K30: killSurvivalMonster{mainHeroId:13, count:10000} | M30: 50
A31: 201303 | B31: TID_Survivor_Achievement_Name_110017 | C31: 列奥尼达历练 III | D31: TID_Survivor_Achievement_Des_110017 | E31: 使用<color=#ffc766>列奥尼达</color>累计击败<color=#ffc766>[%d1]</color>名敌人 | F31: 2 | H31: 5 | I31: icon_achievement | J31: icon_ordinary_121 | K31: killSurvivalMonster{mainHeroId:13, count:20000} | M31: 100
A32: 204201 | B32: TID_Survivor_Achievement_Name_204201 | C32: 理查一世历练 I | D32: TID_Survivor_Achievement_Des_204201 | E32: 使用<color=#ffc766>理查一世</color>获得<color=#ffc766>1</color>局战地幸存者的胜利 | F32: 2 | H32: 3 | I32: icon_achievement | J32: icon_ordinary_149 | K32: winSurvivalGame{mainHeroId:42, count:1} | M32: 30
A33: 204202 | B33: TID_Survivor_Achievement_Name_204202 | C33: 理查一世历练 II | D33: TID_Survivor_Achievement_Des_204202 | E33: 使用<color=#ffc766>理查一世</color>累计击败<color=#ffc766>[%d1]</color>名敌人 | F33: 2 | H33: 4 | I33: icon_achievement | J33: icon_ordinary_149 | K33: killSurvivalMonster{mainHeroId:42, count:10000} | M33: 50
A34: 204203 | B34: TID_Survivor_Achievement_Name_204203 | C34: 理查一世历练 III | D34: TID_Survivor_Achievement_Des_204203 | E34: 使用<color=#ffc766>理查一世</color>累计击败<color=#ffc766>[%d1]</color>名敌人 | F34: 2 | H34: 5 | I34: icon_achievement | J34: icon_ordinary_149 | K34: killSurvivalMonster{mainHeroId:42, count:20000} | M34: 100
A35: 300151 | B35: TID_Survivor_Achievement_Name_300151 | C35: =INDEX([1]文本!$B:$B,MATCH(B35,[1]文本!$A:$A,0)) -> 居合斩精通 | D35: TID_Survivor_Achievement_Des_300151 | E35: =INDEX([1]文本!$B:$B,MATCH(D35,[1]文本!$A:$A,0)) -> 获得一次强化战法：<color=#ffc766>裂空</color> | F35: 3 | H35: 3 | I35: icon_achievement | J35: icon_ordinary_107 | K35: obtainSkillInSurvivalGame{skillId:100151, count:1} | M35: 10
A36: 300251 | B36: TID_Survivor_Achievement_Name_300251 | C36: =INDEX([1]文本!$B:$B,MATCH(B36,[1]文本!$A:$A,0)) -> 飞刀术精通 | D36: TID_Survivor_Achievement_Des_300251 | E36: =INDEX([1]文本!$B:$B,MATCH(D36,[1]文本!$A:$A,0)) -> 获得一次强化战法：<color=#ffc766>银瀑</color> | F36: 3 | H36: 3 | I36: icon_achievement | J36: icon_ordinary_121 | K36: obtainSkillInSurvivalGame{skillId:100251, count:1} | M36: 10
A37: 300351 | B37: TID_Survivor_Achievement_Name_300351 | C37: =INDEX([1]文本!$B:$B,MATCH(B37,[1]文本!$A:$A,0)) -> 收割者精通 | D37: TID_Survivor_Achievement_Des_300351 | E37: =INDEX([1]文本!$B:$B,MATCH(D37,[1]文本!$A:$A,0)) -> 获得一次强化战法：<color=#ffc766>死亡轮舞</color> | F37: 3 | H37: 3 | I37: icon_achievement | J37: icon_ordinary_088 | K37: obtainSkillInSurvivalGame{skillId:100351, count:1} | M37: 10
A38: 300451 | B38: TID_Survivor_Achievement_Name_300451 | C38: =INDEX([1]文本!$B:$B,MATCH(B38,[1]文本!$A:$A,0)) -> 冰霜投石精通 | D38: TID_Survivor_Achievement_Des_300451 | E38: =INDEX([1]文本!$B:$B,MATCH(D38,[1]文本!$A:$A,0)) -> 获得一次强化战法：<color=#ffc766>雪葬</color> | F38: 3 | H38: 3 | I38: icon_achievement | J38: icon_ordinary_033 | K38: obtainSkillInSurvivalGame{skillId:100451, count:1} | M38: 10
A39: 300551 | B39: TID_Survivor_Achievement_Name_300551 | C39: =INDEX([1]文本!$B:$B,MATCH(B39,[1]文本!$A:$A,0)) -> 火壶抛掷精通 | D39: TID_Survivor_Achievement_Des_300551 | E39: =INDEX([1]文本!$B:$B,MATCH(D39,[1]文本!$A:$A,0)) -> 获得一次强化战法：<color=#ffc766>凤陨</color> | F39: 3 | H39: 3 | I39: icon_achievement | J39: icon_ordinary_014 | K39: obtainSkillInSurvivalGame{skillId:100551, count:1} | M39: 10
A40: 300651 | B40: TID_Survivor_Achievement_Name_300651 | C40: =INDEX([1]文本!$B:$B,MATCH(B40,[1]文本!$A:$A,0)) -> 舷炮齐射精通 | D40: TID_Survivor_Achievement_Des_300651 | E40: =INDEX([1]文本!$B:$B,MATCH(D40,[1]文本!$A:$A,0)) -> 获得一次强化战法：<color=#ffc766>毁灭绽放</color> | F40: 3 | H40: 3 | I40: icon_achievement | J40: icon_ordinary_005 | K40: obtainSkillInSurvivalGame{skillId:100651, count:1} | M40: 10
A41: 300751 | B41: TID_Survivor_Achievement_Name_300751 | C41: =INDEX([1]文本!$B:$B,MATCH(B41,[1]文本!$A:$A,0)) -> 军威领域精通 | D41: TID_Survivor_Achievement_Des_300751 | E41: =INDEX([1]文本!$B:$B,MATCH(D41,[1]文本!$A:$A,0)) -> 获得一次强化战法：<color=#ffc766>暴君之国</color> | F41: 3 | H41: 3 | I41: icon_achievement | J41: icon_ordinary_045 | K41: obtainSkillInSurvivalGame{skillId:100751, count:1} | M41: 10
A42: 300851 | B42: TID_Survivor_Achievement_Name_300851 | C42: =INDEX([1]文本!$B:$B,MATCH(B42,[1]文本!$A:$A,0)) -> 讨罪经文精通 | D42: TID_Survivor_Achievement_Des_300851 | E42: =INDEX([1]文本!$B:$B,MATCH(D42,[1]文本!$A:$A,0)) -> 获得一次强化战法：<color=#ffc766>天罚律令</color> | F42: 3 | H42: 3 | I42: icon_achievement | J42: icon_ordinary_103 | K42: obtainSkillInSurvivalGame{skillId:100851, count:1} | M42: 10
A43: 300951 | B43: TID_Survivor_Achievement_Name_300951 | C43: =INDEX([1]文本!$B:$B,MATCH(B43,[1]文本!$A:$A,0)) -> 断钢斩精通 | D43: TID_Survivor_Achievement_Des_300951 | E43: =INDEX([1]文本!$B:$B,MATCH(D43,[1]文本!$A:$A,0)) -> 获得一次强化战法：<color=#ffc766>德古拉之吻</color> | F43: 3 | H43: 3 | I43: icon_achievement | J43: icon_ordinary_082 | K43: obtainSkillInSurvivalGame{skillId:100951, count:1} | M43: 10
A44: 301051 | B44: TID_Survivor_Achievement_Name_301051 | C44: =INDEX([1]文本!$B:$B,MATCH(B44,[1]文本!$A:$A,0)) -> 蔷薇之箭精通 | D44: TID_Survivor_Achievement_Des_301051 | E44: =INDEX([1]文本!$B:$B,MATCH(D44,[1]文本!$A:$A,0)) -> 获得一次强化战法：<color=#ffc766>王权金箭</color> | F44: 3 | H44: 3 | I44: icon_achievement | J44: icon_ordinary_080 | K44: obtainSkillInSurvivalGame{skillId:101051, count:1} | M44: 10 | N44: 32 | O44: icon_g_survivalskill | P44: icon_survivalskill_hong_011a | Q44: TID_Survivor_Unlock_Draw_5 | R44: 解锁约瑟芬的战法<color=#ffc766>蔷薇之箭</color>的升级获取途径，使用其他英雄也可在战地幸存者挑战时获取 | S44: 101006
A45: 301151 | B45: TID_Survivor_Achievement_Name_301151 | C45: =INDEX([1]文本!$B:$B,MATCH(B45,[1]文本!$A:$A,0)) -> 鸢尾炮击精通 | D45: TID_Survivor_Achievement_Des_301151 | E45: =INDEX([1]文本!$B:$B,MATCH(D45,[1]文本!$A:$A,0)) -> 获得一次强化战法：<color=#ffc766>神圣之光</color> | F45: 3 | H45: 3 | I45: icon_achievement | J45: icon_ordinary_068 | K45: obtainSkillInSurvivalGame{skillId:101151, count:1} | M45: 10 | N45: 32 | O45: icon_g_survivalskill | P45: icon_survivalskill_hong_010a | Q45: TID_Survivor_Unlock_Draw_1 | R45: 解锁贞德的战法<color=#ffc766>鸢尾炮击</color>的升级获取途径，使用其他英雄也可在战地幸存者挑战时获取 | S45: 101106
A46: 301251 | B46: TID_Survivor_Achievement_Name_301251 | C46: =INDEX([1]文本!$B:$B,MATCH(B46,[1]文本!$A:$A,0)) -> 王权护佑精通 | D46: TID_Survivor_Achievement_Des_301251 | E46: =INDEX([1]文本!$B:$B,MATCH(D46,[1]文本!$A:$A,0)) -> 获得一次强化战法：<color=#ffc766>至高护佑</color> | F46: 3 | H46: 3 | I46: icon_achievement | J46: icon_ordinary_027 | K46: obtainSkillInSurvivalGame{skillId:101251, count:1} | M46: 10 | N46: 32 | O46: icon_g_survivalskill | P46: icon_survivalskill_hong_012a | Q46: TID_Survivor_Unlock_Draw_4 | R46: 解锁大流士一世的战法<color=#ffc766>王权护佑</color>的升级获取途径，使用其他英雄也可在战地幸存者挑战时获取 | S46: 101206
A47: 301351 | B47: TID_Survivor_Achievement_Name_110018 | C47: 欺星逐月精通 | D47: TID_Survivor_Achievement_Des_110018 | E47: =INDEX([1]文本!$B:$B,MATCH(D47,[1]文本!$A:$A,0)) -> 获得一次强化战法：<color=#ffc766>弦月连射</color> | F47: 3 | H47: 3 | I47: icon_achievement | J47: icon_ordinary_119 | K47: obtainSkillInSurvivalGame{skillId:101351, count:1} | M47: 10 | N47: 32 | O47: icon_g_survivalskill | P47: icon_survivalskill_hong_015a | Q47: TID_Survivor_Unlock_Draw_2 | R47: 解锁花木兰的战法<color=#ffc766>飞燕之箭</color>的升级获取途径，使用其他英雄也可在战地幸存者挑战时获取 | S47: 101306
A48: 301451 | B48: TID_Survivor_Achievement_Name_110019 | C48: 不屈战魂精通 | D48: TID_Survivor_Achievement_Des_110019 | E48: =INDEX([1]文本!$B:$B,MATCH(D48,[1]文本!$A:$A,0)) -> 获得一次强化战法：<color=#ffc766>破阵之盾</color> | F48: 3 | H48: 3 | I48: icon_achievement | J48: icon_ordinary_119 | K48: obtainSkillInSurvivalGame{skillId:101451, count:1} | M48: 10 | N48: 32 | O48: icon_g_survivalskill | P48: icon_survivalskill_hong_013a | Q48: TID_Survivor_Unlock_Draw_3 | R48: 解锁列奥尼达的战法<color=#ffc766>坚毅之盾</color>的升级获取途径，使用其他英雄也可在战地幸存者挑战时获取 | S48: 101406
A49: 301551 | B49: TID_Survivor_Achievement_Name_110020 | C49: 野蛮冲撞精通 | D49: TID_Survivor_Achievement_Des_110020 | E49: =INDEX([1]文本!$B:$B,MATCH(D49,[1]文本!$A:$A,0)) -> 获得一次强化战法：<color=#ffc766>狂野突袭</color> | F49: 3 | H49: 3 | I49: icon_achievement | J49: icon_ordinary_119 | K49: obtainSkillInSurvivalGame{skillId:101551, count:1} | M49: 10
A50: 301651 | B50: TID_Survivor_Achievement_Name_301351 | C50: 无畏刻痕精通 | D50: TID_Survivor_Achievement_Des_301351 | E50: 获得一次强化战法：<color=#ffc766>死亡铭刻</color> | F50: 3 | H50: 3 | I50: icon_achievement | J50: icon_ordinary_153 | K50: obtainSkillInSurvivalGame{skillId:101651, count:1} | M50: 10 | N50: 32 | O50: icon_g_survivalskill | P50: icon_survivalskill_hong_016a | Q50: TID_Survivor_Unlock_Draw_6 | R50: 解锁理查一世的战法<color=#ffc766>无畏刻痕</color>的升级获取途径，使用其他英雄也可在战地幸存者挑战时获取 | S50: 101606
A51: 400299 | B51: TID_Survivor_Achievement_Name_400299 | C51: =INDEX([1]文本!$B:$B,MATCH(B51,[1]文本!$A:$A,0)) -> 边境探秘 I | D51: TID_Survivor_Achievement_Des_400299 | E51: =INDEX([1]文本!$B:$B,MATCH(D51,[1]文本!$A:$A,0)) -> 通关第[%d1]章野蛮边陲的<color=#ffc766>挑战模式</color> | F51: 99 | H51: 4 | I51: icon_achievement | J51: icon_advanced_04 | K51: winSurvivalGame{levelId:1099, count:1} | N51: 4 | O51: ui_g_icon | P51: pic_g_achievement_02 | Q51: TID_Survivor_Achievement_Unlock_1
A52: 400399 | B52: TID_Survivor_Achievement_Name_400399 | C52: =INDEX([1]文本!$B:$B,MATCH(B52,[1]文本!$A:$A,0)) -> 沙漠探秘 I | D52: TID_Survivor_Achievement_Des_400399 | E52: =INDEX([1]文本!$B:$B,MATCH(D52,[1]文本!$A:$A,0)) -> 通关第[%d1]章死亡荒漠的<color=#ffc766>挑战模式</color> | F52: 1 | H52: 4 | I52: icon_achievement | J52: icon_ordinary_006 | K52: winSurvivalGame{levelId:20991, count:1} | M52: 50 | N52: 4 | O52: ui_g_icon | P52: pic_g_achievement_02 | Q52: TID_Survivor_Achievement_Unlock_1 | R52: 在战地幸存者挑战时，解锁<color=#ffc766>主动技</color>功能，可以通过击败敌人积攒能量后使用主动技。
A53: 400499 | B53: TID_Survivor_Achievement_Name_400499 | C53: =INDEX([1]文本!$B:$B,MATCH(B53,[1]文本!$A:$A,0)) -> 斗兽场探秘 I | D53: TID_Survivor_Achievement_Des_400499 | E53: =INDEX([1]文本!$B:$B,MATCH(D53,[1]文本!$A:$A,0)) -> 在挑战模式中，找到隐藏在<color=#ffc766>斗兽场</color>的<color=#ffc766>无尽臂环</color> | F53: 5 | H53: 5 | I53: icon_achievement | J53: icon_ordinary_015 | K53: pickItemsInSurvivalGame{itemId:200701, count:1} | M53: 100 | N53: 31 | O53: icon_g_survivalskill | P53: icon_survivalskill_lan_010a | Q53: TID_Survivor_Achievement_Unlock_8 | R53: 解锁圣物：<color=#ffc766>无尽臂环</color>，可以在战地幸存者挑战时使用 | S53: 200701
A54: 400599 | B54: TID_Survivor_Achievement_Name_400599 | C54: =INDEX([1]文本!$B:$B,MATCH(B54,[1]文本!$A:$A,0)) -> 金字塔探秘 I | D54: TID_Survivor_Achievement_Des_400599 | E54: =INDEX([1]文本!$B:$B,MATCH(D54,[1]文本!$A:$A,0)) -> 在挑战模式中，找到隐藏在<color=#ffc766>金字塔</color>的<color=#ffc766>金币之握</color> | F54: 5 | H54: 5 | I54: icon_achievement | J54: icon_ordinary_015 | K54: pickItemsInSurvivalGame{itemId:201101, count:1} | M54: 100 | N54: 31 | O54: icon_g_survivalskill | P54: icon_survivalskill_lan_011a | Q54: TID_Survivor_Achievement_Unlock_9 | R54: 解锁圣物：<color=#ffc766>金币之握</color>，可以在战地幸存者挑战时使用 | S54: 201101
A55: 400699 | B55: TID_Survivor_Achievement_Name_400699 | C55: =INDEX([1]文本!$B:$B,MATCH(B55,[1]文本!$A:$A,0)) -> 狮身人面像探秘 I | D55: TID_Survivor_Achievement_Des_400699 | E55: =INDEX([1]文本!$B:$B,MATCH(D55,[1]文本!$A:$A,0)) -> 在挑战模式中，找到隐藏在<color=#ffc766>狮身人面像</color>的<color=#ffc766>拂晓金冠</color> | F55: 5 | H55: 5 | I55: icon_achievement | J55: icon_ordinary_015 | K55: pickItemsInSurvivalGame{itemId:200401, count:1} | M55: 100 | N55: 31 | O55: icon_g_survivalskill | P55: icon_survivalskill_lan_003a | Q55: TID_Survivor_Achievement_Unlock_10 | R55: 解锁圣物：<color=#ffc766>拂晓金冠</color>，可以在战地幸存者挑战时使用 | S55: 200401
A56: 400799 | B56: TID_Survivor_Achievement_Name_110023 | C56: 拂晓金冠 | D56: TID_Survivor_Achievement_Des_110023 | E56: =INDEX([1]文本!$B:$B,MATCH(D56,[1]文本!$A:$A,0)) -> 在挑战模式中，找到隐藏在<color=#ffc766>金字塔</color>的<color=#ffc766>拂晓金冠</color> | F56: 99 | H56: 5 | I56: icon_achievement | J56: icon_ordinary_015 | K56: winSurvivalGame{levelId:7099, count:1}
A57: 500001 | B57: TID_Survivor_Achievement_Name_110021 | C57: 挑战初探 | D57: TID_Survivor_Achievement_Des_110021 | E57: =INDEX([1]文本!$B:$B,MATCH(D57,[1]文本!$A:$A,0)) -> 参与<color=#ffc766>[%d1]</color>次挑战模式 | F57: 1 | H57: 3 | I57: icon_achievement | J57: icon_ordinary_015 | K57: finishSurvivalGame{bonusLevel:YNA_Yes, playTimeSec:1, count:1} | M57: 10
A58: 500002 | B58: TID_Survivor_Achievement_Name_110022 | C58: 生存挑战 | D58: TID_Survivor_Achievement_Des_110022 | E58: =INDEX([1]文本!$B:$B,MATCH(D58,[1]文本!$A:$A,0)) -> 在挑战模式中存活<color=#ffc766>[%d1]</color>分钟 | F58: 1 | H58: 4 | I58: icon_achievement | J58: icon_ordinary_015 | K58: finishSurvivalGame{bonusLevel:YNA_Yes, playTimeSec:600, count:1} | M58: 30
A59: 500003 | B59: TID_Survivor_Achievement_Name_110026 | C59: 战法大师 | D59: TID_Survivor_Achievement_Des_110026 | E59: =INDEX([1]文本!$B:$B,MATCH(D59,[1]文本!$A:$A,0)) -> 获得<color=#ffc766>[%d1]</color>次强化战法 | F59: 3 | H59: 3 | I59: icon_achievement | J59: icon_ordinary_005 | K59: obtainSkillInSurvivalGame{quality:SGSQ_Advance, count:1} | M59: 10 | N59: 2 | O59: icon_g_survivalheroskill | P59: icon_survivalheroskill_019 | Q59: TID_Survivor_Achievement_Unlock_2 | R59: 解锁大流士一世的主动技：<color=#ffc766>万王之王</color>
A60: 500004 | B60: TID_Survivor_Achievement_Name_110029 | C60: 潜能激发 | D60: TID_Survivor_Achievement_Des_110029 | E60: =INDEX([1]文本!$B:$B,MATCH(D60,[1]文本!$A:$A,0)) -> 任意<color=#ffc766>[%d1]</color>个被动技能升至满级 | F60: 3 | H60: 3 | I60: icon_achievement | J60: icon_ordinary_005 | K60: obtainSkillInSurvivalGame{type: SGST_Passive , isMaxLv:true , count: 1} | M60: 10
A61: 500005 | B61: TID_Survivor_Achievement_Name_110030 | C61: 初次尝试主将技 | D61: TID_Survivor_Achievement_Des_110030 | E61: =INDEX([1]文本!$B:$B,MATCH(D61,[1]文本!$A:$A,0)) -> 单局游戏中使用<color=#ffc766>[%d1]</color>次主动技 | F61: 3 | H61: 3 | I61: icon_achievement | J61: icon_ordinary_006 | K61: useMainHeroSkillInSurvivalGame{count:1} | M61: 10
A62: 500006 | B62: TID_Survivor_Achievement_Name_110031 | C62: 主将技使用精通 | D62: TID_Survivor_Achievement_Des_110031 | E62: =INDEX([1]文本!$B:$B,MATCH(D62,[1]文本!$A:$A,0)) -> 单局游戏中使用<color=#ffc766>[%d1]</color>次主动技 | F62: 3 | H62: 4 | I62: icon_achievement | J62: icon_ordinary_006 | K62: useMainHeroSkillInSurvivalGame{count:2} | M62: 30
A63: 500007 | B63: TID_Survivor_Achievement_Name_110032 | C63: 强化战法大师 | D63: TID_Survivor_Achievement_Des_110032 | E63: =INDEX([1]文本!$B:$B,MATCH(D63,[1]文本!$A:$A,0)) -> 同时获得<color=#ffc766>[%d1]</color>个任意强化战法 | F63: 3 | H63: 4 | I63: icon_achievement | J63: icon_ordinary_005 | K63: obtainSkillInSurvivalGame{quality:SGSQ_Advance, count:2} | M63: 30 | N63: 2 | O63: icon_g_survivalheroskill | P63: icon_survivalheroskill_042 | Q63: TID_Survivor_Achievement_Unlock_14 | R63: 解锁理查一世的主动技：<color=#ffc766>狮心护佑</color>
A64: 500008 | B64: TID_Survivor_Achievement_Name_110033 | C64: 双重潜能 | D64: TID_Survivor_Achievement_Des_110033 | E64: =INDEX([1]文本!$B:$B,MATCH(D64,[1]文本!$A:$A,0)) -> 同时获得<color=#ffc766>[%d1]</color>个任意满级被动技能 | F64: 3 | H64: 4 | I64: icon_achievement | J64: icon_ordinary_005 | K64: obtainSkillInSurvivalGame{type: SGST_Passive , isMaxLv:true , count: 2} | M64: 50
A65: 500009 | B65: TID_Survivor_Achievement_Name_110034 | C65: 三重潜能 | D65: TID_Survivor_Achievement_Des_110034 | E65: =INDEX([1]文本!$B:$B,MATCH(D65,[1]文本!$A:$A,0)) -> 同时获得<color=#ffc766>[%d1]</color>个任意满级被动技能 | F65: 3 | H65: 5 | I65: icon_achievement | J65: icon_ordinary_005 | K65: obtainSkillInSurvivalGame{type: SGST_Passive , isMaxLv:true , count: 3} | M65: 100
A66: 500010 | B66: TID_Survivor_Achievement_Name_110035 | C66: 续命一次 | D66: TID_Survivor_Achievement_Des_110035 | E66: =INDEX([1]文本!$B:$B,MATCH(D66,[1]文本!$A:$A,0)) -> 拾取<color=#ffc766>[%d1]</color>次<color=#ffc766>治疗药剂</color> | F66: 1 | H66: 3 | I66: icon_achievement | J66: icon_ordinary_026 | K66: pickItemsInSurvivalGame{itemId:11, count:1} | M66: 10
A67: 500011 | B67: TID_Survivor_Achievement_Name_110036 | C67: 炸弹狂人 | D67: TID_Survivor_Achievement_Des_110036 | E67: =INDEX([1]文本!$B:$B,MATCH(D67,[1]文本!$A:$A,0)) -> 拾取<color=#ffc766>[%d1]</color>次<color=#ffc766>炸药桶</color> | F67: 1 | H67: 3 | I67: icon_achievement | J67: icon_ordinary_127 | K67: pickItemsInSurvivalGame{itemId:9, count:1} | M67: 10
A68: 500012 | B68: TID_Survivor_Achievement_Name_110037 | C68: 智慧的宝藏 | D68: TID_Survivor_Achievement_Des_110037 | E68: =INDEX([1]文本!$B:$B,MATCH(D68,[1]文本!$A:$A,0)) -> 拾取<color=#ffc766>[%d1]</color>次<color=#ffc766>经验之书</color> | F68: 1 | H68: 3 | I68: icon_achievement | J68: icon_ordinary_013 | K68: pickItemsInSurvivalGame{itemId:1, count:1} | M68: 10
A69: 500013 | B69: TID_Survivor_Achievement_Name_110038 | C69: 生生不息 | D69: TID_Survivor_Achievement_Des_110038 | E69: =INDEX([1]文本!$B:$B,MATCH(D69,[1]文本!$A:$A,0)) -> 累计拾取<color=#ffc766>[%d1]</color>个<color=#ffc766>治疗药剂</color> | F69: 1 | H69: 4 | I69: icon_achievement | J69: icon_ordinary_026 | K69: pickItemsInSurvivalGame{itemId:11, count:10} | M69: 30 | N69: 2 | O69: icon_g_survivalheroskill | P69: icon_survivalheroskill_013 | Q69: TID_Survivor_Achievement_Unlock_12 | R69: 解锁列奥尼达的主动技：<color=#ffc766>温泉关战神</color>
A70: 500014 | B70: TID_Survivor_Achievement_Name_110039 | C70: 知识就是力量 | D70: TID_Survivor_Achievement_Des_110039 | E70: =INDEX([1]文本!$B:$B,MATCH(D70,[1]文本!$A:$A,0)) -> 累计拾取<color=#ffc766>[%d1]</color>个<color=#ffc766>经验之书</color> | F70: 1 | H70: 4 | I70: icon_achievement | J70: icon_ordinary_013 | K70: pickItemsInSurvivalGame{itemId:1, count:10} | M70: 30
A71: 500015 | B71: TID_Survivor_Achievement_Name_110040 | C71: 财富积累者 I | D71: TID_Survivor_Achievement_Des_110040 | E71: =INDEX([1]文本!$B:$B,MATCH(D71,[1]文本!$A:$A,0)) -> 累计获取<color=#ffc766>[%d1]</color>枚金币 | F71: 2 | H71: 3 | I71: icon_achievement | J71: icon_ordinary_024 | K71: obtainOrConsumeCoinsInSurvivalGame{isObtain:true , count:100} | M71: 10
A72: 500016 | B72: TID_Survivor_Achievement_Name_110041 | C72: 财富积累者 II | D72: TID_Survivor_Achievement_Des_110041 | E72: =INDEX([1]文本!$B:$B,MATCH(D72,[1]文本!$A:$A,0)) -> 累计获取<color=#ffc766>[%d1]</color>枚金币 | F72: 2 | H72: 3 | I72: icon_achievement | J72: icon_ordinary_024 | K72: obtainOrConsumeCoinsInSurvivalGame{isObtain:true , count:2000} | M72: 30
A73: 500017 | B73: TID_Survivor_Achievement_Name_110042 | C73: 财富积累者 III | D73: TID_Survivor_Achievement_Des_110042 | E73: =INDEX([1]文本!$B:$B,MATCH(D73,[1]文本!$A:$A,0)) -> 累计获取<color=#ffc766>[%d1]</color>枚金币 | F73: 2 | H73: 4 | I73: icon_achievement | J73: icon_ordinary_025 | K73: obtainOrConsumeCoinsInSurvivalGame{isObtain:true , count:5000} | M73: 50
A74: 500018 | B74: TID_Survivor_Achievement_Name_110043 | C74: 财富积累者 IIII | D74: TID_Survivor_Achievement_Des_110043 | E74: =INDEX([1]文本!$B:$B,MATCH(D74,[1]文本!$A:$A,0)) -> 累计获取<color=#ffc766>[%d1]</color>枚金币 | F74: 2 | H74: 5 | I74: icon_achievement | J74: icon_ordinary_025 | K74: obtainOrConsumeCoinsInSurvivalGame{isObtain:true , count:20000} | M74: 100
A75: 500019 | B75: TID_Survivor_Achievement_Name_110048 | C75: 生存老手 | D75: TID_Survivor_Achievement_Des_110048 | E75: =INDEX([1]文本!$B:$B,MATCH(D75,[1]文本!$A:$A,0)) -> 局内幸存者等级达到<color=#ffc766>[%d1]</color>级 | F75: 2 | H75: 3 | I75: icon_achievement | J75: icon_ordinary_042 | K75: finishSurvivalGame{inGameLevel :15, count:1} | M75: 10
A76: 500020 | B76: TID_Survivor_Achievement_Name_110049 | C76: 生存达人 | D76: TID_Survivor_Achievement_Des_110049 | E76: =INDEX([1]文本!$B:$B,MATCH(D76,[1]文本!$A:$A,0)) -> 局内幸存者等级达到<color=#ffc766>[%d1]</color>级 | F76: 2 | H76: 4 | I76: icon_achievement | J76: icon_ordinary_042 | K76: finishSurvivalGame{inGameLevel :30, count:1} | M76: 30
A77: 500021 | B77: TID_Survivor_Achievement_Name_110050 | C77: 巅峰之路 I | D77: TID_Survivor_Achievement_Des_110050 | E77: =INDEX([1]文本!$B:$B,MATCH(D77,[1]文本!$A:$A,0)) -> 解锁<color=#ffc766>[%d1]</color>次任意天赋 | F77: 2 | H77: 3 | I77: icon_achievement | J77: icon_ordinary_148 | K77: unlockTalentInSurvivalGame{count:1} | M77: 10
A78: 500022 | B78: TID_Survivor_Achievement_Name_110051 | C78: 巅峰之路 II | D78: TID_Survivor_Achievement_Des_110051 | E78: =INDEX([1]文本!$B:$B,MATCH(D78,[1]文本!$A:$A,0)) -> 解锁<color=#ffc766>[%d1]</color>次任意天赋 | F78: 2 | H78: 3 | I78: icon_achievement | J78: icon_ordinary_148 | K78: unlockTalentInSurvivalGame{count:10} | M78: 30
A79: 500023 | B79: TID_Survivor_Achievement_Name_110052 | C79: 巅峰之路 III | D79: TID_Survivor_Achievement_Des_110052 | E79: =INDEX([1]文本!$B:$B,MATCH(D79,[1]文本!$A:$A,0)) -> 解锁<color=#ffc766>[%d1]</color>次任意天赋 | F79: 2 | H79: 4 | I79: icon_achievement | J79: icon_ordinary_148 | K79: unlockTalentInSurvivalGame{count:25} | M79: 50
A80: 600011 | B80: TID_Survivor_Achievement_Name_600011 | C80: 死亡荒漠挑战者 I | D80: TID_Survivor_Achievement_Des_600011 | E80: 通关第[%d1]章死亡荒漠的<color=#ffc766>挑战模式</color>的普通难度并达到<color=#ffc766>[%d2]</color>挑战积分 | F80: 1 | H80: 1 | I80: icon_achievement | J80: icon_ordinary_148 | K80: survivalLevelScore{levelId :20991, score : 9000} | M80: 5 | N80: 4 | O80: ui_g_icon | P80: pic_g_achievement_03 | Q80: TID_Survivor_Achievement_Unlock_13 | R80: 挂机固定收益增加
A81: 600111 | B81: TID_Survivor_Achievement_Name_600011_1 | C81: 死亡荒漠征服者 I | D81: TID_Survivor_Achievement_Des_600011_1 | E81: 通关第[%d1]章死亡荒漠的<color=#ffc766>挑战模式</color>的普通难度并达到<color=#ffc766>[%d2]</color>挑战积分 | F81: 1 | H81: 1 | I81: icon_achievement | J81: icon_ordinary_148 | K81: survivalLevelScore{levelId :20991, score : 13000} | M81: 10 | N81: 4 | O81: ui_g_icon | P81: pic_g_achievement_04 | Q81: TID_Survivor_Achievement_Unlock_13 | R81: 挂机固定收益增加
A82: 600021 | B82: TID_Survivor_Achievement_Name_600021 | C82: 竞技场挑战者 I | D82: TID_Survivor_Achievement_Des_600021 | E82: 通关第[%d1]章竞技场的<color=#ffc766>挑战模式</color>的普通难度并达到<color=#ffc766>[%d2]</color>挑战积分 | F82: 1 | H82: 1 | I82: icon_achievement | J82: icon_ordinary_148 | K82: survivalLevelScore{levelId :30991, score : 8000} | M82: 5 | N82: 4 | O82: ui_g_icon | P82: pic_g_achievement_03 | Q82: TID_Survivor_Achievement_Unlock_13 | R82: 挂机固定收益增加
A83: 600121 | B83: TID_Survivor_Achievement_Name_600021_1 | C83: 竞技场征服者 I | D83: TID_Survivor_Achievement_Des_600021_1 | E83: 通关第[%d1]章竞技场的<color=#ffc766>挑战模式</color>的普通难度并达到<color=#ffc766>[%d2]</color>挑战积分 | F83: 1 | H83: 1 | I83: icon_achievement | J83: icon_ordinary_148 | K83: survivalLevelScore{levelId :30991, score : 11000} | M83: 10 | N83: 4 | O83: ui_g_icon | P83: pic_g_achievement_04 | Q83: TID_Survivor_Achievement_Unlock_13 | R83: 挂机固定收益增加
A84: 600031 | B84: TID_Survivor_Achievement_Name_600031 | C84: 金字塔挑战者 I | D84: TID_Survivor_Achievement_Des_600031 | E84: 通关第[%d1]章金字塔的<color=#ffc766>挑战模式</color>的普通难度并达到<color=#ffc766>[%d2]</color>挑战积分 | F84: 1 | H84: 1 | I84: icon_achievement | J84: icon_ordinary_148 | K84: survivalLevelScore{levelId :40991, score : 9500} | M84: 5 | N84: 4 | O84: ui_g_icon | P84: pic_g_achievement_03 | Q84: TID_Survivor_Achievement_Unlock_13 | R84: 挂机固定收益增加
A85: 600131 | B85: TID_Survivor_Achievement_Name_600031_1 | C85: 金字塔征服者 I | D85: TID_Survivor_Achievement_Des_600031_1 | E85: 通关第[%d1]章金字塔的<color=#ffc766>挑战模式</color>的普通难度并达到<color=#ffc766>[%d2]</color>挑战积分 | F85: 1 | H85: 1 | I85: icon_achievement | J85: icon_ordinary_148 | K85: survivalLevelScore{levelId :40991, score : 13500} | M85: 10 | N85: 4 | O85: ui_g_icon | P85: pic_g_achievement_04 | Q85: TID_Survivor_Achievement_Unlock_13 | R85: 挂机固定收益增加
A86: 600041 | B86: TID_Survivor_Achievement_Name_600041 | C86: 狮身人面像挑战者 I | D86: TID_Survivor_Achievement_Des_600041 | E86: 通关第[%d1]章狮身人面像的<color=#ffc766>挑战模式</color>的普通难度并达到<color=#ffc766>[%d2]</color>挑战积分 | F86: 1 | H86: 1 | I86: icon_achievement | J86: icon_ordinary_148 | K86: survivalLevelScore{levelId :50991, score : 9500} | M86: 5 | N86: 4 | O86: ui_g_icon | P86: pic_g_achievement_03 | Q86: TID_Survivor_Achievement_Unlock_13 | R86: 挂机固定收益增加
A87: 600141 | B87: TID_Survivor_Achievement_Name_600041_1 | C87: 狮身人面像征服者 I | D87: TID_Survivor_Achievement_Des_600041_1 | E87: 通关第[%d1]章狮身人面像的<color=#ffc766>挑战模式</color>的普通难度并达到<color=#ffc766>[%d2]</color>挑战积分 | F87: 1 | H87: 1 | I87: icon_achievement | J87: icon_ordinary_148 | K87: survivalLevelScore{levelId :50991, score : 13500} | M87: 10 | N87: 4 | O87: ui_g_icon | P87: pic_g_achievement_04 | Q87: TID_Survivor_Achievement_Unlock_13 | R87: 挂机固定收益增加
A88: 600012 | B88: TID_Survivor_Achievement_Name_600012 | C88: 死亡荒漠挑战者 II | D88: TID_Survivor_Achievement_Des_600012 | E88: 通关第[%d1]章死亡荒漠的<color=#ffc766>挑战模式</color>的困难难度并达到<color=#ffc766>[%d2]</color>挑战积分 | F88: 1 | H88: 2 | I88: icon_achievement | J88: icon_ordinary_148 | K88: survivalLevelScore{levelId :20992, score : 20000} | M88: 10 | N88: 4 | O88: ui_g_icon | P88: pic_g_achievement_03 | Q88: TID_Survivor_Achievement_Unlock_13 | R88: 挂机固定收益增加
A89: 600112 | B89: TID_Survivor_Achievement_Name_600012_1 | C89: 死亡荒漠征服者 II | D89: TID_Survivor_Achievement_Des_600012_1 | E89: 通关第[%d1]章死亡荒漠的<color=#ffc766>挑战模式</color>的困难难度并达到<color=#ffc766>[%d2]</color>挑战积分 | F89: 1 | H89: 2 | I89: icon_achievement | J89: icon_ordinary_148 | K89: survivalLevelScore{levelId :20992, score : 27000} | M89: 30 | N89: 4 | O89: ui_g_icon | P89: pic_g_achievement_04 | Q89: TID_Survivor_Achievement_Unlock_13 | R89: 挂机固定收益增加
A90: 600022 | B90: TID_Survivor_Achievement_Name_600022 | C90: 竞技场挑战者 II | D90: TID_Survivor_Achievement_Des_600022 | E90: 通关第[%d1]章竞技场的<color=#ffc766>挑战模式</color>的困难难度并达到<color=#ffc766>[%d2]</color>挑战积分 | F90: 1 | H90: 2 | I90: icon_achievement | J90: icon_ordinary_148 | K90: survivalLevelScore{levelId :30992, score : 18000} | M90: 10 | N90: 4 | O90: ui_g_icon | P90: pic_g_achievement_03 | Q90: TID_Survivor_Achievement_Unlock_13 | R90: 挂机固定收益增加
A91: 600122 | B91: TID_Survivor_Achievement_Name_600022_1 | C91: 竞技场征服者 II | D91: TID_Survivor_Achievement_Des_600022_1 | E91: 通关第[%d1]章竞技场的<color=#ffc766>挑战模式</color>的困难难度并达到<color=#ffc766>[%d2]</color>挑战积分 | F91: 1 | H91: 2 | I91: icon_achievement | J91: icon_ordinary_148 | K91: survivalLevelScore{levelId :30992, score : 24000} | M91: 30 | N91: 4 | O91: ui_g_icon | P91: pic_g_achievement_04 | Q91: TID_Survivor_Achievement_Unlock_13 | R91: 挂机固定收益增加
... A103: 600143 | B103: TID_Survivor_Achievement_Name_600043_1 | C103: 狮身人面像征服者 III | D103: TID_Survivor_Achievement_Des_600043_1 | E103: 通关第[%d1]章狮身人面像的<color=#ffc766>挑战模式</color>的专家难度并达到<color=#ffc766>[%d2]</color>挑战积分 | F103: 1 | H103: 3 | I103: icon_achievement | J103: icon_ordinary_148 | K103: survivalLevelScore{levelId :50993, score : 40500} | M103: 50 | N103: 4 | O103: ui_g_icon | P103: pic_g_achievement_04 | Q103: TID_Survivor_Achievement_Unlock_13 | R103: 挂机固定收益增加
A104: 600014 | B104: TID_Survivor_Achievement_Name_600014 | C104: 死亡荒漠挑战者 Ⅳ | D104: TID_Survivor_Achievement_Des_600014 | E104: 通关第[%d1]章死亡荒漠的<color=#ffc766>挑战模式</color>的大师难度并达到<color=#ffc766>[%d2]</color>挑战积分 | F104: 1 | H104: 4 | I104: icon_achievement | J104: icon_ordinary_148 | K104: survivalLevelScore{levelId :20994, score : 36000} | M104: 50 | N104: 4 | O104: ui_g_icon | P104: pic_g_achievement_03 | Q104: TID_Survivor_Achievement_Unlock_13 | R104: 挂机固定收益增加 | U104: 条件与 | V104: featureUnlock{featureId: 3016}
A105: 600114 | B105: TID_Survivor_Achievement_Name_600014_1 | C105: 死亡荒漠征服者 Ⅳ | D105: TID_Survivor_Achievement_Des_600014_1 | E105: 通关第[%d1]章死亡荒漠的<color=#ffc766>挑战模式</color>的大师难度并达到<color=#ffc766>[%d2]</color>挑战积分 | F105: 1 | H105: 4 | I105: icon_achievement | J105: icon_ordinary_148 | K105: survivalLevelScore{levelId :20994, score : 52000} | M105: 50 | N105: 4 | O105: ui_g_icon | P105: pic_g_achievement_04 | Q105: TID_Survivor_Achievement_Unlock_13 | R105: 挂机固定收益增加 | U105: 条件与 | V105: featureUnlock{featureId: 3016}
A106: 600024 | B106: TID_Survivor_Achievement_Name_600024 | C106: 竞技场挑战者 Ⅳ | D106: TID_Survivor_Achievement_Des_600024 | E106: 通关第[%d1]章竞技场的<color=#ffc766>挑战模式</color>的大师难度并达到<color=#ffc766>[%d2]</color>挑战积分 | F106: 1 | H106: 4 | I106: icon_achievement | J106: icon_ordinary_148 | K106: survivalLevelScore{levelId :30994, score : 32000} | M106: 50 | N106: 4 | O106: ui_g_icon | P106: pic_g_achievement_03 | Q106: TID_Survivor_Achievement_Unlock_13 | R106: 挂机固定收益增加 | U106: 条件与 | V106: featureUnlock{featureId: 3016}
A107: 600124 | B107: TID_Survivor_Achievement_Name_600024_1 | C107: 竞技场征服者 Ⅳ | D107: TID_Survivor_Achievement_Des_600024_1 | E107: 通关第[%d1]章竞技场的<color=#ffc766>挑战模式</color>的大师难度并达到<color=#ffc766>[%d2]</color>挑战积分 | F107: 1 | H107: 4 | I107: icon_achievement | J107: icon_ordinary_148 | K107: survivalLevelScore{levelId :30994, score : 44000} | M107: 50 | N107: 4 | O107: ui_g_icon | P107: pic_g_achievement_04 | Q107: TID_Survivor_Achievement_Unlock_13 | R107: 挂机固定收益增加 | U107: 条件与 | V107: featureUnlock{featureId: 3016}
A108: 600034 | B108: TID_Survivor_Achievement_Name_600034 | C108: 金字塔挑战者 Ⅳ | D108: TID_Survivor_Achievement_Des_600034 | E108: 通关第[%d1]章金字塔的<color=#ffc766>挑战模式</color>的大师难度并达到<color=#ffc766>[%d2]</color>挑战积分 | F108: 1 | H108: 4 | I108: icon_achievement | J108: icon_ordinary_148 | K108: survivalLevelScore{levelId :40994, score : 38000} | M108: 50 | N108: 4 | O108: ui_g_icon | P108: pic_g_achievement_03 | Q108: TID_Survivor_Achievement_Unlock_13 | R108: 挂机固定收益增加 | U108: 条件与 | V108: featureUnlock{featureId: 3016}
A109: 600134 | B109: TID_Survivor_Achievement_Name_600034_1 | C109: 金字塔征服者 Ⅳ | D109: TID_Survivor_Achievement_Des_600034_1 | E109: 通关第[%d1]章金字塔的<color=#ffc766>挑战模式</color>的大师难度并达到<color=#ffc766>[%d2]</color>挑战积分 | F109: 1 | H109: 4 | I109: icon_achievement | J109: icon_ordinary_148 | K109: survivalLevelScore{levelId :40994, score : 54000} | M109: 50 | N109: 4 | O109: ui_g_icon | P109: pic_g_achievement_04 | Q109: TID_Survivor_Achievement_Unlock_13 | R109: 挂机固定收益增加 | U109: 条件与 | V109: featureUnlock{featureId: 3016}
A110: 600044 | B110: TID_Survivor_Achievement_Name_600044 | C110: 狮身人面像挑战者 Ⅳ | D110: TID_Survivor_Achievement_Des_600044 | E110: 通关第[%d1]章狮身人面像的<color=#ffc766>挑战模式</color>的大师难度并达到<color=#ffc766>[%d2]</color>挑战积分 | F110: 1 | H110: 4 | I110: icon_achievement | J110: icon_ordinary_148 | K110: survivalLevelScore{levelId :50994, score : 38000} | M110: 50 | N110: 4 | O110: ui_g_icon | P110: pic_g_achievement_03 | Q110: TID_Survivor_Achievement_Unlock_13 | R110: 挂机固定收益增加 | U110: 条件与 | V110: featureUnlock{featureId: 3016}
A111: 600144 | B111: TID_Survivor_Achievement_Name_600044_1 | C111: 狮身人面像征服者 Ⅳ | D111: TID_Survivor_Achievement_Des_600044_1 | E111: 通关第[%d1]章狮身人面像的<color=#ffc766>挑战模式</color>的大师难度并达到<color=#ffc766>[%d2]</color>挑战积分 | F111: 1 | H111: 4 | I111: icon_achievement | J111: icon_ordinary_148 | K111: survivalLevelScore{levelId :50994, score : 54000} | M111: 50 | N111: 4 | O111: ui_g_icon | P111: pic_g_achievement_04 | Q111: TID_Survivor_Achievement_Unlock_13 | R111: 挂机固定收益增加 | U111: 条件与 | V111: featureUnlock{featureId: 3016}
...

Sheet 成就点配置
A1: convert(ResSurvival.proto,table_SurvivalAccomplishmentPointConf,SurvivalAccomplishmentPointConf.pbin)
A2: 成就等级 | B2: 成就点上限 | C2: 奖励id
A3: level | B3: pointUpper | C3: rewardId
A4: 1 | B4: 60 | C4: 6609601
A5: 2 | B5: 150 | C5: 6609602
A6: 3 | B6: 270 | C6: 6609603
A7: 4 | B7: 400 | C7: 6609604
A8: 5 | B8: 540 | C8: 6609605
A9: 6 | B9: 700 | C9: 6609606
A10: 7 | B10: 870 | C10: 6609607
A11: 8 | B11: 1100 | C11: 6609608
A12: 9 | B12: 1340 | C12: 6609609
A13: 10 | B13: 1600 | C13: 6609610
A14: 11 | B14: 1900 | C14: 6609611
A15: 12 | B15: 2250 | C15: 6609612
... A18: 15 | B18: 3600 | C18: 6609615

Sheet 成就页签配置
A1: convert(ResSurvival.proto,table_SurvivalAccomplishmentCategoryConf,SurvivalAccomplishmentCategoryConf.pbin)
A2: 页签ID | B2: TID | C2: 名称文本 | D2: 备注 | E2: 解锁条件配置 | F2: 解锁条件配置1 | G2: 解锁条件配置2
A3: id | B3: name | E3: unlockCond.conditionRelation | F3: unlockCond.conditions[1].condOneOf | G3: unlockCond.conditions[2].condOneOf
A4: 1 | B4: TID_Survivor_Achievement_Sheet_2 | C4: 战斗挑战 | D4: 战斗相关成就 | E4: 条件与 | F4: alwaysTrue{}
A5: 2 | B5: TID_Survivor_Achievement_Sheet_4 | C5: 英雄历练 | D5: 英雄相关成就 | E5: 条件与 | F5: alwaysTrue{}
A6: 3 | B6: TID_Survivor_Achievement_Sheet_3 | C6: 战法大师 | D6: 技能相关成就 | E6: 条件与 | F6: alwaysTrue{}
A7: 4 | B7: TID_Survivor_Achievement_Sheet_6 | C7: 天赋成长 | D7: 天赋金币相关 | E7: 条件与 | F7: alwaysFalse{}
A8: 5 | B8: TID_Survivor_Achievement_Sheet_5 | C8: 战地探索 | D8: 寻宝系统成就 | E8: 条件与 | F8: gameLevel{level: 3004}
A9: 6 | B9: TID_Survivor_Achievement_Sheet_7 | C9: 帝国赐福 | D9: 塔罗牌相关 | E9: 条件与 | F9: gameLevel{level: 5001} | G9: featureUnlock{featureId: 3016}
A10: 99 | B10: TID_Survivor_Achievement_Sheet_0 | C10: 隐藏成就 | D10: 不开放的成就 | E10: 条件与 | F10: alwaysFalse{}
